Ranking,TP,NG,TC,TM,IG,Custo Inicial,Custo Médio,Melhor Custo,Pior Custo,Desvio Padrão,Ganho Médio (%),Tempo Médio (s),Solução Inicial,Solução Final
1,100,200,0.8,0.8,0.1,2273,922.1,867,979,29.04,59.43,1.3179,"[41, 7, 0, 5, 1, 33, 45, 10, 43, 48, 28, 30, 17, 26, 9, 23, 39, 32, 31, 3, 44, 46, 2, 4, 20, 15, 14, 25, 37, 42, 13, 27, 6, 8, 36, 38, 11, 35, 18, 49, 21, 47, 19, 16, 29, 40, 34, 24, 22, 12]","[18, 18, 41, 43, 48, 32, 27, 38, 33, 40, 44, 7, 4, 2, 29, 42, 6, 23, 45, 5, 14, 39, 11, 46, 1, 36, 24, 37, 31, 34, 16, 19, 26, 28, 6, 25, 8, 9, 21, 3, 20, 10, 0, 30, 17, 49, 22, 12, 13, 15]"
2,50,200,0.5,0.8,0.1,2273,930.05,869,1017,36.35,59.08,0.6377,"[41, 7, 0, 5, 1, 33, 45, 10, 43, 48, 28, 30, 17, 26, 9, 23, 39, 32, 31, 3, 44, 46, 2, 4, 20, 15, 14, 25, 37, 42, 13, 27, 6, 8, 36, 38, 11, 35, 18, 49, 21, 47, 19, 16, 29, 40, 34, 24, 22, 12]","[11, 46, 19, 23, 47, 14, 48, 45, 12, 1, 0, 30, 10, 25, 5, 13, 15, 36, 32, 2, 49, 35, 22, 41, 38, 33, 16, 34, 44, 37, 29, 24, 27, 18, 39, 28, 21, 31, 42, 6, 8, 9, 43, 40, 7, 4, 3, 20, 26, 17]"
3,100,200,0.2,0.8,0.7,2273,933.75,864,981,31.44,58.92,1.2543,"[41, 7, 0, 5, 1, 33, 45, 10, 43, 48, 28, 30, 17, 26, 9, 23, 39, 32, 31, 3, 44, 46, 2, 4, 20, 15, 14, 25, 37, 42, 13, 27, 6, 8, 36, 38, 11, 35, 18, 49, 21, 47, 19, 16, 29, 40, 34, 24, 22, 12]","[26, 43, 0, 30, 13, 23, 45, 42, 7, 4, 2, 47, 9, 14, 17, 11, 41, 6, 34, 16, 44, 37, 31, 10, 27, 8, 29, 24, 48, 3, 1, 28, 32, 15, 36, 38, 33, 35, 18, 49, 25, 5, 20, 46, 40, 39, 22, 19, 12, 21]"
4,100,200,0.5,0.8,0.1,2273,934.55,896,1012,32.3,58.88,1.3007,"[41, 7, 0, 5, 1, 33, 45, 10, 43, 48, 28, 30, 17, 26, 9, 23, 39, 32, 31, 3, 44, 46, 2, 4, 20, 15, 14, 25, 37, 42, 13, 27, 6, 8, 36, 38, 11, 35, 18, 49, 21, 47, 19, 16, 29, 40, 34, 24, 22, 12]","[41, 44, 0, 5, 1, 36, 20, 10, 18, 37, 2, 9, 14, 47, 8, 29, 24, 16, 22, 38, 28, 6, 48, 3, 7, 33, 40, 39, 35, 13, 11, 46, 12, 43, 4, 21, 19, 26, 17, 49, 23, 45, 42, 30, 27, 34, 31, 25, 32, 15]"
5,100,200,0.2,0.8,0.1,2273,936.0,858,1035,40.69,58.82,1.2587,"[41, 7, 0, 5, 1, 33, 45, 10, 43, 48, 28, 30, 17, 26, 9, 23, 39, 32, 31, 3, 44, 46, 2, 4, 20, 15, 14, 25, 37, 42, 13, 27, 6, 8, 36, 38, 11, 35, 18, 49, 21, 47, 19, 16, 29, 40, 34, 24, 22, 12]","[35, 7, 0, 5, 1, 33, 45, 23, 43, 48, 34, 30, 17, 14, 42, 46, 39, 29, 19, 4, 3, 11, 2, 49, 40, 44, 38, 32, 28, 18, 37, 36, 47, 13, 27, 22, 12, 31, 24, 16, 15, 41, 6, 25, 8, 9, 20, 10, 21, 26]"
6,10,200,0.8,0.8,0.7,2469,1023.5,950,1105,40.08,58.55,0.1236,"[44, 35, 6, 14, 5, 24, 33, 8, 17, 2, 16, 7, 31, 10, 39, 34, 26, 23, 38, 43, 12, 45, 0, 18, 30, 19, 1, 3, 40, 46, 9, 47, 22, 41, 32, 20, 37, 49, 48, 11, 42, 29, 4, 27, 13, 28, 21, 36, 15, 25]","[44, 35, 5, 3, 20, 1, 33, 8, 43, 2, 21, 26, 14, 48, 47, 34, 7, 39, 29, 4, 49, 46, 28, 42, 30, 19, 12, 0, 40, 16, 18, 45, 22, 38, 23, 13, 6, 37, 9, 17, 11, 31, 10, 27, 15, 36, 24, 25, 32, 41]"
7,100,200,0.8,0.8,0.7,2273,945.8,901,1058,43.41,58.39,1.3132,"[41, 7, 0, 5, 1, 33, 45, 10, 43, 48, 28, 30, 17, 26, 9, 23, 39, 32, 31, 3, 44, 46, 2, 4, 20, 15, 14, 25, 37, 42, 13, 27, 6, 8, 36, 38, 11, 35, 18, 49, 21, 47, 19, 16, 29, 40, 34, 24, 22, 12]","[26, 18, 41, 33, 46, 28, 42, 6, 32, 15, 2, 47, 9, 34, 44, 48, 24, 38, 4, 49, 12, 36, 39, 22, 40, 14, 8, 29, 7, 0, 30, 25, 13, 37, 19, 3, 27, 5, 31, 10, 11, 35, 20, 43, 1, 17, 21, 45, 23, 16]"
8,10,200,0.2,0.8,0.7,2469,1030.65,964,1094,35.64,58.26,0.1218,"[44, 35, 6, 14, 5, 24, 33, 8, 17, 2, 16, 7, 31, 10, 39, 34, 26, 23, 38, 43, 12, 45, 0, 18, 30, 19, 1, 3, 40, 46, 9, 47, 22, 41, 32, 20, 37, 49, 48, 11, 42, 29, 4, 27, 13, 28, 21, 36, 15, 25]","[44, 35, 15, 32, 5, 20, 14, 8, 10, 7, 45, 42, 31, 18, 39, 19, 3, 36, 41, 43, 1, 30, 49, 23, 38, 17, 12, 0, 40, 46, 37, 47, 22, 27, 9, 34, 16, 33, 48, 24, 25, 29, 4, 11, 13, 6, 2, 21, 26, 28]"
9,50,200,0.2,0.8,0.7,2273,949.7,885,1006,31.84,58.22,0.6262,"[41, 7, 0, 5, 1, 33, 45, 10, 43, 48, 28, 30, 17, 26, 9, 23, 39, 32, 31, 3, 44, 46, 2, 4, 20, 15, 14, 25, 37, 42, 13, 27, 6, 8, 36, 38, 11, 35, 18, 49, 21, 47, 19, 16, 29, 40, 34, 24, 22, 12]","[41, 43, 0, 5, 1, 33, 8, 10, 7, 3, 20, 47, 9, 24, 25, 14, 23, 29, 34, 30, 44, 37, 2, 4, 13, 15, 26, 17, 46, 27, 38, 48, 45, 42, 36, 32, 11, 35, 18, 49, 21, 28, 6, 16, 19, 12, 31, 39, 22, 40]"
10,50,200,0.5,0.8,0.7,2273,954.5,866,1051,41.71,58.01,0.6352,"[41, 7, 0, 5, 1, 33, 45, 10, 43, 48, 28, 30, 17, 26, 9, 23, 39, 32, 31, 3, 44, 46, 2, 4, 20, 15, 14, 25, 37, 42, 13, 27, 6, 8, 36, 38, 11, 35, 18, 49, 21, 47, 19, 16, 29, 40, 34, 24, 22, 12]","[34, 7, 33, 22, 1, 0, 20, 10, 15, 32, 28, 21, 9, 14, 17, 11, 45, 46, 39, 3, 44, 37, 18, 25, 48, 4, 49, 47, 27, 8, 30, 31, 24, 42, 35, 5, 13, 6, 2, 29, 41, 43, 40, 16, 19, 23, 26, 36, 38, 12]"
11,50,200,0.2,0.8,0.1,2273,956.0,844,1044,48.03,57.94,0.6283,"[41, 7, 0, 5, 1, 33, 45, 10, 43, 48, 28, 30, 17, 26, 9, 23, 39, 32, 31, 3, 44, 46, 2, 4, 20, 15, 14, 25, 37, 42, 13, 27, 6, 8, 36, 38, 11, 35, 18, 49, 21, 47, 19, 16, 29, 40, 34, 24, 22, 12]","[41, 7, 0, 5, 3, 11, 20, 10, 25, 48, 12, 30, 17, 14, 9, 43, 26, 40, 39, 28, 23, 1, 2, 4, 6, 34, 44, 27, 37, 47, 13, 15, 32, 8, 36, 38, 33, 35, 18, 49, 21, 19, 16, 46, 29, 24, 45, 42, 31, 22]"
12,50,200,0.8,0.8,0.7,2273,957.0,895,1019,31.59,57.9,0.6465,"[41, 7, 0, 5, 1, 33, 45, 10, 43, 48, 28, 30, 17, 26, 9, 23, 39, 32, 31, 3, 44, 46, 2, 4, 20, 15, 14, 25, 37, 42, 13, 27, 6, 8, 36, 38, 11, 35, 18, 49, 21, 47, 19, 16, 29, 40, 34, 24, 22, 12]","[41, 43, 0, 5, 1, 33, 45, 42, 7, 48, 12, 30, 27, 27, 8, 9, 21, 46, 19, 3, 44, 37, 2, 47, 13, 23, 32, 25, 20, 10, 40, 14, 11, 31, 36, 38, 26, 35, 18, 49, 29, 24, 17, 28, 6, 34, 16, 15, 39, 22]"
13,50,200,0.8,0.8,0.1,2273,958.35,891,1020,37.15,57.84,0.651,"[41, 7, 0, 5, 1, 33, 45, 10, 43, 48, 28, 30, 17, 26, 9, 23, 39, 32, 31, 3, 44, 46, 2, 4, 20, 15, 14, 25, 37, 42, 13, 27, 6, 8, 36, 38, 11, 35, 18, 49, 21, 47, 19, 16, 29, 40, 34, 24, 22, 12]","[41, 7, 0, 5, 1, 33, 45, 38, 25, 14, 3, 20, 32, 48, 47, 23, 16, 2, 4, 13, 27, 34, 30, 21, 10, 15, 36, 44, 37, 11, 46, 40, 6, 8, 9, 43, 42, 35, 18, 49, 28, 24, 17, 29, 19, 26, 12, 31, 39, 22]"
14,100,200,0.5,0.8,0.7,2273,960.2,859,1053,49.72,57.76,1.2933,"[41, 7, 0, 5, 1, 33, 45, 10, 43, 48, 28, 30, 17, 26, 9, 23, 39, 32, 31, 3, 44, 46, 2, 4, 20, 15, 14, 25, 37, 42, 13, 27, 6, 8, 36, 38, 11, 35, 18, 49, 21, 47, 19, 16, 29, 40, 34, 24, 22, 12]","[21, 7, 0, 20, 1, 33, 45, 22, 39, 3, 29, 41, 15, 8, 9, 23, 43, 11, 31, 30, 44, 37, 2, 4, 13, 28, 6, 25, 35, 5, 14, 48, 32, 42, 36, 38, 26, 10, 18, 49, 40, 47, 24, 27, 34, 16, 46, 17, 19, 12]"
15,10,200,0.5,0.8,0.7,2469,1043.15,889,1122,51.19,57.75,0.1228,"[44, 35, 6, 14, 5, 24, 33, 8, 17, 2, 16, 7, 31, 10, 39, 34, 26, 23, 38, 43, 12, 45, 0, 18, 30, 19, 1, 3, 40, 46, 9, 47, 22, 41, 32, 20, 37, 49, 48, 11, 42, 29, 4, 27, 13, 28, 21, 36, 15, 25]","[42, 6, 37, 36, 8, 10, 40, 39, 18, 25, 32, 44, 48, 47, 13, 23, 38, 33, 16, 43, 30, 49, 34, 7, 24, 19, 2, 29, 4, 12, 31, 45, 22, 1, 21, 41, 15, 26, 17, 11, 0, 14, 35, 27, 9, 20, 46, 5, 3, 28]"
16,100,200,0.8,0.2,0.7,2273,971.65,908,1086,44.83,57.25,1.277,"[41, 7, 0, 5, 1, 33, 45, 10, 43, 48, 28, 30, 17, 26, 9, 23, 39, 32, 31, 3, 44, 46, 2, 4, 20, 15, 14, 25, 37, 42, 13, 27, 6, 8, 36, 38, 11, 35, 18, 49, 21, 47, 19, 16, 29, 40, 34, 24, 22, 12]","[41, 7, 0, 5, 30, 37, 47, 22, 20, 10, 21, 46, 28, 24, 9, 15, 2, 14, 17, 13, 6, 1, 42, 35, 3, 44, 38, 25, 32, 45, 2, 27, 34, 23, 43, 11, 31, 39, 18, 49, 8, 29, 19, 16, 4, 33, 48, 12, 36, 40]"
17,100,200,0.2,0.2,0.1,2273,973.3,908,1026,30.63,57.18,1.23,"[41, 7, 0, 5, 1, 33, 45, 10, 43, 48, 28, 30, 17, 26, 9, 23, 39, 32, 31, 3, 44, 46, 2, 4, 20, 15, 14, 25, 37, 42, 13, 27, 6, 8, 36, 38, 11, 35, 18, 49, 21, 47, 19, 16, 29, 40, 34, 24, 22, 12]","[41, 7, 4, 5, 1, 33, 45, 20, 43, 48, 14, 23, 42, 30, 40, 2, 34, 11, 35, 13, 37, 31, 32, 15, 36, 38, 28, 6, 16, 18, 19, 12, 0, 26, 10, 21, 46, 3, 27, 8, 9, 39, 29, 24, 17, 25, 44, 49, 47, 22]"
18,100,100,0.2,0.8,0.7,2273,974.1,868,1035,31.82,57.14,0.6321,"[41, 7, 0, 5, 1, 33, 45, 10, 43, 48, 28, 30, 17, 26, 9, 23, 39, 32, 31, 3, 44, 46, 2, 4, 20, 15, 14, 25, 37, 42, 13, 27, 6, 8, 36, 38, 11, 35, 18, 49, 21, 47, 19, 16, 29, 40, 34, 24, 22, 12]","[41, 7, 0, 30, 13, 33, 45, 46, 43, 4, 2, 47, 9, 14, 38, 23, 42, 34, 31, 16, 44, 37, 26, 10, 27, 8, 29, 24, 48, 3, 1, 28, 32, 15, 36, 17, 11, 35, 18, 6, 25, 5, 20, 49, 40, 39, 22, 19, 12, 21]"
19,100,100,0.8,0.8,0.1,2273,974.95,906,1051,37.38,57.11,0.6659,"[41, 7, 0, 5, 1, 33, 45, 10, 43, 48, 28, 30, 17, 26, 9, 23, 39, 32, 31, 3, 44, 46, 2, 4, 20, 15, 14, 25, 37, 42, 13, 27, 6, 8, 36, 38, 11, 35, 18, 49, 21, 47, 19, 16, 29, 40, 34, 24, 22, 12]","[18, 18, 41, 33, 48, 32, 27, 38, 43, 40, 44, 7, 4, 2, 29, 42, 47, 23, 45, 5, 14, 39, 11, 46, 1, 36, 6, 37, 31, 34, 16, 19, 26, 28, 24, 25, 8, 9, 35, 3, 20, 10, 0, 30, 17, 49, 22, 12, 13, 15]"
20,100,200,0.2,0.2,0.0,2273,975.6,874,1138,55.8,57.08,1.2272,"[41, 7, 0, 5, 1, 33, 45, 10, 43, 48, 28, 30, 17, 26, 9, 23, 39, 32, 31, 3, 44, 46, 2, 4, 20, 15, 14, 25, 37, 42, 13, 27, 6, 8, 36, 38, 11, 35, 18, 49, 21, 47, 19, 16, 29, 40, 34, 24, 22, 12]","[41, 7, 0, 5, 1, 33, 45, 20, 43, 26, 28, 44, 6, 48, 47, 34, 30, 37, 9, 8, 10, 11, 42, 35, 46, 12, 36, 17, 2, 49, 40, 19, 4, 3, 29, 16, 15, 32, 27, 14, 23, 21, 31, 24, 38, 39, 18, 25, 13, 22]"
21,100,200,0.8,0.2,0.0,2273,975.7,915,1113,48.65,57.07,1.2777,"[41, 7, 0, 5, 1, 33, 45, 10, 43, 48, 28, 30, 17, 26, 9, 23, 39, 32, 31, 3, 44, 46, 2, 4, 20, 15, 14, 25, 37, 42, 13, 27, 6, 8, 36, 38, 11, 35, 18, 49, 21, 47, 19, 16, 29, 40, 34, 24, 22, 12]","[25, 14, 48, 45, 5, 41, 36, 33, 42, 6, 26, 40, 19, 12, 43, 31, 13, 23, 38, 47, 17, 46, 28, 44, 7, 39, 15, 32, 2, 4, 3, 11, 0, 8, 9, 49, 34, 30, 21, 10, 27, 35, 18, 37, 29, 16, 22, 20, 1, 24]"
22,100,200,0.5,0.2,0.0,2273,976.95,909,1038,30.78,57.02,1.2723,"[41, 7, 0, 5, 1, 33, 45, 10, 43, 48, 28, 30, 17, 26, 9, 23, 39, 32, 31, 3, 44, 46, 2, 4, 20, 15, 14, 25, 37, 42, 13, 27, 6, 8, 36, 38, 11, 35, 18, 49, 21, 47, 19, 16, 29, 40, 34, 24, 22, 12]","[48, 45, 8, 13, 38, 33, 47, 9, 20, 24, 42, 34, 17, 21, 31, 10, 27, 32, 37, 2, 6, 25, 14, 22, 30, 44, 0, 41, 15, 39, 29, 7, 4, 11, 46, 19, 12, 43, 1, 36, 40, 16, 18, 49, 23, 26, 35, 5, 28, 3]"
23,100,200,0.5,0.2,0.1,2273,980.6,913,1041,35.41,56.86,1.2688,"[41, 7, 0, 5, 1, 33, 45, 10, 43, 48, 28, 30, 17, 26, 9, 23, 39, 32, 31, 3, 44, 46, 2, 4, 20, 15, 14, 25, 37, 42, 13, 27, 6, 8, 36, 38, 11, 35, 18, 49, 21, 47, 19, 16, 29, 40, 34, 24, 22, 12]","[41, 7, 4, 18, 1, 11, 20, 10, 15, 26, 28, 24, 17, 29, 42, 36, 39, 16, 19, 3, 44, 45, 12, 43, 2, 25, 32, 0, 8, 9, 30, 13, 6, 37, 23, 38, 33, 35, 5, 49, 21, 46, 40, 14, 48, 47, 27, 34, 31, 22]"
24,100,200,0.5,0.2,0.7,2273,981.25,877,1076,45.06,56.83,1.2659,"[41, 7, 0, 5, 1, 33, 45, 10, 43, 48, 28, 30, 17, 26, 9, 23, 39, 32, 31, 3, 44, 46, 2, 4, 20, 15, 14, 25, 37, 42, 13, 27, 6, 8, 36, 38, 11, 35, 18, 49, 21, 47, 19, 16, 29, 40, 34, 24, 22, 12]","[42, 44, 0, 5, 1, 33, 45, 20, 43, 48, 47, 23, 37, 2, 21, 3, 34, 30, 19, 11, 41, 7, 4, 26, 10, 15, 32, 25, 14, 17, 13, 27, 8, 9, 36, 38, 39, 35, 18, 49, 28, 6, 16, 46, 29, 22, 40, 12, 31, 24]"
25,100,200,0.2,0.2,0.7,2273,981.7,900,1054,39.86,56.81,1.2295,"[41, 7, 0, 5, 1, 33, 45, 10, 43, 48, 28, 30, 17, 26, 9, 23, 39, 32, 31, 3, 44, 46, 2, 4, 20, 15, 14, 25, 37, 42, 13, 27, 6, 8, 36, 38, 11, 35, 18, 49, 21, 47, 19, 16, 29, 40, 34, 24, 22, 12]","[41, 43, 0, 5, 1, 2, 26, 10, 21, 40, 33, 46, 37, 25, 13, 15, 36, 11, 35, 20, 47, 34, 30, 31, 42, 44, 38, 28, 6, 8, 29, 7, 4, 3, 17, 12, 48, 32, 24, 27, 9, 14, 23, 39, 16, 19, 18, 49, 45, 22]"
26,10,200,0.2,0.8,0.1,2469,1070.8,931,1184,63.33,56.63,0.1222,"[44, 35, 6, 14, 5, 24, 33, 8, 17, 2, 16, 7, 31, 10, 39, 34, 26, 23, 38, 43, 12, 45, 0, 18, 30, 19, 1, 3, 40, 46, 9, 47, 22, 41, 32, 20, 37, 49, 48, 11, 42, 29, 4, 27, 13, 28, 21, 36, 15, 25]","[11, 45, 2, 49, 21, 26, 17, 5, 14, 35, 27, 8, 9, 18, 39, 3, 41, 43, 20, 46, 12, 23, 1, 36, 6, 33, 48, 22, 30, 10, 15, 28, 42, 32, 25, 13, 37, 31, 34, 7, 0, 40, 19, 47, 24, 16, 44, 38, 29, 4]"
27,10,200,0.5,0.8,0.1,2469,1071.9,966,1197,55.44,56.59,0.1241,"[44, 35, 6, 14, 5, 24, 33, 8, 17, 2, 16, 7, 31, 10, 39, 34, 26, 23, 38, 43, 12, 45, 0, 18, 30, 19, 1, 3, 40, 46, 9, 47, 22, 41, 32, 20, 37, 49, 48, 11, 42, 29, 4, 27, 13, 28, 21, 36, 15, 25]","[34, 30, 19, 2, 47, 22, 40, 44, 6, 33, 45, 46, 29, 24, 42, 6, 37, 23, 39, 35, 20, 12, 21, 31, 10, 9, 15, 16, 18, 7, 48, 14, 17, 28, 11, 32, 0, 49, 5, 3, 27, 43, 4, 38, 25, 8, 13, 36, 41, 1]"
28,100,100,0.8,0.8,0.7,2273,987.6,916,1062,34.79,56.55,0.6651,"[41, 7, 0, 5, 1, 33, 45, 10, 43, 48, 28, 30, 17, 26, 9, 23, 39, 32, 31, 3, 44, 46, 2, 4, 20, 15, 14, 25, 37, 42, 13, 27, 6, 8, 36, 38, 11, 35, 18, 49, 21, 47, 19, 16, 29, 40, 34, 24, 22, 12]","[26, 18, 41, 33, 46, 28, 42, 6, 32, 15, 2, 47, 9, 34, 44, 48, 24, 38, 4, 49, 12, 36, 39, 22, 40, 14, 8, 29, 7, 0, 30, 25, 13, 37, 19, 3, 27, 5, 31, 10, 11, 35, 20, 43, 1, 17, 21, 45, 23, 16]"
29,10,200,0.8,0.8,0.1,2469,1074.6,976,1161,50.76,56.48,0.1241,"[44, 35, 6, 14, 5, 24, 33, 8, 17, 2, 16, 7, 31, 10, 39, 34, 26, 23, 38, 43, 12, 45, 0, 18, 30, 19, 1, 3, 40, 46, 9, 47, 22, 41, 32, 20, 37, 49, 48, 11, 42, 29, 4, 27, 13, 28, 21, 36, 15, 25]","[44, 7, 0, 46, 5, 12, 48, 32, 2, 9, 30, 19, 13, 15, 16, 18, 45, 23, 29, 43, 35, 4, 6, 34, 39, 3, 1, 33, 40, 14, 42, 27, 22, 38, 28, 21, 37, 31, 36, 24, 25, 17, 49, 47, 8, 20, 26, 10, 11, 41]"
30,50,100,0.2,0.8,0.7,2273,989.35,923,1050,36.79,56.47,0.2974,"[41, 7, 0, 5, 1, 33, 45, 10, 43, 48, 28, 30, 17, 26, 9, 23, 39, 32, 31, 3, 44, 46, 2, 4, 20, 15, 14, 25, 37, 42, 13, 27, 6, 8, 36, 38, 11, 35, 18, 49, 21, 47, 19, 16, 29, 40, 34, 24, 22, 12]","[41, 43, 0, 5, 1, 33, 8, 10, 7, 3, 20, 47, 9, 24, 25, 14, 23, 29, 34, 16, 44, 37, 2, 4, 13, 15, 26, 17, 46, 27, 32, 48, 45, 42, 36, 38, 11, 35, 18, 49, 21, 28, 6, 30, 19, 12, 31, 39, 22, 40]"
31,100,100,0.5,0.8,0.1,2273,990.7,906,1094,42.14,56.41,0.638,"[41, 7, 0, 5, 1, 33, 45, 10, 43, 48, 28, 30, 17, 26, 9, 23, 39, 32, 31, 3, 44, 46, 2, 4, 20, 15, 14, 25, 37, 42, 13, 27, 6, 8, 36, 38, 11, 35, 18, 49, 21, 47, 19, 16, 29, 40, 34, 24, 22, 12]","[41, 7, 0, 5, 1, 36, 20, 10, 18, 4, 2, 9, 43, 39, 35, 29, 24, 16, 22, 38, 28, 6, 48, 3, 44, 42, 40, 14, 8, 13, 11, 46, 12, 30, 21, 37, 19, 26, 17, 49, 23, 45, 33, 47, 27, 34, 31, 25, 32, 15]"
32,100,100,0.5,0.8,0.7,2273,992.05,896,1070,41.68,56.36,0.638,"[41, 7, 0, 5, 1, 33, 45, 10, 43, 48, 28, 30, 17, 26, 9, 23, 39, 32, 31, 3, 44, 46, 2, 4, 20, 15, 14, 25, 37, 42, 13, 27, 6, 8, 36, 38, 11, 35, 18, 49, 21, 47, 19, 16, 29, 40, 34, 24, 22, 12]","[21, 7, 0, 20, 1, 33, 45, 22, 39, 3, 29, 41, 15, 8, 9, 23, 43, 11, 31, 30, 44, 37, 2, 4, 13, 28, 6, 25, 35, 5, 14, 48, 32, 42, 36, 38, 26, 10, 18, 49, 40, 47, 24, 27, 34, 16, 46, 17, 19, 12]"
33,100,200,0.8,0.2,0.1,2273,993.8,920,1097,47.6,56.28,1.2759,"[41, 7, 0, 5, 1, 33, 45, 10, 43, 48, 28, 30, 17, 26, 9, 23, 39, 32, 31, 3, 44, 46, 2, 4, 20, 15, 14, 25, 37, 42, 13, 27, 6, 8, 36, 38, 11, 35, 18, 49, 21, 47, 19, 16, 29, 40, 34, 24, 22, 12]","[40, 7, 0, 41, 33, 4, 45, 8, 20, 10, 21, 31, 39, 28, 46, 17, 11, 24, 19, 26, 18, 1, 42, 35, 3, 44, 38, 32, 48, 47, 13, 27, 37, 9, 43, 12, 34, 30, 2, 49, 23, 16, 15, 36, 6, 25, 5, 14, 29, 22]"
34,50,200,0.8,0.2,0.1,2273,996.35,916,1120,51.26,56.17,0.6249,"[41, 7, 0, 5, 1, 33, 45, 10, 43, 48, 28, 30, 17, 26, 9, 23, 39, 32, 31, 3, 44, 46, 2, 4, 20, 15, 14, 25, 37, 42, 13, 27, 6, 8, 36, 38, 11, 35, 18, 49, 21, 47, 19, 16, 29, 40, 34, 24, 22, 12]","[48, 7, 0, 5, 1, 11, 13, 27, 14, 22, 42, 30, 17, 21, 9, 34, 16, 46, 3, 28, 44, 31, 39, 4, 2, 47, 24, 25, 41, 38, 29, 43, 32, 15, 36, 8, 33, 35, 18, 49, 40, 6, 37, 19, 12, 23, 45, 20, 26, 10]"
35,100,100,0.2,0.8,0.1,2273,998.05,931,1059,31.95,56.09,0.6335,"[41, 7, 0, 5, 1, 33, 45, 10, 43, 48, 28, 30, 17, 26, 9, 23, 39, 32, 31, 3, 44, 46, 2, 4, 20, 15, 14, 25, 37, 42, 13, 27, 6, 8, 36, 38, 11, 35, 18, 49, 21, 47, 19, 16, 29, 40, 34, 24, 22, 12]","[35, 7, 0, 5, 1, 33, 45, 23, 43, 48, 34, 30, 17, 14, 42, 32, 39, 29, 19, 4, 3, 11, 2, 49, 40, 44, 38, 18, 28, 46, 37, 9, 47, 13, 27, 22, 12, 31, 24, 16, 15, 41, 6, 25, 8, 36, 20, 10, 21, 26]"
36,50,100,0.8,0.8,0.7,2273,1001.3,944,1055,30.54,55.95,0.3065,"[41, 7, 0, 5, 1, 33, 45, 10, 43, 48, 28, 30, 17, 26, 9, 23, 39, 32, 31, 3, 44, 46, 2, 4, 20, 15, 14, 25, 37, 42, 13, 27, 6, 8, 36, 38, 11, 35, 18, 49, 21, 47, 19, 16, 29, 40, 34, 24, 22, 12]","[41, 43, 0, 5, 1, 33, 45, 42, 7, 48, 12, 30, 27, 27, 9, 15, 21, 46, 8, 3, 44, 37, 2, 47, 13, 23, 32, 25, 20, 10, 40, 14, 11, 31, 36, 38, 26, 35, 18, 49, 29, 24, 17, 28, 6, 34, 16, 22, 39, 19]"
37,50,200,0.2,0.2,0.7,2273,1001.4,940,1105,42.95,55.94,0.611,"[41, 7, 0, 5, 1, 33, 45, 10, 43, 48, 28, 30, 17, 26, 9, 23, 39, 32, 31, 3, 44, 46, 2, 4, 20, 15, 14, 25, 37, 42, 13, 27, 6, 8, 36, 38, 11, 35, 18, 49, 21, 47, 19, 16, 29, 40, 34, 24, 22, 12]","[26, 18, 0, 5, 1, 33, 8, 10, 25, 48, 4, 6, 44, 37, 9, 43, 2, 21, 31, 46, 17, 13, 7, 28, 20, 47, 14, 39, 3, 42, 30, 27, 15, 41, 36, 38, 23, 32, 11, 24, 45, 22, 40, 16, 19, 12, 34, 49, 35, 29]"
38,50,200,0.5,0.2,0.0,2273,1005.5,916,1094,47.25,55.76,0.6186,"[41, 7, 0, 5, 1, 33, 45, 10, 43, 48, 28, 30, 17, 26, 9, 23, 39, 32, 31, 3, 44, 46, 2, 4, 20, 15, 14, 25, 37, 42, 13, 27, 6, 8, 36, 38, 11, 35, 18, 49, 21, 47, 19, 16, 29, 40, 34, 24, 22, 12]","[29, 7, 4, 5, 1, 11, 45, 20, 22, 39, 15, 28, 44, 27, 9, 14, 48, 34, 3, 47, 17, 13, 30, 19, 12, 23, 32, 25, 41, 42, 46, 40, 6, 37, 36, 38, 33, 35, 18, 49, 21, 10, 0, 26, 43, 2, 31, 24, 16, 8]"
39,50,100,0.5,0.8,0.1,2273,1007.2,918,1115,52.58,55.69,0.3013,"[41, 7, 0, 5, 1, 33, 45, 10, 43, 48, 28, 30, 17, 26, 9, 23, 39, 32, 31, 3, 44, 46, 2, 4, 20, 15, 14, 25, 37, 42, 13, 27, 6, 8, 36, 38, 11, 35, 18, 49, 21, 47, 19, 16, 29, 40, 34, 24, 22, 12]","[11, 46, 19, 23, 26, 17, 48, 45, 12, 1, 0, 40, 24, 25, 5, 29, 28, 6, 32, 2, 49, 35, 15, 41, 38, 33, 16, 34, 44, 37, 13, 10, 27, 18, 39, 22, 21, 31, 42, 36, 8, 9, 14, 30, 7, 4, 3, 20, 47, 43]"
40,100,200,0.8,0.8,0.0,2273,1007.55,864,1112,70.67,55.67,1.337,"[41, 7, 0, 5, 1, 33, 45, 10, 43, 48, 28, 30, 17, 26, 9, 23, 39, 32, 31, 3, 44, 46, 2, 4, 20, 15, 14, 25, 37, 42, 13, 27, 6, 8, 36, 38, 11, 35, 18, 49, 21, 47, 19, 16, 29, 40, 34, 24, 22, 12]","[43, 2, 49, 5, 41, 33, 45, 1, 42, 30, 17, 12, 0, 16, 35, 11, 46, 3, 28, 6, 44, 7, 9, 14, 48, 47, 13, 27, 38, 4, 21, 26, 19, 23, 37, 31, 10, 18, 24, 25, 32, 39, 29, 8, 15, 36, 20, 22, 40, 34]"
41,50,200,0.8,0.2,0.7,2273,1008.5,940,1104,40.77,55.63,0.627,"[41, 7, 0, 5, 1, 33, 45, 10, 43, 48, 28, 30, 17, 26, 9, 23, 39, 32, 31, 3, 44, 46, 2, 4, 20, 15, 14, 25, 37, 42, 13, 27, 6, 8, 36, 38, 11, 35, 18, 49, 21, 47, 19, 16, 29, 40, 34, 24, 22, 12]","[44, 7, 0, 5, 1, 33, 47, 9, 43, 26, 28, 48, 14, 8, 10, 15, 39, 11, 35, 3, 17, 13, 30, 25, 20, 22, 19, 23, 42, 6, 32, 27, 38, 4, 37, 36, 41, 31, 18, 49, 21, 45, 2, 29, 24, 16, 46, 40, 12, 34]"
42,50,200,0.5,0.2,0.7,2273,1011.55,917,1120,56.75,55.5,0.6168,"[41, 7, 0, 5, 1, 33, 45, 10, 43, 48, 28, 30, 17, 26, 9, 23, 39, 32, 31, 3, 44, 46, 2, 4, 20, 15, 14, 25, 37, 42, 13, 27, 6, 8, 36, 38, 11, 35, 18, 49, 21, 47, 19, 16, 29, 40, 34, 24, 22, 12]","[40, 7, 0, 5, 1, 33, 45, 22, 21, 31, 39, 19, 41, 14, 48, 4, 3, 28, 11, 35, 13, 17, 2, 9, 20, 47, 24, 42, 16, 44, 27, 38, 29, 8, 36, 25, 32, 15, 18, 49, 43, 26, 6, 37, 23, 46, 12, 34, 30, 10]"
43,50,100,0.5,0.8,0.7,2273,1013.85,929,1080,39.39,55.4,0.303,"[41, 7, 0, 5, 1, 33, 45, 10, 43, 48, 28, 30, 17, 26, 9, 23, 39, 32, 31, 3, 44, 46, 2, 4, 20, 15, 14, 25, 37, 42, 13, 27, 6, 8, 36, 38, 11, 35, 18, 49, 21, 47, 19, 16, 29, 40, 34, 24, 22, 12]","[34, 7, 0, 5, 1, 33, 20, 10, 15, 32, 28, 21, 9, 14, 17, 11, 45, 46, 39, 3, 44, 37, 18, 25, 48, 4, 49, 47, 27, 8, 13, 31, 24, 42, 35, 22, 40, 6, 2, 29, 41, 43, 30, 16, 19, 23, 26, 36, 38, 12]"
44,50,200,0.5,0.2,0.1,2273,1013.9,946,1118,45.85,55.39,0.6154,"[41, 7, 0, 5, 1, 33, 45, 10, 43, 48, 28, 30, 17, 26, 9, 23, 39, 32, 31, 3, 44, 46, 2, 4, 20, 15, 14, 25, 37, 42, 13, 27, 6, 8, 36, 38, 11, 35, 18, 49, 21, 47, 19, 16, 29, 40, 34, 24, 22, 12]","[41, 7, 0, 20, 1, 44, 45, 5, 14, 48, 34, 16, 19, 3, 17, 2, 49, 23, 47, 39, 28, 42, 35, 13, 10, 15, 18, 24, 37, 29, 4, 26, 6, 8, 36, 38, 33, 46, 27, 22, 21, 31, 30, 9, 43, 40, 12, 11, 32, 25]"
45,50,100,0.2,0.8,0.1,2273,1014.65,891,1104,45.67,55.36,0.2974,"[41, 7, 0, 5, 1, 33, 45, 10, 43, 48, 28, 30, 17, 26, 9, 23, 39, 32, 31, 3, 44, 46, 2, 4, 20, 15, 14, 25, 37, 42, 13, 27, 6, 8, 36, 38, 11, 35, 18, 49, 21, 47, 19, 16, 29, 40, 34, 24, 22, 12]","[1, 7, 0, 5, 3, 11, 20, 10, 25, 48, 12, 30, 17, 14, 9, 43, 26, 40, 39, 28, 23, 16, 2, 4, 6, 34, 44, 27, 37, 47, 13, 15, 32, 8, 36, 38, 33, 35, 18, 49, 21, 24, 45, 46, 29, 19, 41, 42, 31, 22]"
46,50,200,0.2,0.2,0.1,2273,1017.3,931,1143,54.35,55.24,0.6113,"[41, 7, 0, 5, 1, 33, 45, 10, 43, 48, 28, 30, 17, 26, 9, 23, 39, 32, 31, 3, 44, 46, 2, 4, 20, 15, 14, 25, 37, 42, 13, 27, 6, 8, 36, 38, 11, 35, 18, 49, 21, 47, 19, 16, 29, 40, 34, 24, 22, 12]","[24, 25, 5, 7, 39, 47, 23, 45, 2, 19, 3, 34, 38, 33, 16, 46, 29, 8, 17, 21, 28, 42, 31, 22, 1, 0, 41, 26, 40, 12, 30, 14, 48, 4, 49, 11, 35, 13, 44, 37, 18, 6, 32, 15, 36, 10, 27, 9, 20, 43]"
47,100,100,0.8,0.2,0.7,2273,1021.7,946,1151,51.06,55.05,0.643,"[41, 7, 0, 5, 1, 33, 45, 10, 43, 48, 28, 30, 17, 26, 9, 23, 39, 32, 31, 3, 44, 46, 2, 4, 20, 15, 14, 25, 37, 42, 13, 27, 6, 8, 36, 38, 11, 35, 18, 49, 21, 47, 19, 16, 29, 40, 34, 24, 22, 12]","[41, 7, 0, 5, 30, 37, 47, 22, 20, 10, 21, 46, 28, 24, 9, 15, 2, 34, 17, 13, 6, 11, 42, 35, 3, 44, 38, 25, 32, 45, 2, 27, 14, 8, 43, 1, 31, 39, 18, 49, 23, 29, 19, 16, 4, 33, 48, 12, 36, 40]"
48,50,200,0.8,0.2,0.0,2273,1022.7,919,1137,57.24,55.01,0.625,"[41, 7, 0, 5, 1, 33, 45, 10, 43, 48, 28, 30, 17, 26, 9, 23, 39, 32, 31, 3, 44, 46, 2, 4, 20, 15, 14, 25, 37, 42, 13, 27, 6, 8, 36, 38, 11, 35, 18, 49, 21, 47, 19, 16, 29, 40, 34, 24, 22, 12]","[44, 7, 0, 5, 1, 33, 45, 19, 12, 15, 36, 10, 21, 26, 35, 22, 41, 43, 4, 6, 37, 47, 9, 31, 24, 48, 32, 2, 27, 11, 46, 13, 17, 49, 23, 38, 29, 8, 39, 3, 40, 20, 30, 25, 14, 18, 28, 42, 34, 16]"
49,50,100,0.8,0.8,0.1,2273,1024.75,947,1082,35.65,54.92,0.3065,"[41, 7, 0, 5, 1, 33, 45, 10, 43, 48, 28, 30, 17, 26, 9, 23, 39, 32, 31, 3, 44, 46, 2, 4, 20, 15, 14, 25, 37, 42, 13, 27, 6, 8, 36, 38, 11, 35, 18, 49, 21, 47, 19, 16, 29, 40, 34, 24, 22, 12]","[41, 7, 0, 5, 1, 33, 45, 38, 25, 4, 3, 20, 32, 48, 12, 23, 16, 2, 47, 13, 27, 34, 30, 21, 10, 15, 36, 44, 37, 11, 46, 40, 6, 8, 9, 43, 42, 35, 18, 49, 28, 24, 17, 29, 19, 26, 14, 31, 39, 22]"
50,100,100,0.5,0.2,0.7,2273,1029.85,948,1087,35.88,54.69,0.6184,"[41, 7, 0, 5, 1, 33, 45, 10, 43, 48, 28, 30, 17, 26, 9, 23, 39, 32, 31, 3, 44, 46, 2, 4, 20, 15, 14, 25, 37, 42, 13, 27, 6, 8, 36, 38, 11, 35, 18, 49, 21, 47, 19, 16, 29, 40, 34, 24, 22, 12]","[42, 44, 0, 5, 1, 33, 45, 20, 43, 48, 47, 23, 37, 2, 21, 3, 34, 30, 19, 11, 41, 7, 4, 26, 10, 15, 32, 25, 14, 17, 13, 27, 8, 9, 36, 38, 39, 35, 18, 49, 28, 6, 16, 46, 29, 22, 40, 12, 31, 24]"
51,50,200,0.2,0.2,0.0,2273,1029.9,961,1105,32.22,54.69,0.6135,"[41, 7, 0, 5, 1, 33, 45, 10, 43, 48, 28, 30, 17, 26, 9, 23, 39, 32, 31, 3, 44, 46, 2, 4, 20, 15, 14, 25, 37, 42, 13, 27, 6, 8, 36, 38, 11, 35, 18, 49, 21, 47, 19, 16, 29, 40, 34, 24, 22, 12]","[36, 46, 40, 12, 15, 41, 14, 3, 20, 10, 30, 31, 22, 1, 2, 4, 11, 0, 45, 33, 48, 32, 34, 7, 27, 43, 35, 13, 38, 39, 29, 8, 9, 21, 26, 17, 25, 5, 28, 6, 44, 49, 47, 24, 37, 19, 23, 42, 16, 18]"
52,100,100,0.5,0.2,0.1,2273,1032.35,988,1083,32.9,54.58,0.6187,"[41, 7, 0, 5, 1, 33, 45, 10, 43, 48, 28, 30, 17, 26, 9, 23, 39, 32, 31, 3, 44, 46, 2, 4, 20, 15, 14, 25, 37, 42, 13, 27, 6, 8, 36, 38, 11, 35, 18, 49, 21, 47, 19, 16, 29, 40, 34, 24, 22, 12]","[41, 7, 4, 5, 1, 11, 20, 10, 0, 26, 28, 24, 17, 29, 34, 23, 39, 16, 19, 3, 44, 45, 42, 43, 2, 25, 32, 15, 8, 9, 30, 13, 6, 37, 36, 38, 33, 35, 18, 49, 21, 46, 40, 14, 48, 47, 27, 12, 31, 22]"
53,100,100,0.5,0.2,0.0,2273,1035.05,951,1107,37.19,54.46,0.6199,"[41, 7, 0, 5, 1, 33, 45, 10, 43, 48, 28, 30, 17, 26, 9, 23, 39, 32, 31, 3, 44, 46, 2, 4, 20, 15, 14, 25, 37, 42, 13, 27, 6, 8, 36, 38, 11, 35, 18, 49, 21, 47, 19, 16, 29, 40, 34, 24, 22, 12]","[48, 45, 22, 13, 38, 33, 47, 9, 20, 46, 42, 34, 17, 21, 31, 10, 27, 32, 37, 2, 6, 25, 14, 8, 30, 44, 0, 41, 15, 39, 29, 7, 4, 11, 24, 19, 12, 43, 1, 36, 40, 16, 18, 49, 23, 26, 35, 5, 28, 3]"
54,10,100,0.8,0.8,0.7,2469,1131.65,1012,1236,58.87,54.17,0.0621,"[44, 35, 6, 14, 5, 24, 33, 8, 17, 2, 16, 7, 31, 10, 39, 34, 26, 23, 38, 43, 12, 45, 0, 18, 30, 19, 1, 3, 40, 46, 9, 47, 22, 41, 32, 20, 37, 49, 48, 11, 42, 29, 4, 27, 13, 28, 21, 36, 15, 25]","[44, 35, 5, 28, 20, 1, 33, 8, 43, 2, 49, 26, 17, 14, 47, 34, 7, 39, 29, 4, 31, 46, 3, 42, 30, 19, 12, 0, 40, 6, 48, 45, 22, 38, 32, 23, 16, 37, 9, 11, 21, 18, 24, 27, 15, 36, 10, 25, 13, 41]"
55,100,100,0.2,0.2,0.7,2273,1042.15,951,1115,39.97,54.15,0.6152,"[41, 7, 0, 5, 1, 33, 45, 10, 43, 48, 28, 30, 17, 26, 9, 23, 39, 32, 31, 3, 44, 46, 2, 4, 20, 15, 14, 25, 37, 42, 13, 27, 6, 8, 36, 38, 11, 35, 18, 49, 21, 47, 19, 16, 29, 40, 34, 24, 22, 12]","[41, 43, 0, 5, 1, 2, 26, 10, 21, 40, 33, 46, 37, 25, 13, 15, 36, 11, 45, 20, 47, 34, 30, 31, 42, 44, 38, 28, 6, 8, 29, 7, 4, 3, 17, 12, 48, 32, 24, 27, 9, 14, 23, 39, 16, 19, 18, 49, 35, 22]"
56,100,100,0.2,0.2,0.1,2273,1043.1,951,1145,41.78,54.11,0.6158,"[41, 7, 0, 5, 1, 33, 45, 10, 43, 48, 28, 30, 17, 26, 9, 23, 39, 32, 31, 3, 44, 46, 2, 4, 20, 15, 14, 25, 37, 42, 13, 27, 6, 8, 36, 38, 11, 35, 18, 49, 21, 47, 19, 16, 29, 40, 34, 24, 22, 12]","[41, 7, 4, 5, 1, 33, 45, 20, 43, 48, 14, 23, 42, 30, 19, 2, 34, 11, 46, 13, 37, 31, 16, 15, 36, 38, 28, 6, 32, 18, 40, 12, 0, 26, 10, 25, 35, 3, 27, 8, 9, 39, 29, 24, 17, 21, 44, 49, 47, 22]"
57,10,100,0.5,0.8,0.7,2469,1135.0,1022,1221,57.03,54.03,0.0615,"[44, 35, 6, 14, 5, 24, 33, 8, 17, 2, 16, 7, 31, 10, 39, 34, 26, 23, 38, 43, 12, 45, 0, 18, 30, 19, 1, 3, 40, 46, 9, 47, 22, 41, 32, 20, 37, 49, 48, 11, 42, 29, 4, 27, 13, 28, 21, 36, 15, 25]","[21, 6, 37, 42, 35, 10, 40, 39, 18, 25, 32, 48, 44, 47, 13, 23, 38, 33, 16, 43, 30, 49, 34, 7, 24, 19, 2, 29, 4, 12, 31, 45, 22, 1, 36, 20, 41, 26, 17, 11, 0, 14, 8, 27, 9, 15, 46, 5, 3, 28]"
58,100,100,0.8,0.2,0.0,2273,1045.1,964,1136,41.55,54.02,0.6461,"[41, 7, 0, 5, 1, 33, 45, 10, 43, 48, 28, 30, 17, 26, 9, 23, 39, 32, 31, 3, 44, 46, 2, 4, 20, 15, 14, 25, 37, 42, 13, 27, 6, 8, 36, 38, 11, 35, 18, 49, 21, 47, 19, 16, 29, 40, 34, 24, 22, 12]","[25, 14, 11, 45, 5, 12, 36, 33, 42, 6, 26, 40, 19, 16, 43, 31, 13, 23, 38, 47, 17, 46, 28, 44, 7, 39, 15, 32, 2, 4, 3, 48, 0, 8, 9, 18, 34, 30, 21, 10, 49, 22, 27, 37, 29, 41, 35, 20, 1, 24]"
59,100,100,0.8,0.2,0.1,2273,1045.55,966,1123,41.69,54.0,0.6432,"[41, 7, 0, 5, 1, 33, 45, 10, 43, 48, 28, 30, 17, 26, 9, 23, 39, 32, 31, 3, 44, 46, 2, 4, 20, 15, 14, 25, 37, 42, 13, 27, 6, 8, 36, 38, 11, 35, 18, 49, 21, 47, 19, 16, 29, 40, 34, 24, 22, 12]","[40, 7, 0, 41, 1, 33, 45, 8, 20, 10, 21, 46, 39, 30, 31, 36, 11, 24, 19, 26, 28, 4, 42, 35, 3, 44, 38, 32, 48, 47, 13, 27, 37, 9, 43, 12, 34, 17, 2, 49, 23, 16, 15, 18, 6, 25, 5, 14, 29, 22]"
60,100,100,0.2,0.2,0.0,2273,1046.9,948,1138,48.23,53.94,0.6131,"[41, 7, 0, 5, 1, 33, 45, 10, 43, 48, 28, 30, 17, 26, 9, 23, 39, 32, 31, 3, 44, 46, 2, 4, 20, 15, 14, 25, 37, 42, 13, 27, 6, 8, 36, 38, 11, 35, 18, 49, 21, 47, 19, 16, 29, 40, 34, 24, 22, 12]","[41, 7, 0, 5, 1, 33, 45, 20, 43, 26, 28, 44, 6, 48, 47, 34, 30, 37, 9, 8, 10, 11, 42, 35, 46, 12, 36, 17, 2, 49, 29, 19, 4, 3, 40, 16, 15, 32, 27, 14, 23, 21, 31, 24, 38, 39, 18, 25, 13, 22]"
61,10,100,0.2,0.8,0.7,2469,1154.45,1079,1231,42.39,53.24,0.0604,"[44, 35, 6, 14, 5, 24, 33, 8, 17, 2, 16, 7, 31, 10, 39, 34, 26, 23, 38, 43, 12, 45, 0, 18, 30, 19, 1, 3, 40, 46, 9, 47, 22, 41, 32, 20, 37, 49, 48, 11, 42, 29, 4, 27, 13, 28, 21, 36, 15, 25]","[44, 35, 15, 32, 5, 20, 14, 8, 10, 7, 45, 42, 31, 18, 39, 3, 19, 36, 41, 43, 1, 30, 49, 23, 38, 17, 12, 0, 40, 46, 37, 47, 22, 27, 9, 24, 16, 33, 48, 34, 2, 29, 4, 11, 13, 6, 25, 21, 26, 28]"
62,50,100,0.5,0.2,0.7,2273,1077.9,979,1171,53.1,52.58,0.2935,"[41, 7, 0, 5, 1, 33, 45, 10, 43, 48, 28, 30, 17, 26, 9, 23, 39, 32, 31, 3, 44, 46, 2, 4, 20, 15, 14, 25, 37, 42, 13, 27, 6, 8, 36, 38, 11, 35, 18, 49, 21, 47, 19, 16, 29, 40, 34, 24, 22, 12]","[41, 7, 0, 5, 1, 33, 45, 22, 21, 31, 39, 19, 10, 25, 48, 4, 3, 28, 11, 35, 46, 17, 2, 9, 20, 47, 14, 42, 16, 44, 27, 13, 6, 8, 36, 38, 32, 15, 18, 49, 43, 26, 23, 37, 29, 24, 12, 34, 30, 40]"
63,10,200,0.8,0.2,0.1,2469,1173.8,1070,1324,74.73,52.46,0.1198,"[44, 35, 6, 14, 5, 24, 33, 8, 17, 2, 16, 7, 31, 10, 39, 34, 26, 23, 38, 43, 12, 45, 0, 18, 30, 19, 1, 3, 40, 46, 9, 47, 22, 41, 32, 20, 37, 49, 48, 11, 42, 29, 4, 27, 13, 28, 21, 36, 15, 25]","[5, 40, 6, 44, 0, 37, 19, 12, 11, 46, 13, 17, 48, 3, 7, 24, 42, 38, 25, 43, 2, 4, 26, 18, 49, 23, 1, 28, 21, 45, 33, 16, 22, 41, 36, 20, 47, 9, 34, 30, 14, 8, 10, 27, 31, 39, 35, 29, 15, 32]"
64,10,200,0.5,0.2,0.1,2469,1176.2,1041,1258,58.15,52.36,0.1207,"[44, 35, 6, 14, 5, 24, 33, 8, 17, 2, 16, 7, 31, 10, 39, 34, 26, 23, 38, 43, 12, 45, 0, 18, 30, 19, 1, 3, 40, 46, 9, 47, 22, 41, 32, 20, 37, 49, 48, 11, 42, 29, 4, 27, 13, 28, 21, 36, 15, 25]","[11, 35, 6, 24, 25, 41, 33, 48, 45, 16, 46, 43, 4, 7, 39, 3, 13, 23, 38, 27, 18, 49, 47, 34, 30, 19, 44, 0, 40, 14, 8, 9, 20, 22, 42, 1, 37, 29, 12, 31, 32, 2, 21, 26, 17, 5, 28, 10, 15, 36]"
65,50,100,0.5,0.2,0.1,2273,1085.0,1001,1207,51.27,52.27,0.2927,"[41, 7, 0, 5, 1, 33, 45, 10, 43, 48, 28, 30, 17, 26, 9, 23, 39, 32, 31, 3, 44, 46, 2, 4, 20, 15, 14, 25, 37, 42, 13, 27, 6, 8, 36, 38, 11, 35, 18, 49, 21, 47, 19, 16, 29, 40, 34, 24, 22, 12]","[41, 7, 0, 20, 1, 44, 45, 5, 14, 48, 34, 16, 19, 3, 17, 2, 49, 23, 46, 39, 28, 42, 35, 13, 10, 15, 18, 24, 37, 29, 4, 26, 6, 8, 36, 38, 33, 47, 27, 43, 21, 31, 30, 9, 22, 40, 12, 11, 32, 25]"
66,100,200,0.5,0.8,0.0,2273,1085.0,1010,1168,43.37,52.27,1.3185,"[41, 7, 0, 5, 1, 33, 45, 10, 43, 48, 28, 30, 17, 26, 9, 23, 39, 32, 31, 3, 44, 46, 2, 4, 20, 15, 14, 25, 37, 42, 13, 27, 6, 8, 36, 38, 11, 35, 18, 49, 21, 47, 19, 16, 29, 40, 34, 24, 22, 12]","[41, 44, 45, 20, 1, 2, 29, 34, 39, 11, 35, 7, 0, 28, 21, 24, 38, 33, 40, 47, 23, 48, 26, 12, 43, 4, 42, 16, 18, 25, 13, 15, 46, 19, 8, 10, 27, 37, 9, 14, 30, 36, 6, 32, 3, 17, 49, 5, 31, 22]"
67,10,100,0.5,0.8,0.1,2469,1179.6,1072,1291,64.16,52.22,0.0616,"[44, 35, 6, 14, 5, 24, 33, 8, 17, 2, 16, 7, 31, 10, 39, 34, 26, 23, 38, 43, 12, 45, 0, 18, 30, 19, 1, 3, 40, 46, 9, 47, 22, 41, 32, 20, 37, 49, 48, 11, 42, 29, 4, 27, 13, 28, 21, 36, 15, 25]","[34, 30, 19, 2, 26, 22, 40, 44, 6, 33, 45, 46, 29, 24, 42, 1, 37, 23, 43, 35, 20, 12, 21, 31, 10, 9, 15, 16, 18, 7, 48, 14, 17, 28, 32, 11, 0, 49, 5, 3, 27, 39, 4, 38, 25, 8, 13, 41, 36, 47]"
68,10,100,0.8,0.8,0.1,2469,1179.95,1097,1295,60.44,52.21,0.0623,"[44, 35, 6, 14, 5, 24, 33, 8, 17, 2, 16, 7, 31, 10, 39, 34, 26, 23, 38, 43, 12, 45, 0, 18, 30, 19, 1, 3, 40, 46, 9, 47, 22, 41, 32, 20, 37, 49, 48, 11, 42, 29, 4, 27, 13, 28, 21, 36, 15, 25]","[44, 35, 0, 46, 5, 12, 48, 32, 2, 9, 30, 25, 41, 15, 16, 18, 45, 23, 29, 43, 7, 4, 6, 34, 39, 3, 1, 33, 40, 14, 42, 27, 22, 38, 28, 21, 37, 31, 36, 24, 19, 17, 49, 47, 8, 20, 26, 10, 11, 13]"
69,50,100,0.2,0.2,0.7,2273,1088.0,990,1231,51.03,52.13,0.2896,"[41, 7, 0, 5, 1, 33, 45, 10, 43, 48, 28, 30, 17, 26, 9, 23, 39, 32, 31, 3, 44, 46, 2, 4, 20, 15, 14, 25, 37, 42, 13, 27, 6, 8, 36, 38, 11, 35, 18, 49, 21, 47, 19, 16, 29, 40, 34, 24, 22, 12]","[41, 43, 0, 5, 1, 33, 35, 10, 25, 48, 4, 6, 44, 37, 9, 11, 2, 21, 31, 30, 17, 13, 7, 28, 20, 47, 14, 39, 3, 42, 46, 27, 15, 26, 36, 38, 23, 32, 18, 24, 45, 22, 40, 16, 19, 12, 34, 49, 8, 29]"
70,50,100,0.8,0.2,0.7,2273,1088.85,1001,1192,45.03,52.1,0.2976,"[41, 7, 0, 5, 1, 33, 45, 10, 43, 48, 28, 30, 17, 26, 9, 23, 39, 32, 31, 3, 44, 46, 2, 4, 20, 15, 14, 25, 37, 42, 13, 27, 6, 8, 36, 38, 11, 35, 18, 49, 21, 47, 19, 16, 29, 40, 34, 24, 22, 12]","[30, 7, 0, 5, 1, 33, 47, 9, 43, 26, 28, 48, 14, 8, 10, 15, 39, 11, 35, 3, 17, 19, 41, 25, 20, 46, 13, 23, 37, 36, 32, 27, 38, 4, 42, 6, 44, 31, 18, 49, 21, 45, 2, 29, 24, 16, 22, 40, 12, 34]"
71,50,100,0.8,0.2,0.1,2273,1090.7,992,1194,54.96,52.01,0.297,"[41, 7, 0, 5, 1, 33, 45, 10, 43, 48, 28, 30, 17, 26, 9, 23, 39, 32, 31, 3, 44, 46, 2, 4, 20, 15, 14, 25, 37, 42, 13, 27, 6, 8, 36, 38, 11, 35, 18, 49, 21, 47, 19, 16, 29, 40, 34, 24, 22, 12]","[48, 7, 0, 5, 1, 11, 13, 27, 14, 20, 42, 30, 17, 21, 9, 34, 16, 46, 3, 28, 44, 43, 39, 4, 2, 47, 24, 25, 41, 31, 45, 15, 32, 8, 36, 38, 29, 35, 18, 49, 26, 6, 37, 19, 12, 23, 33, 22, 40, 10]"
72,10,200,0.8,0.2,0.7,2469,1186.5,1118,1293,44.76,51.94,0.1254,"[44, 35, 6, 14, 5, 24, 33, 8, 17, 2, 16, 7, 31, 10, 39, 34, 26, 23, 38, 43, 12, 45, 0, 18, 30, 19, 1, 3, 40, 46, 9, 47, 22, 41, 32, 20, 37, 49, 48, 11, 42, 29, 4, 27, 13, 28, 21, 36, 15, 25]","[44, 0, 8, 2, 30, 10, 40, 12, 34, 49, 28, 41, 6, 37, 13, 23, 45, 33, 35, 26, 43, 4, 38, 39, 18, 1, 14, 3, 7, 5, 29, 47, 16, 46, 17, 11, 48, 32, 25, 20, 42, 31, 24, 27, 22, 19, 21, 9, 15, 36]"
73,50,100,0.2,0.2,0.1,2273,1094.65,1039,1187,44.94,51.84,0.2898,"[41, 7, 0, 5, 1, 33, 45, 10, 43, 48, 28, 30, 17, 26, 9, 23, 39, 32, 31, 3, 44, 46, 2, 4, 20, 15, 14, 25, 37, 42, 13, 27, 6, 8, 36, 38, 11, 35, 18, 49, 21, 47, 19, 16, 29, 40, 34, 24, 22, 12]","[24, 25, 5, 7, 39, 47, 23, 1, 2, 19, 3, 34, 38, 33, 16, 46, 29, 8, 17, 49, 28, 11, 31, 22, 45, 0, 41, 26, 40, 12, 30, 14, 48, 4, 27, 42, 35, 13, 44, 37, 36, 6, 32, 15, 18, 10, 21, 9, 20, 43]"
74,50,100,0.5,0.2,0.0,2273,1096.35,1008,1175,47.79,51.77,0.2935,"[41, 7, 0, 5, 1, 33, 45, 10, 43, 48, 28, 30, 17, 26, 9, 23, 39, 32, 31, 3, 44, 46, 2, 4, 20, 15, 14, 25, 37, 42, 13, 27, 6, 8, 36, 38, 11, 35, 18, 49, 21, 47, 19, 16, 29, 40, 34, 24, 22, 12]","[29, 7, 0, 5, 1, 11, 45, 20, 22, 39, 15, 28, 44, 27, 9, 34, 48, 14, 3, 47, 17, 13, 2, 19, 12, 23, 32, 25, 41, 42, 46, 40, 6, 37, 36, 38, 33, 35, 18, 49, 21, 10, 4, 26, 43, 30, 31, 24, 16, 8]"
75,10,200,0.8,0.2,0.0,2469,1191.4,1104,1317,53.88,51.75,0.12,"[44, 35, 6, 14, 5, 24, 33, 8, 17, 2, 16, 7, 31, 10, 39, 34, 26, 23, 38, 43, 12, 45, 0, 18, 30, 19, 1, 3, 40, 46, 9, 47, 22, 41, 32, 20, 37, 49, 48, 11, 42, 29, 4, 27, 13, 28, 21, 36, 15, 25]","[44, 27, 12, 1, 23, 16, 19, 26, 10, 21, 40, 14, 4, 3, 29, 45, 42, 33, 43, 2, 6, 9, 22, 13, 37, 25, 8, 18, 39, 46, 28, 47, 24, 36, 38, 20, 30, 31, 34, 48, 32, 7, 5, 49, 17, 11, 35, 0, 15, 41]"
76,10,200,0.5,0.2,0.0,2469,1191.8,1076,1294,55.69,51.73,0.1212,"[44, 35, 6, 14, 5, 24, 33, 8, 17, 2, 16, 7, 31, 10, 39, 34, 26, 23, 38, 43, 12, 45, 0, 18, 30, 19, 1, 3, 40, 46, 9, 47, 22, 41, 32, 20, 37, 49, 48, 11, 42, 29, 4, 27, 13, 28, 21, 36, 15, 25]","[42, 35, 6, 34, 31, 24, 37, 13, 17, 25, 20, 14, 8, 9, 43, 7, 39, 3, 26, 10, 11, 45, 2, 5, 30, 19, 41, 36, 40, 46, 28, 47, 22, 1, 23, 16, 4, 33, 48, 0, 32, 18, 49, 29, 21, 12, 44, 38, 27, 15]"
77,10,100,0.2,0.8,0.1,2469,1192.25,1076,1295,64.61,51.71,0.0604,"[44, 35, 6, 14, 5, 24, 33, 8, 17, 2, 16, 7, 31, 10, 39, 34, 26, 23, 38, 43, 12, 45, 0, 18, 30, 19, 1, 3, 40, 46, 9, 47, 22, 41, 32, 20, 37, 49, 48, 11, 42, 29, 4, 27, 13, 28, 21, 36, 15, 25]","[21, 45, 2, 49, 11, 41, 17, 5, 14, 35, 27, 8, 15, 43, 39, 3, 26, 18, 20, 46, 12, 23, 1, 36, 16, 4, 48, 0, 30, 10, 9, 33, 22, 32, 25, 24, 37, 31, 34, 7, 42, 40, 19, 47, 13, 6, 44, 38, 29, 28]"
78,100,50,0.5,0.8,0.7,2273,1101.2,1048,1196,41.35,51.55,0.3214,"[41, 7, 0, 5, 1, 33, 45, 10, 43, 48, 28, 30, 17, 26, 9, 23, 39, 32, 31, 3, 44, 46, 2, 4, 20, 15, 14, 25, 37, 42, 13, 27, 6, 8, 36, 38, 11, 35, 18, 49, 21, 47, 19, 16, 29, 40, 34, 24, 22, 12]","[21, 7, 0, 5, 1, 33, 45, 22, 39, 3, 29, 41, 15, 8, 9, 23, 43, 11, 31, 30, 44, 37, 2, 4, 13, 17, 6, 25, 35, 20, 46, 27, 14, 42, 36, 38, 26, 10, 18, 49, 40, 47, 24, 48, 34, 16, 32, 28, 19, 12]"
79,10,200,0.5,0.2,0.7,2469,1197.25,1052,1303,65.84,51.51,0.1211,"[44, 35, 6, 14, 5, 24, 33, 8, 17, 2, 16, 7, 31, 10, 39, 34, 26, 23, 38, 43, 12, 45, 0, 18, 30, 19, 1, 3, 40, 46, 9, 47, 22, 41, 32, 20, 37, 49, 48, 11, 42, 29, 4, 27, 13, 28, 21, 36, 15, 25]","[34, 44, 37, 2, 42, 7, 48, 41, 6, 25, 20, 39, 46, 13, 36, 33, 45, 23, 38, 12, 43, 1, 0, 26, 17, 5, 31, 22, 40, 8, 9, 47, 10, 15, 32, 28, 24, 16, 18, 11, 35, 29, 4, 27, 14, 49, 21, 30, 19, 3]"
80,50,100,0.8,0.2,0.0,2273,1103.1,959,1224,66.08,51.47,0.2965,"[41, 7, 0, 5, 1, 33, 45, 10, 43, 48, 28, 30, 17, 26, 9, 23, 39, 32, 31, 3, 44, 46, 2, 4, 20, 15, 14, 25, 37, 42, 13, 27, 6, 8, 36, 38, 11, 35, 18, 49, 21, 47, 19, 16, 29, 40, 34, 24, 22, 12]","[44, 7, 0, 5, 1, 33, 45, 19, 41, 15, 2, 10, 21, 26, 35, 22, 12, 43, 4, 6, 37, 47, 9, 31, 24, 42, 36, 32, 27, 11, 46, 13, 17, 49, 23, 38, 29, 8, 39, 3, 40, 20, 30, 25, 14, 18, 28, 48, 34, 16]"
81,100,50,0.8,0.8,0.1,2273,1105.0,1027,1262,54.14,51.39,0.3282,"[41, 7, 0, 5, 1, 33, 45, 10, 43, 48, 28, 30, 17, 26, 9, 23, 39, 32, 31, 3, 44, 46, 2, 4, 20, 15, 14, 25, 37, 42, 13, 27, 6, 8, 36, 38, 11, 35, 18, 49, 21, 47, 19, 16, 29, 40, 34, 24, 22, 12]","[18, 18, 41, 33, 48, 45, 22, 38, 43, 40, 44, 7, 4, 2, 29, 42, 47, 23, 32, 25, 14, 39, 11, 46, 1, 36, 24, 37, 31, 34, 16, 19, 26, 28, 21, 6, 5, 13, 12, 3, 20, 10, 0, 30, 17, 49, 35, 27, 9, 15]"
82,10,200,0.2,0.2,0.7,2469,1204.5,1059,1317,68.53,51.22,0.1188,"[44, 35, 6, 14, 5, 24, 33, 8, 17, 2, 16, 7, 31, 10, 39, 34, 26, 23, 38, 43, 12, 45, 0, 18, 30, 19, 1, 3, 40, 46, 9, 47, 22, 41, 32, 20, 37, 49, 48, 11, 42, 29, 4, 27, 13, 28, 21, 36, 15, 25]","[26, 35, 27, 18, 25, 48, 3, 30, 14, 42, 16, 34, 44, 7, 39, 28, 10, 23, 38, 43, 4, 45, 0, 6, 37, 19, 5, 49, 40, 2, 8, 9, 32, 15, 36, 20, 1, 33, 17, 11, 46, 29, 24, 12, 21, 31, 13, 47, 22, 41]"
83,10,200,0.2,0.2,0.0,2469,1208.35,1115,1319,61.18,51.06,0.1189,"[44, 35, 6, 14, 5, 24, 33, 8, 17, 2, 16, 7, 31, 10, 39, 34, 26, 23, 38, 43, 12, 45, 0, 18, 30, 19, 1, 3, 40, 46, 9, 47, 22, 41, 32, 20, 37, 49, 48, 11, 42, 29, 4, 27, 13, 28, 21, 36, 15, 25]","[44, 37, 9, 34, 18, 24, 12, 13, 17, 2, 29, 7, 8, 10, 15, 41, 49, 23, 38, 4, 31, 45, 0, 5, 30, 19, 1, 36, 40, 14, 48, 47, 22, 20, 32, 42, 16, 33, 6, 11, 35, 43, 39, 27, 46, 25, 3, 21, 26, 28]"
84,50,100,0.2,0.2,0.0,2273,1117.0,1055,1191,39.22,50.86,0.2907,"[41, 7, 0, 5, 1, 33, 45, 10, 43, 48, 28, 30, 17, 26, 9, 23, 39, 32, 31, 3, 44, 46, 2, 4, 20, 15, 14, 25, 37, 42, 13, 27, 6, 8, 36, 38, 11, 35, 18, 49, 21, 47, 19, 16, 29, 40, 34, 24, 22, 12]","[36, 49, 40, 12, 15, 41, 14, 3, 20, 10, 7, 31, 22, 1, 2, 32, 11, 21, 45, 33, 48, 4, 34, 30, 27, 43, 35, 13, 38, 39, 47, 8, 9, 0, 26, 17, 25, 5, 28, 6, 44, 46, 29, 24, 37, 19, 23, 42, 16, 18]"
85,100,50,0.2,0.8,0.7,2273,1118.9,984,1197,52.62,50.77,0.3169,"[41, 7, 0, 5, 1, 33, 45, 10, 43, 48, 28, 30, 17, 26, 9, 23, 39, 32, 31, 3, 44, 46, 2, 4, 20, 15, 14, 25, 37, 42, 13, 27, 6, 8, 36, 38, 11, 35, 18, 49, 21, 47, 19, 16, 29, 40, 34, 24, 22, 12]","[41, 7, 0, 30, 13, 33, 45, 46, 43, 48, 39, 47, 9, 14, 38, 23, 16, 34, 31, 3, 44, 4, 26, 10, 27, 15, 2, 32, 37, 42, 1, 28, 6, 8, 36, 17, 11, 35, 18, 49, 25, 5, 29, 24, 40, 20, 22, 19, 12, 21]"
86,10,200,0.2,0.2,0.1,2469,1215.45,1132,1280,43.25,50.77,0.1182,"[44, 35, 6, 14, 5, 24, 33, 8, 17, 2, 16, 7, 31, 10, 39, 34, 26, 23, 38, 43, 12, 45, 0, 18, 30, 19, 1, 3, 40, 46, 9, 47, 22, 41, 32, 20, 37, 49, 48, 11, 42, 29, 4, 27, 13, 28, 21, 36, 15, 25]","[39, 35, 46, 3, 18, 24, 16, 44, 45, 2, 4, 7, 49, 12, 25, 29, 34, 23, 37, 13, 6, 17, 0, 5, 30, 14, 8, 21, 31, 10, 9, 47, 22, 41, 42, 20, 38, 33, 48, 15, 32, 27, 43, 40, 19, 26, 28, 11, 1, 36]"
87,100,50,0.8,0.8,0.7,2273,1120.85,1037,1221,45.4,50.69,0.33,"[41, 7, 0, 5, 1, 33, 45, 10, 43, 48, 28, 30, 17, 26, 9, 23, 39, 32, 31, 3, 44, 46, 2, 4, 20, 15, 14, 25, 37, 42, 13, 27, 6, 8, 36, 38, 11, 35, 18, 49, 21, 47, 19, 16, 29, 40, 34, 24, 22, 12]","[26, 18, 41, 33, 46, 28, 42, 6, 32, 15, 2, 9, 47, 34, 44, 43, 24, 38, 4, 49, 23, 36, 39, 22, 40, 14, 8, 29, 7, 0, 30, 25, 13, 16, 19, 3, 27, 5, 31, 10, 11, 35, 20, 37, 17, 1, 21, 45, 12, 48]"
88,50,200,0.8,0.8,0.0,2273,1122.9,980,1298,76.12,50.6,0.6664,"[41, 7, 0, 5, 1, 33, 45, 10, 43, 48, 28, 30, 17, 26, 9, 23, 39, 32, 31, 3, 44, 46, 2, 4, 20, 15, 14, 25, 37, 42, 13, 27, 6, 8, 36, 38, 11, 35, 18, 49, 21, 47, 19, 16, 29, 40, 34, 24, 22, 12]","[13, 6, 25, 5, 1, 33, 45, 10, 15, 32, 2, 22, 40, 14, 35, 18, 28, 48, 12, 36, 11, 0, 41, 49, 34, 7, 24, 37, 31, 17, 21, 9, 20, 30, 29, 19, 4, 3, 44, 43, 26, 23, 47, 39, 16, 42, 46, 38, 27, 8]"
89,100,200,0.2,0.8,0.0,2273,1123.45,994,1257,58.82,50.57,1.2698,"[41, 7, 0, 5, 1, 33, 45, 10, 43, 48, 28, 30, 17, 26, 9, 23, 39, 32, 31, 3, 44, 46, 2, 4, 20, 15, 14, 25, 37, 42, 13, 27, 6, 8, 36, 38, 11, 35, 18, 49, 21, 47, 19, 16, 29, 40, 34, 24, 22, 12]","[8, 18, 45, 22, 5, 13, 23, 32, 15, 39, 3, 28, 6, 37, 2, 14, 48, 26, 40, 12, 43, 46, 29, 16, 44, 7, 4, 42, 19, 0, 30, 10, 25, 24, 1, 11, 35, 20, 47, 17, 49, 21, 31, 36, 41, 38, 27, 9, 34, 33]"
90,100,50,0.2,0.8,0.1,2273,1130.95,1088,1186,28.22,50.24,0.3183,"[41, 7, 0, 5, 1, 33, 45, 10, 43, 48, 28, 30, 17, 26, 9, 23, 39, 32, 31, 3, 44, 46, 2, 4, 20, 15, 14, 25, 37, 42, 13, 27, 6, 8, 36, 38, 11, 35, 18, 49, 21, 47, 19, 16, 29, 40, 34, 24, 22, 12]","[41, 7, 0, 5, 1, 33, 45, 23, 43, 48, 34, 30, 17, 14, 42, 32, 37, 47, 29, 4, 3, 11, 2, 49, 40, 44, 38, 18, 28, 46, 39, 19, 26, 13, 27, 22, 12, 31, 24, 16, 15, 35, 6, 9, 8, 36, 20, 10, 21, 25]"
91,100,50,0.5,0.8,0.1,2273,1132.1,983,1220,59.81,50.19,0.3226,"[41, 7, 0, 5, 1, 33, 45, 10, 43, 48, 28, 30, 17, 26, 9, 23, 39, 32, 31, 3, 44, 46, 2, 4, 20, 15, 14, 25, 37, 42, 13, 27, 6, 8, 36, 38, 11, 35, 18, 49, 21, 47, 19, 16, 29, 40, 34, 24, 22, 12]","[41, 7, 0, 5, 1, 33, 20, 10, 18, 4, 2, 9, 30, 27, 35, 6, 24, 16, 22, 38, 28, 44, 48, 3, 29, 26, 40, 14, 8, 13, 23, 46, 12, 43, 21, 37, 19, 39, 17, 49, 45, 15, 36, 47, 42, 34, 31, 25, 32, 11]"
92,50,50,0.8,0.8,0.7,2273,1133.45,1009,1218,55.65,50.13,0.1543,"[41, 7, 0, 5, 1, 33, 45, 10, 43, 48, 28, 30, 17, 26, 9, 23, 39, 32, 31, 3, 44, 46, 2, 4, 20, 15, 14, 25, 37, 42, 13, 27, 6, 8, 36, 38, 11, 35, 18, 49, 21, 47, 19, 16, 29, 40, 34, 24, 22, 12]","[41, 43, 0, 5, 1, 33, 45, 10, 7, 48, 12, 30, 27, 27, 9, 23, 21, 46, 8, 3, 44, 32, 2, 4, 13, 15, 17, 25, 20, 42, 40, 14, 11, 31, 36, 38, 26, 35, 18, 49, 29, 24, 37, 28, 6, 34, 16, 22, 39, 19]"
93,50,50,0.5,0.8,0.1,2273,1133.7,1026,1221,51.88,50.12,0.1521,"[41, 7, 0, 5, 1, 33, 45, 10, 43, 48, 28, 30, 17, 26, 9, 23, 39, 32, 31, 3, 44, 46, 2, 4, 20, 15, 14, 25, 37, 42, 13, 27, 6, 8, 36, 38, 11, 35, 18, 49, 21, 47, 19, 16, 29, 40, 34, 24, 22, 12]","[11, 31, 19, 23, 26, 17, 48, 45, 12, 1, 0, 40, 24, 25, 5, 29, 41, 6, 32, 2, 14, 35, 18, 28, 38, 33, 16, 34, 44, 46, 13, 10, 27, 22, 39, 15, 21, 37, 42, 36, 8, 9, 49, 47, 7, 4, 3, 20, 30, 43]"
94,100,100,0.8,0.8,0.0,2273,1136.35,1004,1268,69.62,50.01,0.675,"[41, 7, 0, 5, 1, 33, 45, 10, 43, 48, 28, 30, 17, 26, 9, 23, 39, 32, 31, 3, 44, 46, 2, 4, 20, 15, 14, 25, 37, 42, 13, 27, 6, 8, 36, 38, 11, 35, 18, 49, 21, 47, 19, 16, 29, 40, 34, 24, 22, 12]","[43, 2, 49, 5, 41, 33, 45, 1, 42, 35, 17, 12, 30, 21, 26, 28, 46, 3, 19, 16, 44, 7, 9, 34, 48, 47, 13, 36, 38, 4, 37, 0, 31, 24, 27, 11, 32, 18, 10, 25, 14, 23, 29, 15, 6, 8, 20, 22, 40, 39]"
95,50,50,0.5,0.8,0.7,2273,1145.05,1046,1219,42.01,49.62,0.1524,"[41, 7, 0, 5, 1, 33, 45, 10, 43, 48, 28, 30, 17, 26, 9, 23, 39, 32, 31, 3, 44, 46, 2, 4, 20, 15, 14, 25, 37, 42, 13, 27, 6, 8, 36, 38, 11, 35, 18, 49, 21, 47, 19, 16, 29, 40, 34, 24, 22, 12]","[34, 7, 0, 5, 1, 33, 45, 10, 15, 46, 28, 21, 9, 14, 17, 11, 20, 32, 39, 3, 44, 31, 18, 25, 48, 4, 6, 37, 47, 8, 13, 27, 24, 42, 35, 22, 30, 2, 49, 29, 41, 43, 40, 16, 19, 23, 26, 36, 38, 12]"
96,50,50,0.8,0.8,0.1,2273,1145.45,1052,1327,65.12,49.61,0.154,"[41, 7, 0, 5, 1, 33, 45, 10, 43, 48, 28, 30, 17, 26, 9, 23, 39, 32, 31, 3, 44, 46, 2, 4, 20, 15, 14, 25, 37, 42, 13, 27, 6, 8, 36, 38, 11, 35, 18, 49, 21, 47, 19, 16, 29, 40, 34, 24, 22, 12]","[41, 7, 0, 5, 1, 33, 45, 38, 25, 48, 3, 28, 10, 4, 12, 23, 16, 2, 47, 13, 27, 34, 30, 20, 32, 15, 36, 44, 37, 11, 46, 40, 6, 8, 9, 43, 42, 35, 18, 49, 21, 24, 17, 29, 19, 26, 14, 31, 39, 22]"
97,100,100,0.5,0.8,0.0,2273,1152.2,1035,1285,55.95,49.31,0.6467,"[41, 7, 0, 5, 1, 33, 45, 10, 43, 48, 28, 30, 17, 26, 9, 23, 39, 32, 31, 3, 44, 46, 2, 4, 20, 15, 14, 25, 37, 42, 13, 27, 6, 8, 36, 38, 11, 35, 18, 49, 21, 47, 19, 16, 29, 40, 34, 24, 22, 12]","[41, 44, 45, 20, 1, 2, 29, 15, 39, 11, 35, 43, 0, 28, 21, 4, 3, 48, 33, 32, 23, 38, 26, 46, 40, 24, 37, 16, 18, 25, 13, 27, 30, 19, 12, 10, 7, 42, 9, 14, 8, 36, 6, 34, 47, 17, 49, 5, 31, 22]"
98,50,50,0.2,0.8,0.7,2273,1152.25,1101,1222,36.51,49.31,0.1505,"[41, 7, 0, 5, 1, 33, 45, 10, 43, 48, 28, 30, 17, 26, 9, 23, 39, 32, 31, 3, 44, 46, 2, 4, 20, 15, 14, 25, 37, 42, 13, 27, 6, 8, 36, 38, 11, 35, 18, 49, 21, 47, 19, 16, 29, 40, 34, 24, 22, 12]","[41, 43, 0, 5, 1, 33, 48, 10, 7, 45, 20, 32, 25, 3, 9, 14, 23, 6, 34, 16, 44, 37, 2, 4, 13, 15, 26, 17, 46, 27, 24, 42, 47, 8, 36, 38, 11, 35, 18, 49, 21, 30, 29, 28, 19, 12, 31, 39, 22, 40]"
99,100,50,0.8,0.2,0.7,2273,1154.25,1051,1250,53.69,49.22,0.3177,"[41, 7, 0, 5, 1, 33, 45, 10, 43, 48, 28, 30, 17, 26, 9, 23, 39, 32, 31, 3, 44, 46, 2, 4, 20, 15, 14, 25, 37, 42, 13, 27, 6, 8, 36, 38, 11, 35, 18, 49, 21, 47, 19, 16, 29, 40, 34, 24, 22, 12]","[41, 7, 0, 5, 30, 37, 47, 24, 20, 10, 21, 46, 39, 22, 9, 15, 2, 34, 17, 13, 6, 11, 42, 35, 3, 44, 38, 25, 32, 45, 2, 27, 14, 8, 43, 12, 31, 28, 18, 49, 23, 29, 19, 16, 4, 33, 48, 1, 36, 40]"
100,50,50,0.2,0.8,0.1,2273,1154.7,1043,1272,62.81,49.2,0.1503,"[41, 7, 0, 5, 1, 33, 45, 10, 43, 48, 28, 30, 17, 26, 9, 23, 39, 32, 31, 3, 44, 46, 2, 4, 20, 15, 14, 25, 37, 42, 13, 27, 6, 8, 36, 38, 11, 35, 18, 49, 21, 47, 19, 16, 29, 40, 34, 24, 22, 12]","[34, 7, 0, 5, 1, 11, 45, 10, 25, 48, 12, 30, 17, 14, 9, 43, 26, 40, 39, 3, 23, 32, 2, 4, 27, 28, 42, 6, 37, 47, 13, 15, 16, 8, 36, 38, 33, 35, 18, 49, 21, 24, 20, 46, 29, 19, 41, 44, 31, 22]"
101,100,50,0.5,0.2,0.1,2273,1155.25,1054,1239,46.53,49.18,0.3126,"[41, 7, 0, 5, 1, 33, 45, 10, 43, 48, 28, 30, 17, 26, 9, 23, 39, 32, 31, 3, 44, 46, 2, 4, 20, 15, 14, 25, 37, 42, 13, 27, 6, 8, 36, 38, 11, 35, 18, 49, 21, 47, 19, 16, 29, 40, 34, 24, 22, 12]","[41, 7, 0, 5, 1, 11, 20, 10, 4, 26, 28, 47, 17, 48, 42, 23, 39, 16, 34, 3, 44, 45, 19, 43, 2, 25, 32, 15, 37, 9, 30, 13, 6, 8, 36, 38, 33, 35, 18, 49, 21, 46, 40, 14, 29, 24, 27, 12, 31, 22]"
102,100,50,0.5,0.2,0.7,2273,1158.05,1101,1293,45.13,49.05,0.3123,"[41, 7, 0, 5, 1, 33, 45, 10, 43, 48, 28, 30, 17, 26, 9, 23, 39, 32, 31, 3, 44, 46, 2, 4, 20, 15, 14, 25, 37, 42, 13, 27, 6, 8, 36, 38, 11, 35, 18, 49, 21, 47, 19, 16, 29, 40, 34, 24, 22, 12]","[42, 7, 0, 5, 1, 33, 45, 20, 43, 48, 47, 23, 37, 2, 19, 3, 34, 30, 16, 32, 41, 44, 4, 11, 10, 15, 14, 25, 26, 17, 13, 27, 9, 8, 36, 38, 39, 35, 18, 49, 28, 6, 21, 46, 29, 22, 40, 12, 31, 24]"
103,100,50,0.8,0.2,0.1,2273,1167.35,1105,1221,32.18,48.64,0.3169,"[41, 7, 0, 5, 1, 33, 45, 10, 43, 48, 28, 30, 17, 26, 9, 23, 39, 32, 31, 3, 44, 46, 2, 4, 20, 15, 14, 25, 37, 42, 13, 27, 6, 8, 36, 38, 11, 35, 18, 49, 21, 47, 19, 16, 29, 40, 34, 24, 22, 12]","[40, 7, 0, 5, 1, 33, 45, 8, 20, 10, 21, 46, 39, 30, 31, 36, 11, 24, 19, 26, 6, 4, 42, 35, 3, 44, 38, 32, 48, 47, 13, 27, 37, 9, 43, 12, 34, 17, 18, 49, 23, 16, 15, 2, 25, 28, 41, 14, 29, 22]"
104,100,50,0.5,0.2,0.0,2273,1168.25,1097,1275,49.34,48.6,0.3125,"[41, 7, 0, 5, 1, 33, 45, 10, 43, 48, 28, 30, 17, 26, 9, 23, 39, 32, 31, 3, 44, 46, 2, 4, 20, 15, 14, 25, 37, 42, 13, 27, 6, 8, 36, 38, 11, 35, 18, 49, 21, 47, 19, 16, 29, 40, 34, 24, 22, 12]","[48, 45, 22, 13, 27, 38, 47, 9, 20, 32, 42, 34, 23, 21, 31, 10, 26, 46, 37, 2, 6, 25, 14, 8, 30, 44, 0, 41, 15, 39, 29, 7, 4, 11, 24, 19, 12, 43, 1, 36, 40, 16, 18, 49, 17, 33, 35, 5, 28, 3]"
105,100,50,0.2,0.2,0.1,2273,1174.65,1064,1264,52.9,48.32,0.3081,"[41, 7, 0, 5, 1, 33, 45, 10, 43, 48, 28, 30, 17, 26, 9, 23, 39, 32, 31, 3, 44, 46, 2, 4, 20, 15, 14, 25, 37, 42, 13, 27, 6, 8, 36, 38, 11, 35, 18, 49, 21, 47, 19, 16, 29, 40, 34, 24, 22, 12]","[41, 7, 4, 5, 1, 33, 45, 20, 43, 48, 14, 23, 42, 30, 19, 2, 34, 11, 46, 13, 37, 31, 16, 15, 36, 38, 18, 6, 32, 8, 40, 12, 0, 26, 10, 25, 35, 3, 47, 27, 9, 39, 29, 24, 17, 28, 44, 49, 21, 22]"
106,50,200,0.5,0.8,0.0,2273,1177.6,959,1336,77.79,48.19,0.645,"[41, 7, 0, 5, 1, 33, 45, 10, 43, 48, 28, 30, 17, 26, 9, 23, 39, 32, 31, 3, 44, 46, 2, 4, 20, 15, 14, 25, 37, 42, 13, 27, 6, 8, 36, 38, 11, 35, 18, 49, 21, 47, 19, 16, 29, 40, 34, 24, 22, 12]","[12, 31, 45, 5, 41, 33, 48, 14, 17, 11, 42, 36, 10, 15, 32, 0, 40, 47, 16, 34, 7, 39, 22, 21, 26, 18, 25, 3, 46, 28, 44, 27, 9, 23, 43, 35, 20, 1, 30, 13, 37, 19, 2, 6, 8, 29, 24, 38, 4, 49]"
107,100,50,0.2,0.2,0.7,2273,1177.8,1083,1244,43.47,48.18,0.3093,"[41, 7, 0, 5, 1, 33, 45, 10, 43, 48, 28, 30, 17, 26, 9, 23, 39, 32, 31, 3, 44, 46, 2, 4, 20, 15, 14, 25, 37, 42, 13, 27, 6, 8, 36, 38, 11, 35, 18, 49, 21, 47, 19, 16, 29, 40, 34, 24, 22, 12]","[41, 43, 0, 5, 1, 2, 26, 10, 25, 40, 20, 46, 37, 21, 13, 15, 36, 11, 45, 33, 6, 34, 42, 31, 30, 44, 38, 28, 32, 8, 29, 7, 4, 3, 17, 12, 48, 47, 39, 27, 9, 14, 23, 24, 19, 16, 18, 49, 35, 22]"
108,50,100,0.2,0.8,0.0,2273,1186.1,1092,1319,48.67,47.82,0.301,"[41, 7, 0, 5, 1, 33, 45, 10, 43, 48, 28, 30, 17, 26, 9, 23, 39, 32, 31, 3, 44, 46, 2, 4, 20, 15, 14, 25, 37, 42, 13, 27, 6, 8, 36, 38, 11, 35, 18, 49, 21, 47, 19, 16, 29, 40, 34, 24, 22, 12]","[12, 43, 2, 19, 26, 6, 48, 33, 16, 15, 21, 28, 44, 45, 46, 29, 8, 10, 7, 0, 5, 31, 39, 22, 41, 38, 4, 37, 18, 1, 30, 14, 3, 40, 49, 17, 11, 35, 13, 23, 42, 9, 20, 47, 32, 24, 25, 36, 27, 34]"
109,100,50,0.8,0.2,0.0,2273,1186.15,1115,1268,44.47,47.82,0.3161,"[41, 7, 0, 5, 1, 33, 45, 10, 43, 48, 28, 30, 17, 26, 9, 23, 39, 32, 31, 3, 44, 46, 2, 4, 20, 15, 14, 25, 37, 42, 13, 27, 6, 8, 36, 38, 11, 35, 18, 49, 21, 47, 19, 16, 29, 40, 34, 24, 22, 12]","[25, 14, 11, 35, 5, 12, 21, 41, 42, 6, 26, 40, 19, 16, 43, 31, 13, 23, 38, 47, 17, 46, 28, 44, 7, 39, 15, 32, 2, 4, 3, 33, 0, 8, 9, 18, 34, 30, 36, 10, 48, 22, 27, 37, 29, 49, 45, 20, 1, 24]"
110,10,50,0.5,0.8,0.7,2469,1291.9,1132,1434,65.48,47.68,0.0303,"[44, 35, 6, 14, 5, 24, 33, 8, 17, 2, 16, 7, 31, 10, 39, 34, 26, 23, 38, 43, 12, 45, 0, 18, 30, 19, 1, 3, 40, 46, 9, 47, 22, 41, 32, 20, 37, 49, 48, 11, 42, 29, 4, 27, 13, 28, 21, 36, 15, 25]","[21, 6, 37, 42, 35, 20, 40, 39, 30, 25, 32, 48, 3, 47, 13, 33, 1, 23, 16, 43, 7, 49, 34, 18, 24, 19, 2, 29, 4, 12, 31, 45, 22, 38, 36, 10, 41, 26, 17, 11, 0, 14, 8, 27, 9, 15, 46, 5, 44, 28]"
111,50,200,0.2,0.8,0.0,2273,1189.7,1108,1292,45.66,47.66,0.6317,"[41, 7, 0, 5, 1, 33, 45, 10, 43, 48, 28, 30, 17, 26, 9, 23, 39, 32, 31, 3, 44, 46, 2, 4, 20, 15, 14, 25, 37, 42, 13, 27, 6, 8, 36, 38, 11, 35, 18, 49, 21, 47, 19, 16, 29, 40, 34, 24, 22, 12]","[12, 1, 5, 18, 49, 28, 34, 44, 27, 43, 2, 25, 20, 42, 46, 29, 8, 10, 7, 0, 30, 31, 39, 22, 41, 38, 33, 16, 15, 36, 40, 19, 4, 3, 9, 14, 11, 35, 13, 23, 48, 6, 37, 47, 24, 32, 45, 21, 26, 17]"
112,10,50,0.8,0.8,0.7,2469,1295.55,1218,1367,41.46,47.53,0.0307,"[44, 35, 6, 14, 5, 24, 33, 8, 17, 2, 16, 7, 31, 10, 39, 34, 26, 23, 38, 43, 12, 45, 0, 18, 30, 19, 1, 3, 40, 46, 9, 47, 22, 41, 32, 20, 37, 49, 48, 11, 42, 29, 4, 27, 13, 28, 21, 36, 15, 25]","[44, 35, 20, 14, 5, 1, 33, 8, 17, 2, 49, 26, 43, 39, 47, 34, 7, 23, 29, 24, 31, 46, 3, 42, 30, 19, 12, 0, 40, 10, 48, 45, 22, 38, 32, 28, 16, 37, 9, 11, 21, 18, 4, 27, 15, 36, 6, 25, 41, 13]"
113,10,50,0.2,0.8,0.7,2469,1298.9,1159,1419,62.29,47.39,0.0297,"[44, 35, 6, 14, 5, 24, 33, 8, 17, 2, 16, 7, 31, 10, 39, 34, 26, 23, 38, 43, 12, 45, 0, 18, 30, 19, 1, 3, 40, 46, 9, 47, 22, 41, 32, 20, 37, 49, 48, 11, 42, 29, 4, 27, 13, 28, 21, 36, 15, 25]","[44, 35, 15, 32, 5, 20, 14, 8, 10, 2, 45, 42, 31, 17, 39, 3, 26, 36, 41, 43, 12, 30, 49, 23, 16, 18, 1, 0, 40, 46, 37, 47, 22, 27, 9, 24, 38, 33, 48, 34, 7, 29, 4, 11, 13, 6, 25, 21, 19, 28]"
114,100,50,0.2,0.2,0.0,2273,1202.1,1114,1298,53.22,47.11,0.3093,"[41, 7, 0, 5, 1, 33, 45, 10, 43, 48, 28, 30, 17, 26, 9, 23, 39, 32, 31, 3, 44, 46, 2, 4, 20, 15, 14, 25, 37, 42, 13, 27, 6, 8, 36, 38, 11, 35, 18, 49, 21, 47, 19, 16, 29, 40, 34, 24, 22, 12]","[41, 7, 0, 5, 1, 33, 45, 20, 43, 26, 28, 30, 17, 48, 9, 34, 44, 37, 25, 8, 6, 11, 42, 35, 46, 12, 36, 10, 32, 2, 29, 19, 4, 3, 15, 16, 40, 47, 27, 14, 23, 21, 31, 24, 38, 39, 18, 49, 13, 22]"
115,100,100,0.2,0.8,0.0,2273,1203.35,1103,1285,48.76,47.06,0.6362,"[41, 7, 0, 5, 1, 33, 45, 10, 43, 48, 28, 30, 17, 26, 9, 23, 39, 32, 31, 3, 44, 46, 2, 4, 20, 15, 14, 25, 37, 42, 13, 27, 6, 8, 36, 38, 11, 35, 18, 49, 21, 47, 19, 16, 29, 40, 34, 24, 22, 12]","[33, 25, 29, 19, 8, 13, 23, 46, 15, 32, 26, 28, 6, 37, 42, 14, 48, 45, 2, 9, 31, 18, 39, 22, 10, 7, 4, 21, 40, 0, 30, 44, 27, 24, 16, 43, 35, 20, 47, 17, 49, 5, 3, 41, 36, 38, 12, 1, 34, 11]"
116,50,100,0.8,0.8,0.0,2273,1211.05,1132,1327,49.0,46.72,0.3102,"[41, 7, 0, 5, 1, 33, 45, 10, 43, 48, 28, 30, 17, 26, 9, 23, 39, 32, 31, 3, 44, 46, 2, 4, 20, 15, 14, 25, 37, 42, 13, 27, 6, 8, 36, 38, 11, 35, 18, 49, 21, 47, 19, 16, 29, 40, 34, 24, 22, 12]","[13, 44, 25, 5, 12, 47, 39, 10, 15, 41, 33, 22, 30, 14, 17, 18, 28, 48, 1, 36, 11, 0, 40, 49, 29, 7, 21, 37, 31, 45, 8, 9, 20, 32, 24, 38, 4, 3, 46, 42, 23, 26, 6, 34, 16, 19, 2, 27, 43, 35]"
117,10,50,0.5,0.8,0.1,2469,1320.7,1249,1425,54.77,46.51,0.0328,"[44, 35, 6, 14, 5, 24, 33, 8, 17, 2, 16, 7, 31, 10, 39, 34, 26, 23, 38, 43, 12, 45, 0, 18, 30, 19, 1, 3, 40, 46, 9, 47, 22, 41, 32, 20, 37, 49, 48, 11, 42, 29, 4, 27, 13, 28, 21, 36, 15, 25]","[34, 30, 43, 2, 26, 10, 40, 44, 6, 25, 21, 46, 29, 24, 45, 23, 1, 37, 19, 35, 20, 12, 47, 31, 22, 9, 15, 16, 18, 7, 48, 14, 17, 28, 32, 11, 0, 49, 5, 3, 27, 39, 4, 42, 33, 8, 13, 41, 36, 38]"
118,10,100,0.8,0.2,0.0,2469,1326.2,1208,1449,49.22,46.29,0.0643,"[44, 35, 6, 14, 5, 24, 33, 8, 17, 2, 16, 7, 31, 10, 39, 34, 26, 23, 38, 43, 12, 45, 0, 18, 30, 19, 1, 3, 40, 46, 9, 47, 22, 41, 32, 20, 37, 49, 48, 11, 42, 29, 4, 27, 13, 28, 21, 36, 15, 25]","[44, 27, 12, 1, 23, 16, 19, 26, 10, 21, 40, 14, 5, 3, 7, 45, 42, 33, 43, 2, 6, 9, 22, 13, 37, 25, 8, 18, 28, 46, 39, 47, 24, 41, 38, 20, 30, 31, 34, 48, 32, 29, 4, 49, 17, 11, 35, 0, 15, 36]"
119,10,50,0.8,0.8,0.1,2469,1328.8,1201,1496,77.52,46.18,0.0306,"[44, 35, 6, 14, 5, 24, 33, 8, 17, 2, 16, 7, 31, 10, 39, 34, 26, 23, 38, 43, 12, 45, 0, 18, 30, 19, 1, 3, 40, 46, 9, 47, 22, 41, 32, 20, 37, 49, 48, 11, 42, 29, 4, 27, 13, 28, 21, 36, 15, 25]","[44, 35, 0, 46, 5, 12, 19, 32, 17, 9, 39, 11, 41, 15, 16, 18, 45, 23, 29, 43, 7, 4, 6, 34, 30, 3, 1, 33, 40, 14, 48, 47, 22, 38, 28, 20, 37, 26, 36, 24, 42, 2, 49, 27, 8, 31, 10, 21, 25, 13]"
120,50,50,0.8,0.2,0.7,2273,1223.75,1143,1318,54.48,46.16,0.1493,"[41, 7, 0, 5, 1, 33, 45, 10, 43, 48, 28, 30, 17, 26, 9, 23, 39, 32, 31, 3, 44, 46, 2, 4, 20, 15, 14, 25, 37, 42, 13, 27, 6, 8, 36, 38, 11, 35, 18, 49, 21, 47, 19, 16, 29, 40, 34, 24, 22, 12]","[30, 7, 0, 5, 1, 33, 47, 9, 43, 48, 28, 41, 14, 8, 10, 15, 39, 11, 35, 3, 17, 2, 25, 4, 20, 46, 32, 23, 37, 42, 13, 27, 38, 26, 36, 6, 44, 31, 18, 49, 21, 45, 19, 29, 24, 16, 22, 40, 12, 34]"
121,50,100,0.5,0.8,0.0,2273,1224.55,1057,1351,65.99,46.13,0.3047,"[41, 7, 0, 5, 1, 33, 45, 10, 43, 48, 28, 30, 17, 26, 9, 23, 39, 32, 31, 3, 44, 46, 2, 4, 20, 15, 14, 25, 37, 42, 13, 27, 6, 8, 36, 38, 11, 35, 18, 49, 21, 47, 19, 16, 29, 40, 34, 24, 22, 12]","[12, 31, 45, 5, 1, 11, 35, 14, 6, 33, 8, 36, 10, 15, 32, 0, 40, 16, 34, 42, 7, 41, 17, 49, 26, 18, 25, 21, 46, 3, 44, 27, 37, 23, 43, 48, 2, 9, 30, 47, 22, 19, 28, 20, 39, 29, 24, 38, 4, 13]"
122,50,50,0.5,0.2,0.1,2273,1225.5,1115,1355,67.32,46.08,0.148,"[41, 7, 0, 5, 1, 33, 45, 10, 43, 48, 28, 30, 17, 26, 9, 23, 39, 32, 31, 3, 44, 46, 2, 4, 20, 15, 14, 25, 37, 42, 13, 27, 6, 8, 36, 38, 11, 35, 18, 49, 21, 47, 19, 16, 29, 40, 34, 24, 22, 12]","[41, 7, 0, 5, 1, 33, 45, 20, 14, 48, 44, 16, 19, 26, 17, 2, 49, 23, 39, 46, 28, 42, 47, 13, 10, 15, 18, 24, 37, 29, 4, 3, 6, 8, 36, 38, 11, 35, 27, 43, 21, 31, 30, 9, 22, 40, 12, 34, 32, 25]"
123,50,50,0.8,0.2,0.1,2273,1230.85,1092,1329,62.21,45.85,0.1487,"[41, 7, 0, 5, 1, 33, 45, 10, 43, 48, 28, 30, 17, 26, 9, 23, 39, 32, 31, 3, 44, 46, 2, 4, 20, 15, 14, 25, 37, 42, 13, 27, 6, 8, 36, 38, 11, 35, 18, 49, 21, 47, 19, 16, 29, 40, 34, 24, 22, 12]","[37, 7, 0, 5, 1, 11, 45, 27, 43, 2, 42, 30, 17, 21, 9, 23, 16, 46, 3, 28, 44, 14, 39, 4, 20, 47, 32, 25, 41, 31, 13, 15, 6, 8, 36, 38, 29, 35, 18, 49, 26, 10, 48, 19, 12, 34, 33, 22, 40, 24]"
124,50,50,0.5,0.2,0.7,2273,1240.2,1133,1379,64.43,45.44,0.1481,"[41, 7, 0, 5, 1, 33, 45, 10, 43, 48, 28, 30, 17, 26, 9, 23, 39, 32, 31, 3, 44, 46, 2, 4, 20, 15, 14, 25, 37, 42, 13, 27, 6, 8, 36, 38, 11, 35, 18, 49, 21, 47, 19, 16, 29, 40, 34, 24, 22, 12]","[41, 7, 0, 5, 1, 33, 45, 10, 21, 31, 39, 19, 4, 25, 48, 22, 46, 28, 11, 35, 3, 17, 2, 9, 20, 47, 14, 42, 16, 44, 27, 13, 6, 8, 36, 38, 32, 15, 18, 49, 43, 26, 23, 37, 29, 24, 12, 34, 30, 40]"
125,10,100,0.8,0.2,0.7,2469,1349.1,1210,1484,73.09,45.36,0.0608,"[44, 35, 6, 14, 5, 24, 33, 8, 17, 2, 16, 7, 31, 10, 39, 34, 26, 23, 38, 43, 12, 45, 0, 18, 30, 19, 1, 3, 40, 46, 9, 47, 22, 41, 32, 20, 37, 49, 48, 11, 42, 29, 4, 27, 13, 28, 21, 36, 15, 25]","[44, 0, 19, 2, 30, 10, 40, 12, 34, 11, 28, 29, 6, 8, 13, 23, 45, 33, 35, 26, 43, 4, 38, 39, 18, 1, 14, 3, 7, 5, 41, 47, 22, 46, 17, 49, 48, 32, 25, 20, 42, 31, 24, 27, 16, 37, 21, 9, 15, 36]"
126,10,100,0.8,0.2,0.1,2469,1349.5,1148,1483,80.24,45.34,0.0607,"[44, 35, 6, 14, 5, 24, 33, 8, 17, 2, 16, 7, 31, 10, 39, 34, 26, 23, 38, 43, 12, 45, 0, 18, 30, 19, 1, 3, 40, 46, 9, 47, 22, 41, 32, 20, 37, 49, 48, 11, 42, 29, 4, 27, 13, 28, 21, 36, 15, 25]","[5, 40, 6, 0, 44, 37, 19, 12, 21, 46, 13, 17, 48, 3, 7, 14, 42, 38, 39, 43, 2, 4, 26, 18, 49, 23, 1, 28, 11, 45, 33, 16, 22, 41, 36, 20, 24, 9, 34, 30, 47, 35, 10, 27, 31, 25, 8, 29, 15, 32]"
127,50,50,0.8,0.2,0.0,2273,1242.9,1154,1416,63.82,45.32,0.1493,"[41, 7, 0, 5, 1, 33, 45, 10, 43, 48, 28, 30, 17, 26, 9, 23, 39, 32, 31, 3, 44, 46, 2, 4, 20, 15, 14, 25, 37, 42, 13, 27, 6, 8, 36, 38, 11, 35, 18, 49, 21, 47, 19, 16, 29, 40, 34, 24, 22, 12]","[32, 7, 0, 5, 1, 33, 45, 19, 8, 15, 2, 10, 21, 3, 35, 22, 12, 43, 4, 6, 37, 47, 9, 20, 24, 42, 36, 44, 27, 11, 46, 13, 17, 49, 23, 38, 29, 41, 39, 26, 40, 30, 31, 25, 14, 18, 28, 48, 34, 16]"
128,10,100,0.5,0.2,0.7,2469,1353.0,1213,1454,64.05,45.2,0.0599,"[44, 35, 6, 14, 5, 24, 33, 8, 17, 2, 16, 7, 31, 10, 39, 34, 26, 23, 38, 43, 12, 45, 0, 18, 30, 19, 1, 3, 40, 46, 9, 47, 22, 41, 32, 20, 37, 49, 48, 11, 42, 29, 4, 27, 13, 28, 21, 36, 15, 25]","[34, 44, 37, 2, 42, 3, 48, 19, 6, 25, 20, 39, 46, 13, 38, 33, 45, 23, 7, 12, 43, 1, 0, 26, 17, 14, 31, 10, 40, 8, 9, 47, 22, 15, 32, 28, 30, 16, 18, 11, 35, 29, 4, 27, 5, 49, 21, 24, 41, 36]"
129,10,100,0.5,0.2,0.1,2469,1355.35,1067,1515,93.87,45.11,0.0599,"[44, 35, 6, 14, 5, 24, 33, 8, 17, 2, 16, 7, 31, 10, 39, 34, 26, 23, 38, 43, 12, 45, 0, 18, 30, 19, 1, 3, 40, 46, 9, 47, 22, 41, 32, 20, 37, 49, 48, 11, 42, 29, 4, 27, 13, 28, 21, 36, 15, 25]","[44, 35, 6, 24, 5, 41, 33, 48, 45, 16, 46, 43, 21, 7, 39, 3, 26, 23, 38, 27, 31, 49, 47, 34, 30, 19, 13, 0, 40, 14, 8, 9, 22, 1, 42, 20, 37, 2, 12, 11, 32, 29, 4, 18, 17, 25, 28, 10, 15, 36]"
130,10,50,0.2,0.8,0.1,2469,1359.75,1193,1538,82.08,44.93,0.0298,"[44, 35, 6, 14, 5, 24, 33, 8, 17, 2, 16, 7, 31, 10, 39, 34, 26, 23, 38, 43, 12, 45, 0, 18, 30, 19, 1, 3, 40, 46, 9, 47, 22, 41, 32, 20, 37, 49, 48, 11, 42, 29, 4, 27, 13, 28, 21, 36, 15, 25]","[21, 33, 15, 14, 11, 20, 35, 5, 17, 2, 27, 8, 31, 46, 39, 3, 26, 18, 41, 43, 12, 23, 1, 36, 16, 19, 48, 0, 40, 10, 9, 47, 22, 25, 32, 24, 37, 49, 34, 7, 42, 30, 4, 45, 13, 6, 44, 38, 29, 28]"
131,10,100,0.5,0.2,0.0,2469,1360.95,1186,1490,84.9,44.88,0.0599,"[44, 35, 6, 14, 5, 24, 33, 8, 17, 2, 16, 7, 31, 10, 39, 34, 26, 23, 38, 43, 12, 45, 0, 18, 30, 19, 1, 3, 40, 46, 9, 47, 22, 41, 32, 20, 37, 49, 48, 11, 42, 29, 4, 27, 13, 28, 21, 36, 15, 25]","[39, 35, 6, 34, 25, 24, 49, 13, 17, 12, 20, 14, 8, 9, 10, 7, 42, 3, 29, 43, 2, 45, 0, 5, 30, 19, 41, 36, 40, 46, 28, 47, 22, 1, 23, 16, 37, 33, 48, 11, 15, 18, 4, 26, 21, 31, 44, 38, 27, 32]"
132,50,50,0.5,0.2,0.0,2273,1253.35,1114,1359,64.1,44.86,0.1481,"[41, 7, 0, 5, 1, 33, 45, 10, 43, 48, 28, 30, 17, 26, 9, 23, 39, 32, 31, 3, 44, 46, 2, 4, 20, 15, 14, 25, 37, 42, 13, 27, 6, 8, 36, 38, 11, 35, 18, 49, 21, 47, 19, 16, 29, 40, 34, 24, 22, 12]","[29, 7, 0, 5, 1, 11, 45, 20, 43, 48, 34, 28, 44, 47, 9, 15, 39, 14, 3, 27, 17, 13, 2, 4, 12, 23, 32, 25, 41, 42, 46, 40, 6, 8, 36, 38, 33, 35, 18, 49, 21, 10, 19, 16, 22, 30, 31, 24, 26, 37]"
133,10,200,0.5,0.8,0.0,2469,1362.6,1200,1526,93.38,44.81,0.1249,"[44, 35, 6, 14, 5, 24, 33, 8, 17, 2, 16, 7, 31, 10, 39, 34, 26, 23, 38, 43, 12, 45, 0, 18, 30, 19, 1, 3, 40, 46, 9, 47, 22, 41, 32, 20, 37, 49, 48, 11, 42, 29, 4, 27, 13, 28, 21, 36, 15, 25]","[28, 44, 14, 29, 21, 10, 15, 46, 3, 11, 31, 22, 1, 2, 25, 20, 49, 40, 19, 35, 33, 45, 12, 23, 48, 32, 34, 16, 18, 0, 5, 27, 24, 38, 43, 4, 47, 8, 17, 13, 6, 37, 42, 30, 7, 39, 9, 36, 41, 26]"
134,50,50,0.2,0.2,0.1,2273,1255.0,1151,1379,64.3,44.79,0.1461,"[41, 7, 0, 5, 1, 33, 45, 10, 43, 48, 28, 30, 17, 26, 9, 23, 39, 32, 31, 3, 44, 46, 2, 4, 20, 15, 14, 25, 37, 42, 13, 27, 6, 8, 36, 38, 11, 35, 18, 49, 21, 47, 19, 16, 29, 40, 34, 24, 22, 12]","[4, 25, 5, 20, 39, 47, 23, 1, 0, 19, 3, 28, 38, 33, 16, 46, 29, 41, 7, 49, 34, 11, 31, 22, 45, 2, 8, 26, 40, 12, 30, 14, 48, 24, 27, 42, 35, 13, 44, 37, 36, 6, 32, 15, 18, 10, 21, 9, 17, 43]"
135,10,100,0.2,0.8,0.0,2469,1364.35,1192,1517,88.99,44.74,0.0605,"[44, 35, 6, 14, 5, 24, 33, 8, 17, 2, 16, 7, 31, 10, 39, 34, 26, 23, 38, 43, 12, 45, 0, 18, 30, 19, 1, 3, 40, 46, 9, 47, 22, 41, 32, 20, 37, 49, 48, 11, 42, 29, 4, 27, 13, 28, 21, 36, 15, 25]","[18, 28, 44, 38, 5, 41, 33, 8, 48, 7, 16, 34, 39, 43, 26, 40, 6, 23, 1, 0, 12, 36, 49, 47, 10, 25, 29, 19, 3, 20, 42, 35, 4, 27, 32, 24, 37, 9, 22, 14, 17, 11, 45, 46, 13, 15, 2, 21, 31, 30]"
136,10,100,0.2,0.2,0.1,2469,1367.75,1221,1441,52.11,44.6,0.0594,"[44, 35, 6, 14, 5, 24, 33, 8, 17, 2, 16, 7, 31, 10, 39, 34, 26, 23, 38, 43, 12, 45, 0, 18, 30, 19, 1, 3, 40, 46, 9, 47, 22, 41, 32, 20, 37, 49, 48, 11, 42, 29, 4, 27, 13, 28, 21, 36, 15, 25]","[8, 35, 46, 3, 18, 24, 16, 44, 45, 2, 4, 7, 49, 43, 39, 29, 34, 23, 37, 13, 6, 17, 0, 5, 30, 21, 25, 14, 31, 10, 9, 47, 22, 41, 42, 20, 38, 33, 48, 1, 32, 27, 12, 40, 19, 26, 28, 11, 15, 36]"
137,10,100,0.2,0.2,0.0,2469,1369.9,1214,1479,61.11,44.52,0.0586,"[44, 35, 6, 14, 5, 24, 33, 8, 17, 2, 16, 7, 31, 10, 39, 34, 26, 23, 38, 43, 12, 45, 0, 18, 30, 19, 1, 3, 40, 46, 9, 47, 22, 41, 32, 20, 37, 49, 48, 11, 42, 29, 4, 27, 13, 28, 21, 36, 15, 25]","[44, 37, 6, 34, 18, 24, 12, 13, 17, 2, 4, 7, 8, 10, 15, 39, 49, 23, 38, 43, 31, 45, 0, 5, 30, 19, 1, 21, 40, 14, 9, 47, 22, 20, 32, 42, 16, 33, 48, 11, 35, 29, 41, 27, 46, 25, 3, 36, 26, 28]"
138,10,200,0.8,0.8,0.0,2469,1370.75,1239,1479,61.59,44.48,0.1248,"[44, 35, 6, 14, 5, 24, 33, 8, 17, 2, 16, 7, 31, 10, 39, 34, 26, 23, 38, 43, 12, 45, 0, 18, 30, 19, 1, 3, 40, 46, 9, 47, 22, 41, 32, 20, 37, 49, 48, 11, 42, 29, 4, 27, 13, 28, 21, 36, 15, 25]","[6, 24, 17, 5, 3, 20, 31, 34, 30, 43, 32, 27, 37, 11, 35, 14, 18, 25, 10, 48, 4, 21, 9, 22, 45, 26, 23, 47, 42, 1, 28, 19, 13, 15, 41, 33, 46, 7, 2, 38, 39, 16, 44, 49, 12, 36, 40, 0, 8, 29]"
139,50,50,0.2,0.2,0.7,2273,1262.2,1106,1391,61.84,44.47,0.146,"[41, 7, 0, 5, 1, 33, 45, 10, 43, 48, 28, 30, 17, 26, 9, 23, 39, 32, 31, 3, 44, 46, 2, 4, 20, 15, 14, 25, 37, 42, 13, 27, 6, 8, 36, 38, 11, 35, 18, 49, 21, 47, 19, 16, 29, 40, 34, 24, 22, 12]","[41, 43, 0, 5, 1, 33, 45, 10, 7, 48, 4, 6, 44, 22, 9, 11, 2, 21, 31, 30, 17, 46, 25, 28, 20, 47, 14, 39, 3, 42, 13, 27, 37, 26, 36, 38, 23, 32, 18, 24, 35, 15, 40, 16, 19, 12, 34, 49, 8, 29]"
140,10,100,0.2,0.2,0.7,2469,1372.95,1258,1500,64.11,44.39,0.0588,"[44, 35, 6, 14, 5, 24, 33, 8, 17, 2, 16, 7, 31, 10, 39, 34, 26, 23, 38, 43, 12, 45, 0, 18, 30, 19, 1, 3, 40, 46, 9, 47, 22, 41, 32, 20, 37, 49, 48, 11, 42, 29, 4, 27, 13, 28, 21, 36, 15, 25]","[44, 35, 6, 18, 25, 48, 49, 30, 27, 42, 16, 34, 10, 7, 39, 28, 26, 23, 38, 43, 4, 45, 0, 14, 37, 19, 5, 3, 40, 2, 8, 9, 15, 41, 36, 20, 1, 33, 17, 11, 46, 29, 24, 12, 21, 31, 13, 47, 22, 32]"
141,10,200,0.2,0.8,0.0,2469,1373.25,1261,1491,59.38,44.38,0.124,"[44, 35, 6, 14, 5, 24, 33, 8, 17, 2, 16, 7, 31, 10, 39, 34, 26, 23, 38, 43, 12, 45, 0, 18, 30, 19, 1, 3, 40, 46, 9, 47, 22, 41, 32, 20, 37, 49, 48, 11, 42, 29, 4, 27, 13, 28, 21, 36, 15, 25]","[17, 28, 44, 38, 27, 14, 35, 8, 18, 6, 48, 4, 39, 15, 26, 36, 10, 25, 13, 31, 12, 20, 47, 7, 49, 23, 29, 22, 46, 3, 42, 34, 33, 43, 32, 24, 37, 9, 41, 0, 1, 11, 45, 5, 40, 16, 2, 21, 19, 30]"
142,100,50,0.5,0.8,0.0,2273,1270.55,1174,1419,62.49,44.1,0.3257,"[41, 7, 0, 5, 1, 33, 45, 10, 43, 48, 28, 30, 17, 26, 9, 23, 39, 32, 31, 3, 44, 46, 2, 4, 20, 15, 14, 25, 37, 42, 13, 27, 6, 8, 36, 38, 11, 35, 18, 49, 21, 47, 19, 16, 29, 40, 34, 24, 22, 12]","[41, 7, 45, 23, 1, 2, 29, 15, 32, 11, 35, 43, 0, 28, 44, 4, 3, 48, 33, 26, 20, 47, 25, 46, 40, 24, 38, 39, 18, 37, 10, 27, 30, 19, 12, 13, 42, 21, 9, 14, 8, 36, 6, 34, 16, 17, 49, 5, 31, 22]"
143,10,100,0.5,0.8,0.0,2469,1396.8,1243,1545,70.12,43.43,0.0621,"[44, 35, 6, 14, 5, 24, 33, 8, 17, 2, 16, 7, 31, 10, 39, 34, 26, 23, 38, 43, 12, 45, 0, 18, 30, 19, 1, 3, 40, 46, 9, 47, 22, 41, 32, 20, 37, 49, 48, 11, 42, 29, 4, 27, 13, 28, 21, 36, 15, 25]","[34, 44, 37, 35, 20, 10, 15, 47, 2, 4, 26, 22, 19, 3, 25, 21, 13, 12, 0, 49, 23, 45, 42, 14, 48, 16, 46, 30, 18, 36, 5, 27, 24, 38, 43, 1, 33, 8, 29, 41, 6, 32, 28, 40, 7, 39, 9, 17, 11, 31]"
144,10,100,0.8,0.8,0.0,2469,1403.05,1220,1591,104.07,43.17,0.063,"[44, 35, 6, 14, 5, 24, 33, 8, 17, 2, 16, 7, 31, 10, 39, 34, 26, 23, 38, 43, 12, 45, 0, 18, 30, 19, 1, 3, 40, 46, 9, 47, 22, 41, 32, 20, 37, 49, 48, 11, 42, 29, 4, 27, 13, 28, 21, 36, 15, 25]","[2, 6, 48, 19, 3, 28, 31, 22, 47, 29, 7, 27, 37, 11, 35, 14, 17, 20, 10, 18, 1, 21, 26, 41, 33, 9, 34, 23, 42, 39, 32, 5, 13, 15, 30, 25, 44, 38, 4, 45, 24, 16, 46, 49, 12, 36, 40, 0, 8, 43]"
145,50,50,0.8,0.8,0.0,2273,1292.85,1130,1429,70.95,43.12,0.1562,"[41, 7, 0, 5, 1, 33, 45, 10, 43, 48, 28, 30, 17, 26, 9, 23, 39, 32, 31, 3, 44, 46, 2, 4, 20, 15, 14, 25, 37, 42, 13, 27, 6, 8, 36, 38, 11, 35, 18, 49, 21, 47, 19, 16, 29, 40, 34, 24, 22, 12]","[13, 44, 25, 5, 1, 33, 45, 10, 15, 41, 17, 22, 30, 14, 3, 18, 28, 48, 12, 11, 20, 40, 0, 49, 29, 7, 21, 37, 31, 39, 8, 9, 36, 32, 34, 38, 4, 47, 46, 23, 42, 26, 6, 24, 16, 19, 2, 27, 43, 35]"
146,100,50,0.8,0.8,0.0,2273,1293.55,1168,1396,62.74,43.09,0.3315,"[41, 7, 0, 5, 1, 33, 45, 10, 43, 48, 28, 30, 17, 26, 9, 23, 39, 32, 31, 3, 44, 46, 2, 4, 20, 15, 14, 25, 37, 42, 13, 27, 6, 8, 36, 38, 11, 35, 18, 49, 21, 47, 19, 16, 29, 40, 34, 24, 22, 12]","[43, 2, 49, 5, 1, 33, 45, 41, 42, 35, 11, 39, 31, 19, 26, 17, 46, 3, 48, 34, 34, 7, 38, 4, 20, 47, 13, 15, 28, 9, 30, 36, 10, 32, 27, 22, 21, 18, 37, 25, 14, 23, 29, 24, 16, 12, 40, 0, 6, 8]"
147,100,50,0.2,0.8,0.0,2273,1294.15,1214,1396,45.08,43.06,0.3195,"[41, 7, 0, 5, 1, 33, 45, 10, 43, 48, 28, 30, 17, 26, 9, 23, 39, 32, 31, 3, 44, 46, 2, 4, 20, 15, 14, 25, 37, 42, 13, 27, 6, 8, 36, 38, 11, 35, 18, 49, 21, 47, 19, 16, 29, 40, 34, 24, 22, 12]","[0, 8, 17, 6, 25, 14, 43, 1, 33, 11, 46, 28, 42, 35, 16, 44, 37, 45, 2, 27, 9, 18, 39, 22, 38, 7, 4, 21, 40, 12, 30, 13, 31, 24, 19, 23, 32, 20, 47, 34, 15, 5, 3, 41, 36, 10, 49, 26, 29, 48]"
148,50,50,0.2,0.2,0.0,2273,1297.4,1183,1397,51.55,42.92,0.1459,"[41, 7, 0, 5, 1, 33, 45, 10, 43, 48, 28, 30, 17, 26, 9, 23, 39, 32, 31, 3, 44, 46, 2, 4, 20, 15, 14, 25, 37, 42, 13, 27, 6, 8, 36, 38, 11, 35, 18, 49, 21, 47, 19, 16, 29, 40, 34, 24, 22, 12]","[36, 30, 40, 12, 11, 41, 14, 3, 20, 10, 7, 31, 22, 1, 2, 27, 15, 5, 45, 33, 48, 4, 34, 49, 29, 43, 35, 13, 38, 39, 19, 8, 9, 0, 47, 17, 25, 21, 28, 32, 44, 46, 6, 24, 37, 26, 23, 42, 16, 18]"
149,50,50,0.5,0.8,0.0,2273,1309.1,1191,1440,66.36,42.41,0.1542,"[41, 7, 0, 5, 1, 33, 45, 10, 43, 48, 28, 30, 17, 26, 9, 23, 39, 32, 31, 3, 44, 46, 2, 4, 20, 15, 14, 25, 37, 42, 13, 27, 6, 8, 36, 38, 11, 35, 18, 49, 21, 47, 19, 16, 29, 40, 34, 24, 22, 12]","[12, 31, 45, 5, 1, 33, 35, 14, 43, 11, 28, 30, 10, 15, 32, 0, 40, 16, 2, 8, 18, 41, 17, 49, 29, 21, 25, 13, 37, 42, 44, 38, 27, 34, 9, 48, 22, 46, 23, 7, 4, 19, 3, 20, 47, 39, 24, 36, 6, 26]"
150,50,50,0.2,0.8,0.0,2273,1316.55,1192,1445,59.47,42.08,0.1511,"[41, 7, 0, 5, 1, 33, 45, 10, 43, 48, 28, 30, 17, 26, 9, 23, 39, 32, 31, 3, 44, 46, 2, 4, 20, 15, 14, 25, 37, 42, 13, 27, 6, 8, 36, 38, 11, 35, 18, 49, 21, 47, 19, 16, 29, 40, 34, 24, 22, 12]","[12, 31, 24, 19, 26, 28, 48, 44, 16, 15, 2, 6, 34, 45, 46, 29, 8, 10, 7, 49, 40, 47, 39, 22, 41, 38, 4, 37, 18, 0, 30, 14, 36, 33, 1, 17, 11, 35, 13, 23, 42, 3, 20, 43, 32, 21, 25, 5, 27, 9]"
151,10,50,0.5,0.8,0.0,2469,1491.85,1408,1578,46.09,39.58,0.0304,"[44, 35, 6, 14, 5, 24, 33, 8, 17, 2, 16, 7, 31, 10, 39, 34, 26, 23, 38, 43, 12, 45, 0, 18, 30, 19, 1, 3, 40, 46, 9, 47, 22, 41, 32, 20, 37, 49, 48, 11, 42, 29, 4, 27, 13, 28, 21, 36, 15, 25]","[34, 44, 37, 2, 26, 10, 15, 46, 6, 25, 35, 22, 19, 3, 1, 33, 40, 12, 17, 0, 23, 45, 20, 38, 48, 30, 39, 16, 18, 36, 4, 21, 24, 5, 14, 43, 47, 8, 29, 41, 42, 32, 28, 13, 7, 27, 9, 49, 11, 31]"
152,10,50,0.8,0.8,0.0,2469,1495.85,1332,1637,82.98,39.41,0.0308,"[44, 35, 6, 14, 5, 24, 33, 8, 17, 2, 16, 7, 31, 10, 39, 34, 26, 23, 38, 43, 12, 45, 0, 18, 30, 19, 1, 3, 40, 46, 9, 47, 22, 41, 32, 20, 37, 49, 48, 11, 42, 29, 4, 27, 13, 28, 21, 36, 15, 25]","[2, 6, 21, 19, 13, 40, 39, 22, 30, 29, 7, 5, 37, 11, 35, 10, 17, 48, 28, 18, 1, 8, 4, 34, 33, 0, 26, 23, 16, 3, 20, 42, 41, 15, 38, 25, 44, 45, 46, 32, 24, 27, 14, 49, 12, 36, 47, 9, 43, 31]"
153,10,50,0.2,0.8,0.0,2469,1497.35,1315,1609,66.49,39.35,0.0299,"[44, 35, 6, 14, 5, 24, 33, 8, 17, 2, 16, 7, 31, 10, 39, 34, 26, 23, 38, 43, 12, 45, 0, 18, 30, 19, 1, 3, 40, 46, 9, 47, 22, 41, 32, 20, 37, 49, 48, 11, 42, 29, 4, 27, 13, 28, 21, 36, 15, 25]","[18, 28, 26, 27, 5, 41, 33, 8, 16, 34, 17, 35, 29, 43, 31, 40, 6, 23, 1, 49, 12, 48, 0, 47, 37, 19, 44, 25, 24, 46, 42, 14, 36, 38, 32, 20, 30, 7, 45, 11, 21, 10, 4, 3, 13, 15, 2, 9, 22, 39]"
154,10,50,0.8,0.2,0.1,2469,1523.35,1383,1733,89.47,38.3,0.0296,"[44, 35, 6, 14, 5, 24, 33, 8, 17, 2, 16, 7, 31, 10, 39, 34, 26, 23, 38, 43, 12, 45, 0, 18, 30, 19, 1, 3, 40, 46, 9, 47, 22, 41, 32, 20, 37, 49, 48, 11, 42, 29, 4, 27, 13, 28, 21, 36, 15, 25]","[44, 35, 6, 17, 5, 37, 19, 12, 23, 46, 13, 28, 48, 3, 7, 14, 42, 38, 39, 43, 2, 4, 0, 18, 49, 26, 1, 21, 9, 45, 33, 16, 22, 41, 32, 20, 24, 40, 34, 30, 47, 11, 10, 27, 31, 25, 8, 29, 15, 36]"
155,10,50,0.8,0.2,0.0,2469,1524.45,1365,1672,83.85,38.26,0.0297,"[44, 35, 6, 14, 5, 24, 33, 8, 17, 2, 16, 7, 31, 10, 39, 34, 26, 23, 38, 43, 12, 45, 0, 18, 30, 19, 1, 3, 40, 46, 9, 47, 22, 41, 32, 20, 37, 49, 48, 11, 42, 29, 4, 27, 13, 28, 21, 36, 15, 25]","[44, 49, 12, 43, 48, 16, 19, 8, 10, 21, 40, 14, 5, 3, 7, 45, 42, 33, 38, 2, 6, 17, 22, 13, 37, 25, 26, 18, 28, 46, 39, 47, 24, 41, 32, 20, 30, 31, 34, 23, 1, 29, 4, 27, 9, 11, 35, 0, 15, 36]"
156,10,50,0.8,0.2,0.7,2469,1533.75,1404,1695,75.85,37.88,0.03,"[44, 35, 6, 14, 5, 24, 33, 8, 17, 2, 16, 7, 31, 10, 39, 34, 26, 23, 38, 43, 12, 45, 0, 18, 30, 19, 1, 3, 40, 46, 9, 47, 22, 41, 32, 20, 37, 49, 48, 11, 42, 29, 4, 27, 13, 28, 21, 36, 15, 25]","[44, 35, 6, 2, 30, 10, 40, 12, 34, 25, 48, 29, 1, 8, 13, 33, 45, 23, 0, 26, 43, 4, 38, 18, 39, 19, 14, 3, 5, 7, 9, 47, 22, 41, 17, 49, 28, 32, 11, 20, 42, 31, 24, 27, 16, 37, 21, 46, 15, 36]"
157,10,50,0.5,0.2,0.7,2469,1561.35,1430,1719,78.66,36.76,0.0294,"[44, 35, 6, 14, 5, 24, 33, 8, 17, 2, 16, 7, 31, 10, 39, 34, 26, 23, 38, 43, 12, 45, 0, 18, 30, 19, 1, 3, 40, 46, 9, 47, 22, 41, 32, 20, 37, 49, 48, 11, 42, 29, 4, 27, 13, 28, 21, 36, 15, 25]","[34, 44, 37, 2, 42, 3, 48, 26, 6, 25, 20, 39, 46, 1, 13, 33, 45, 23, 38, 12, 43, 7, 0, 19, 17, 14, 31, 10, 40, 8, 9, 47, 22, 15, 32, 28, 30, 16, 18, 11, 35, 29, 4, 27, 5, 49, 21, 24, 41, 36]"
158,10,50,0.5,0.2,0.1,2469,1563.8,1366,1689,83.24,36.66,0.0293,"[44, 35, 6, 14, 5, 24, 33, 8, 17, 2, 16, 7, 31, 10, 39, 34, 26, 23, 38, 43, 12, 45, 0, 18, 30, 19, 1, 3, 40, 46, 9, 47, 22, 41, 32, 20, 37, 49, 48, 11, 42, 29, 4, 27, 13, 28, 21, 36, 15, 25]","[44, 35, 6, 24, 5, 41, 33, 47, 17, 46, 16, 43, 31, 7, 39, 3, 26, 23, 38, 18, 2, 45, 34, 48, 30, 19, 1, 0, 40, 14, 8, 9, 22, 25, 32, 20, 37, 21, 12, 11, 42, 29, 4, 27, 49, 13, 28, 10, 15, 36]"
159,10,50,0.5,0.2,0.0,2469,1578.9,1389,1744,100.78,36.05,0.0293,"[44, 35, 6, 14, 5, 24, 33, 8, 17, 2, 16, 7, 31, 10, 39, 34, 26, 23, 38, 43, 12, 45, 0, 18, 30, 19, 1, 3, 40, 46, 9, 47, 22, 41, 32, 20, 37, 49, 48, 11, 42, 29, 4, 27, 13, 28, 21, 36, 15, 25]","[44, 35, 6, 34, 18, 24, 49, 13, 17, 12, 20, 14, 8, 10, 9, 7, 42, 23, 38, 43, 2, 45, 0, 5, 30, 19, 1, 36, 40, 46, 28, 47, 22, 41, 32, 16, 37, 33, 48, 11, 15, 25, 4, 26, 21, 31, 39, 29, 27, 3]"
160,10,50,0.2,0.2,0.7,2469,1604.65,1496,1705,62.21,35.01,0.029,"[44, 35, 6, 14, 5, 24, 33, 8, 17, 2, 16, 7, 31, 10, 39, 34, 26, 23, 38, 43, 12, 45, 0, 18, 30, 19, 1, 3, 40, 46, 9, 47, 22, 41, 32, 20, 37, 49, 48, 11, 42, 29, 4, 27, 13, 28, 21, 36, 15, 25]","[44, 35, 6, 18, 25, 17, 49, 5, 27, 42, 16, 34, 31, 7, 39, 28, 24, 23, 38, 43, 4, 45, 0, 14, 1, 19, 30, 3, 40, 46, 47, 9, 22, 41, 32, 20, 37, 33, 48, 11, 2, 29, 26, 12, 21, 8, 13, 10, 15, 36]"
161,10,50,0.2,0.2,0.0,2469,1612.4,1481,1767,85.62,34.69,0.0291,"[44, 35, 6, 14, 5, 24, 33, 8, 17, 2, 16, 7, 31, 10, 39, 34, 26, 23, 38, 43, 12, 45, 0, 18, 30, 19, 1, 3, 40, 46, 9, 47, 22, 41, 32, 20, 37, 49, 48, 11, 42, 29, 4, 27, 13, 28, 21, 36, 15, 25]","[44, 16, 6, 34, 18, 24, 12, 31, 17, 2, 42, 7, 8, 10, 15, 39, 26, 23, 38, 43, 13, 45, 0, 5, 30, 19, 1, 21, 40, 14, 9, 47, 22, 41, 32, 20, 37, 33, 48, 11, 35, 29, 4, 27, 46, 25, 3, 36, 49, 28]"
162,10,50,0.2,0.2,0.1,2469,1628.3,1494,1786,70.14,34.05,0.0289,"[44, 35, 6, 14, 5, 24, 33, 8, 17, 2, 16, 7, 31, 10, 39, 34, 26, 23, 38, 43, 12, 45, 0, 18, 30, 19, 1, 3, 40, 46, 9, 47, 22, 41, 32, 20, 37, 49, 48, 11, 42, 29, 4, 27, 13, 28, 21, 36, 15, 25]","[44, 35, 46, 14, 18, 24, 16, 8, 17, 2, 12, 7, 49, 43, 39, 27, 34, 23, 37, 26, 6, 45, 0, 5, 30, 21, 11, 3, 40, 10, 9, 47, 22, 41, 32, 20, 38, 33, 48, 1, 42, 29, 4, 31, 19, 13, 28, 25, 15, 36]"
163,100,50,0.8,0.0,0.0,2273,1655.15,1498,1793,100.02,27.18,0.3136,"[41, 7, 0, 5, 1, 33, 45, 10, 43, 48, 28, 30, 17, 26, 9, 23, 39, 32, 31, 3, 44, 46, 2, 4, 20, 15, 14, 25, 37, 42, 13, 27, 6, 8, 36, 38, 11, 35, 18, 49, 21, 47, 19, 16, 29, 40, 34, 24, 22, 12]","[44, 35, 40, 14, 17, 25, 28, 49, 22, 5, 6, 48, 10, 27, 37, 42, 30, 18, 13, 16, 11, 32, 41, 15, 43, 31, 20, 47, 24, 19, 29, 3, 9, 36, 39, 8, 2, 26, 0, 46, 12, 34, 7, 1, 21, 45, 23, 33, 38, 4]"
164,100,100,0.8,0.0,0.0,2273,1655.15,1498,1793,100.02,27.18,0.6223,"[41, 7, 0, 5, 1, 33, 45, 10, 43, 48, 28, 30, 17, 26, 9, 23, 39, 32, 31, 3, 44, 46, 2, 4, 20, 15, 14, 25, 37, 42, 13, 27, 6, 8, 36, 38, 11, 35, 18, 49, 21, 47, 19, 16, 29, 40, 34, 24, 22, 12]","[44, 35, 40, 14, 17, 25, 28, 49, 22, 5, 6, 48, 10, 27, 37, 42, 30, 18, 13, 16, 11, 32, 41, 15, 43, 31, 20, 47, 24, 19, 29, 3, 9, 36, 39, 8, 2, 26, 0, 46, 12, 34, 7, 1, 21, 45, 23, 33, 38, 4]"
165,100,200,0.8,0.0,0.0,2273,1655.15,1498,1793,100.02,27.18,1.2639,"[41, 7, 0, 5, 1, 33, 45, 10, 43, 48, 28, 30, 17, 26, 9, 23, 39, 32, 31, 3, 44, 46, 2, 4, 20, 15, 14, 25, 37, 42, 13, 27, 6, 8, 36, 38, 11, 35, 18, 49, 21, 47, 19, 16, 29, 40, 34, 24, 22, 12]","[44, 35, 40, 14, 17, 25, 28, 49, 22, 5, 6, 48, 10, 27, 37, 42, 30, 18, 13, 16, 11, 32, 41, 15, 43, 31, 20, 47, 24, 19, 29, 3, 9, 36, 39, 8, 2, 26, 0, 46, 12, 34, 7, 1, 21, 45, 23, 33, 38, 4]"
166,100,50,0.8,0.0,0.7,2273,1660.65,1461,1940,112.86,26.94,0.3118,"[41, 7, 0, 5, 1, 33, 45, 10, 43, 48, 28, 30, 17, 26, 9, 23, 39, 32, 31, 3, 44, 46, 2, 4, 20, 15, 14, 25, 37, 42, 13, 27, 6, 8, 36, 38, 11, 35, 18, 49, 21, 47, 19, 16, 29, 40, 34, 24, 22, 12]","[41, 7, 0, 5, 1, 33, 45, 10, 4, 15, 6, 9, 14, 11, 19, 3, 34, 39, 46, 28, 20, 44, 31, 2, 35, 29, 26, 40, 24, 49, 42, 16, 8, 21, 22, 36, 38, 17, 12, 30, 13, 23, 18, 37, 47, 27, 43, 32, 48, 25]"
167,100,100,0.8,0.0,0.7,2273,1660.65,1461,1940,112.86,26.94,0.6378,"[41, 7, 0, 5, 1, 33, 45, 10, 43, 48, 28, 30, 17, 26, 9, 23, 39, 32, 31, 3, 44, 46, 2, 4, 20, 15, 14, 25, 37, 42, 13, 27, 6, 8, 36, 38, 11, 35, 18, 49, 21, 47, 19, 16, 29, 40, 34, 24, 22, 12]","[41, 7, 0, 5, 1, 33, 45, 10, 4, 15, 6, 9, 14, 11, 19, 3, 34, 39, 46, 28, 20, 44, 31, 2, 35, 29, 26, 40, 24, 49, 42, 16, 8, 21, 22, 36, 38, 17, 12, 30, 13, 23, 18, 37, 47, 27, 43, 32, 48, 25]"
168,100,200,0.8,0.0,0.7,2273,1660.65,1461,1940,112.86,26.94,1.2588,"[41, 7, 0, 5, 1, 33, 45, 10, 43, 48, 28, 30, 17, 26, 9, 23, 39, 32, 31, 3, 44, 46, 2, 4, 20, 15, 14, 25, 37, 42, 13, 27, 6, 8, 36, 38, 11, 35, 18, 49, 21, 47, 19, 16, 29, 40, 34, 24, 22, 12]","[41, 7, 0, 5, 1, 33, 45, 10, 4, 15, 6, 9, 14, 11, 19, 3, 34, 39, 46, 28, 20, 44, 31, 2, 35, 29, 26, 40, 24, 49, 42, 16, 8, 21, 22, 36, 38, 17, 12, 30, 13, 23, 18, 37, 47, 27, 43, 32, 48, 25]"
169,100,10,0.5,0.8,0.7,2273,1671.35,1529,1807,78.37,26.47,0.0675,"[41, 7, 0, 5, 1, 33, 45, 10, 43, 48, 28, 30, 17, 26, 9, 23, 39, 32, 31, 3, 44, 46, 2, 4, 20, 15, 14, 25, 37, 42, 13, 27, 6, 8, 36, 38, 11, 35, 18, 49, 21, 47, 19, 16, 29, 40, 34, 24, 22, 12]","[41, 7, 0, 5, 1, 33, 45, 22, 43, 21, 28, 30, 15, 26, 9, 23, 39, 20, 31, 3, 44, 32, 2, 4, 46, 17, 6, 25, 37, 42, 13, 27, 14, 8, 36, 38, 11, 10, 18, 49, 40, 47, 24, 48, 34, 16, 35, 29, 19, 12]"
170,100,10,0.8,0.8,0.7,2273,1683.75,1521,1779,71.94,25.92,0.069,"[41, 7, 0, 5, 1, 33, 45, 10, 43, 48, 28, 30, 17, 26, 9, 23, 39, 32, 31, 3, 44, 46, 2, 4, 20, 15, 14, 25, 37, 42, 13, 27, 6, 8, 36, 38, 11, 35, 18, 49, 21, 47, 19, 16, 29, 40, 34, 24, 22, 12]","[26, 18, 41, 33, 46, 28, 42, 6, 4, 15, 2, 9, 14, 34, 44, 43, 24, 38, 7, 49, 23, 11, 39, 22, 40, 47, 8, 29, 21, 0, 30, 25, 13, 16, 19, 3, 27, 5, 36, 10, 32, 35, 20, 31, 45, 1, 37, 17, 12, 48]"
171,100,10,0.2,0.8,0.1,2273,1688.0,1480,1779,76.02,25.74,0.0653,"[41, 7, 0, 5, 1, 33, 45, 10, 43, 48, 28, 30, 17, 26, 9, 23, 39, 32, 31, 3, 44, 46, 2, 4, 20, 15, 14, 25, 37, 42, 13, 27, 6, 8, 36, 38, 11, 35, 18, 49, 21, 47, 19, 16, 29, 40, 34, 24, 22, 12]","[41, 7, 0, 5, 1, 33, 45, 23, 43, 48, 28, 30, 17, 14, 23, 32, 37, 9, 29, 4, 3, 18, 46, 26, 40, 24, 38, 11, 47, 13, 2, 19, 49, 42, 27, 22, 12, 31, 44, 16, 15, 35, 6, 34, 8, 36, 20, 10, 21, 25]"
172,50,10,0.5,0.8,0.1,2273,1697.45,1619,1820,60.12,25.32,0.0314,"[41, 7, 0, 5, 1, 33, 45, 10, 43, 48, 28, 30, 17, 26, 9, 23, 39, 32, 31, 3, 44, 46, 2, 4, 20, 15, 14, 25, 37, 42, 13, 27, 6, 8, 36, 38, 11, 35, 18, 49, 21, 47, 19, 16, 29, 40, 34, 24, 22, 12]","[12, 31, 40, 6, 26, 17, 48, 1, 11, 15, 2, 19, 24, 45, 5, 29, 9, 23, 32, 0, 14, 49, 18, 28, 38, 33, 16, 34, 44, 46, 13, 25, 20, 39, 22, 10, 21, 37, 42, 36, 8, 27, 35, 47, 7, 4, 3, 41, 30, 43]"
173,50,10,0.5,0.8,0.7,2273,1701.9,1587,1811,52.04,25.13,0.0316,"[41, 7, 0, 5, 1, 33, 45, 10, 43, 48, 28, 30, 17, 26, 9, 23, 39, 32, 31, 3, 44, 46, 2, 4, 20, 15, 14, 25, 37, 42, 13, 27, 6, 8, 36, 38, 11, 35, 18, 49, 21, 47, 19, 16, 29, 40, 34, 24, 22, 12]","[34, 7, 0, 5, 1, 33, 45, 10, 4, 46, 28, 32, 17, 14, 9, 23, 39, 30, 48, 3, 44, 31, 2, 43, 20, 15, 26, 25, 37, 42, 13, 27, 6, 8, 35, 22, 21, 41, 18, 29, 24, 49, 40, 16, 19, 47, 11, 36, 38, 12]"
174,100,10,0.8,0.8,0.1,2273,1702.15,1536,1834,81.75,25.11,0.0691,"[41, 7, 0, 5, 1, 33, 45, 10, 43, 48, 28, 30, 17, 26, 9, 23, 39, 32, 31, 3, 44, 46, 2, 4, 20, 15, 14, 25, 37, 42, 13, 27, 6, 8, 36, 38, 11, 35, 18, 49, 21, 47, 19, 16, 29, 40, 34, 24, 22, 12]","[8, 16, 44, 6, 26, 35, 48, 1, 11, 15, 33, 14, 10, 7, 3, 20, 31, 41, 22, 46, 28, 32, 25, 17, 9, 47, 13, 12, 43, 45, 5, 29, 24, 40, 19, 2, 34, 42, 23, 37, 0, 49, 27, 30, 21, 18, 36, 38, 4, 39]"
175,50,10,0.8,0.8,0.7,2273,1707.4,1550,1837,86.99,24.88,0.0326,"[41, 7, 0, 5, 1, 33, 45, 10, 43, 48, 28, 30, 17, 26, 9, 23, 39, 32, 31, 3, 44, 46, 2, 4, 20, 15, 14, 25, 37, 42, 13, 27, 6, 8, 36, 38, 11, 35, 18, 49, 21, 47, 19, 16, 29, 40, 34, 24, 22, 12]","[41, 43, 0, 5, 1, 33, 45, 10, 7, 39, 28, 30, 17, 27, 9, 23, 26, 32, 8, 3, 44, 46, 2, 4, 20, 15, 40, 25, 14, 42, 13, 48, 11, 31, 36, 38, 47, 35, 18, 49, 21, 6, 37, 29, 24, 34, 16, 22, 12, 19]"
176,100,50,0.5,0.0,0.7,2273,1709.8,1519,1855,100.01,24.78,0.3084,"[41, 7, 0, 5, 1, 33, 45, 10, 43, 48, 28, 30, 17, 26, 9, 23, 39, 32, 31, 3, 44, 46, 2, 4, 20, 15, 14, 25, 37, 42, 13, 27, 6, 8, 36, 38, 11, 35, 18, 49, 21, 47, 19, 16, 29, 40, 34, 24, 22, 12]","[41, 7, 0, 5, 1, 33, 45, 10, 43, 48, 14, 23, 42, 46, 19, 3, 34, 30, 31, 25, 20, 44, 32, 4, 21, 36, 28, 6, 24, 49, 40, 39, 8, 16, 22, 26, 38, 11, 35, 18, 13, 17, 2, 9, 15, 47, 27, 12, 37, 29]"
177,100,100,0.5,0.0,0.7,2273,1709.8,1519,1855,100.01,24.78,0.6119,"[41, 7, 0, 5, 1, 33, 45, 10, 43, 48, 28, 30, 17, 26, 9, 23, 39, 32, 31, 3, 44, 46, 2, 4, 20, 15, 14, 25, 37, 42, 13, 27, 6, 8, 36, 38, 11, 35, 18, 49, 21, 47, 19, 16, 29, 40, 34, 24, 22, 12]","[41, 7, 0, 5, 1, 33, 45, 10, 43, 48, 14, 23, 42, 46, 19, 3, 34, 30, 31, 25, 20, 44, 32, 4, 21, 36, 28, 6, 24, 49, 40, 39, 8, 16, 22, 26, 38, 11, 35, 18, 13, 17, 2, 9, 15, 47, 27, 12, 37, 29]"
178,100,200,0.5,0.0,0.7,2273,1709.8,1519,1855,100.01,24.78,1.2381,"[41, 7, 0, 5, 1, 33, 45, 10, 43, 48, 28, 30, 17, 26, 9, 23, 39, 32, 31, 3, 44, 46, 2, 4, 20, 15, 14, 25, 37, 42, 13, 27, 6, 8, 36, 38, 11, 35, 18, 49, 21, 47, 19, 16, 29, 40, 34, 24, 22, 12]","[41, 7, 0, 5, 1, 33, 45, 10, 43, 48, 14, 23, 42, 46, 19, 3, 34, 30, 31, 25, 20, 44, 32, 4, 21, 36, 28, 6, 24, 49, 40, 39, 8, 16, 22, 26, 38, 11, 35, 18, 13, 17, 2, 9, 15, 47, 27, 12, 37, 29]"
179,100,10,0.5,0.8,0.1,2273,1710.1,1567,1839,68.7,24.76,0.0674,"[41, 7, 0, 5, 1, 33, 45, 10, 43, 48, 28, 30, 17, 26, 9, 23, 39, 32, 31, 3, 44, 46, 2, 4, 20, 15, 14, 25, 37, 42, 13, 27, 6, 8, 36, 38, 11, 35, 18, 49, 21, 47, 19, 16, 29, 40, 34, 24, 22, 12]","[1, 34, 45, 5, 40, 2, 3, 17, 29, 15, 6, 9, 30, 27, 35, 43, 24, 33, 22, 21, 28, 11, 32, 0, 26, 10, 41, 14, 18, 13, 23, 38, 39, 4, 44, 12, 19, 37, 42, 49, 46, 8, 36, 47, 7, 16, 31, 25, 48, 20]"
180,100,10,0.2,0.8,0.7,2273,1710.6,1633,1795,38.0,24.74,0.0655,"[41, 7, 0, 5, 1, 33, 45, 10, 43, 48, 28, 30, 17, 26, 9, 23, 39, 32, 31, 3, 44, 46, 2, 4, 20, 15, 14, 25, 37, 42, 13, 27, 6, 8, 36, 38, 11, 35, 18, 49, 21, 47, 19, 16, 29, 40, 34, 24, 22, 12]","[41, 7, 0, 5, 1, 33, 45, 10, 43, 48, 28, 47, 17, 14, 9, 23, 39, 34, 31, 3, 44, 4, 2, 46, 20, 15, 26, 25, 37, 42, 13, 27, 6, 8, 36, 38, 11, 35, 18, 49, 21, 30, 19, 16, 40, 32, 29, 24, 12, 22]"
181,100,10,0.8,0.2,0.1,2273,1714.95,1556,1846,78.98,24.55,0.0672,"[41, 7, 0, 5, 1, 33, 45, 10, 43, 48, 28, 30, 17, 26, 9, 23, 39, 32, 31, 3, 44, 46, 2, 4, 20, 15, 14, 25, 37, 42, 13, 27, 6, 8, 36, 38, 11, 35, 18, 49, 21, 47, 19, 16, 29, 40, 34, 24, 22, 12]","[41, 7, 0, 5, 1, 33, 47, 24, 20, 10, 3, 46, 39, 21, 31, 15, 26, 9, 36, 4, 6, 11, 42, 35, 30, 44, 38, 48, 32, 45, 13, 27, 37, 8, 43, 12, 34, 17, 18, 49, 23, 16, 19, 2, 22, 40, 28, 25, 14, 29]"
182,100,50,0.8,0.0,0.1,2273,1720.7,1512,1909,109.39,24.3,0.3115,"[41, 7, 0, 5, 1, 33, 45, 10, 43, 48, 28, 30, 17, 26, 9, 23, 39, 32, 31, 3, 44, 46, 2, 4, 20, 15, 14, 25, 37, 42, 13, 27, 6, 8, 36, 38, 11, 35, 18, 49, 21, 47, 19, 16, 29, 40, 34, 24, 22, 12]","[26, 18, 0, 5, 1, 33, 40, 17, 4, 15, 6, 9, 14, 34, 35, 43, 24, 45, 22, 21, 28, 11, 48, 3, 2, 29, 7, 30, 12, 13, 10, 27, 46, 39, 49, 8, 23, 38, 25, 32, 41, 31, 36, 42, 20, 47, 16, 19, 44, 37]"
183,100,100,0.8,0.0,0.1,2273,1720.7,1512,1909,109.39,24.3,0.6213,"[41, 7, 0, 5, 1, 33, 45, 10, 43, 48, 28, 30, 17, 26, 9, 23, 39, 32, 31, 3, 44, 46, 2, 4, 20, 15, 14, 25, 37, 42, 13, 27, 6, 8, 36, 38, 11, 35, 18, 49, 21, 47, 19, 16, 29, 40, 34, 24, 22, 12]","[26, 18, 0, 5, 1, 33, 40, 17, 4, 15, 6, 9, 14, 34, 35, 43, 24, 45, 22, 21, 28, 11, 48, 3, 2, 29, 7, 30, 12, 13, 10, 27, 46, 39, 49, 8, 23, 38, 25, 32, 41, 31, 36, 42, 20, 47, 16, 19, 44, 37]"
184,100,200,0.8,0.0,0.1,2273,1720.7,1512,1909,109.39,24.3,1.26,"[41, 7, 0, 5, 1, 33, 45, 10, 43, 48, 28, 30, 17, 26, 9, 23, 39, 32, 31, 3, 44, 46, 2, 4, 20, 15, 14, 25, 37, 42, 13, 27, 6, 8, 36, 38, 11, 35, 18, 49, 21, 47, 19, 16, 29, 40, 34, 24, 22, 12]","[26, 18, 0, 5, 1, 33, 40, 17, 4, 15, 6, 9, 14, 34, 35, 43, 24, 45, 22, 21, 28, 11, 48, 3, 2, 29, 7, 30, 12, 13, 10, 27, 46, 39, 49, 8, 23, 38, 25, 32, 41, 31, 36, 42, 20, 47, 16, 19, 44, 37]"
185,50,10,0.2,0.8,0.7,2273,1727.2,1576,1864,57.97,24.01,0.0309,"[41, 7, 0, 5, 1, 33, 45, 10, 43, 48, 28, 30, 17, 26, 9, 23, 39, 32, 31, 3, 44, 46, 2, 4, 20, 15, 14, 25, 37, 42, 13, 27, 6, 8, 36, 38, 11, 35, 18, 49, 21, 47, 19, 16, 29, 40, 34, 24, 22, 12]","[41, 7, 0, 5, 1, 33, 45, 10, 43, 48, 42, 30, 25, 14, 9, 23, 39, 6, 34, 3, 44, 46, 2, 4, 20, 15, 26, 17, 37, 28, 13, 27, 32, 8, 36, 38, 11, 35, 18, 49, 21, 12, 19, 16, 29, 40, 31, 24, 47, 22]"
186,100,10,0.8,0.2,0.7,2273,1733.35,1645,1844,51.14,23.74,0.0672,"[41, 7, 0, 5, 1, 33, 45, 10, 43, 48, 28, 30, 17, 26, 9, 23, 39, 32, 31, 3, 44, 46, 2, 4, 20, 15, 14, 25, 37, 42, 13, 27, 6, 8, 36, 38, 11, 35, 18, 49, 21, 47, 19, 16, 29, 40, 34, 24, 22, 12]","[41, 7, 0, 5, 3, 37, 47, 24, 20, 10, 33, 46, 39, 21, 31, 15, 26, 34, 36, 2, 6, 11, 42, 35, 30, 44, 38, 48, 32, 45, 13, 27, 14, 8, 43, 12, 9, 17, 18, 49, 23, 29, 19, 16, 4, 22, 25, 1, 28, 40]"
187,50,10,0.8,0.8,0.1,2273,1735.7,1633,1914,71.21,23.64,0.0325,"[41, 7, 0, 5, 1, 33, 45, 10, 43, 48, 28, 30, 17, 26, 9, 23, 39, 32, 31, 3, 44, 46, 2, 4, 20, 15, 14, 25, 37, 42, 13, 27, 6, 8, 36, 38, 11, 35, 18, 49, 21, 47, 19, 16, 29, 40, 34, 24, 22, 12]","[41, 7, 0, 5, 1, 33, 45, 10, 25, 48, 3, 28, 38, 4, 9, 23, 16, 32, 31, 34, 27, 13, 2, 30, 20, 15, 36, 44, 37, 42, 46, 26, 6, 8, 14, 43, 11, 35, 18, 49, 29, 47, 17, 12, 40, 19, 21, 24, 39, 22]"
188,50,10,0.2,0.8,0.1,2273,1735.95,1613,1850,57.36,23.63,0.0309,"[41, 7, 0, 5, 1, 33, 45, 10, 43, 48, 28, 30, 17, 26, 9, 23, 39, 32, 31, 3, 44, 46, 2, 4, 20, 15, 14, 25, 37, 42, 13, 27, 6, 8, 36, 38, 11, 35, 18, 49, 21, 47, 19, 16, 29, 40, 34, 24, 22, 12]","[41, 7, 0, 5, 1, 33, 45, 10, 43, 48, 28, 47, 25, 14, 9, 23, 39, 6, 31, 3, 13, 15, 2, 4, 20, 46, 26, 17, 37, 42, 44, 27, 32, 8, 36, 38, 11, 35, 18, 49, 21, 30, 19, 16, 29, 12, 34, 24, 22, 40]"
189,10,10,0.8,0.8,0.1,2469,1896.05,1691,2106,99.78,23.21,0.007,"[44, 35, 6, 14, 5, 24, 33, 8, 17, 2, 16, 7, 31, 10, 39, 34, 26, 23, 38, 43, 12, 45, 0, 18, 30, 19, 1, 3, 40, 46, 9, 47, 22, 41, 32, 20, 37, 49, 48, 11, 42, 29, 4, 27, 13, 28, 21, 36, 15, 25]","[44, 35, 0, 14, 5, 12, 33, 8, 17, 2, 16, 24, 31, 10, 39, 34, 49, 23, 41, 43, 7, 45, 6, 18, 30, 19, 1, 3, 40, 46, 48, 47, 22, 38, 13, 20, 37, 26, 9, 11, 42, 29, 4, 27, 32, 36, 15, 21, 28, 25]"
190,100,10,0.5,0.2,0.0,2273,1752.7,1623,1868,63.87,22.89,0.0662,"[41, 7, 0, 5, 1, 33, 45, 10, 43, 48, 28, 30, 17, 26, 9, 23, 39, 32, 31, 3, 44, 46, 2, 4, 20, 15, 14, 25, 37, 42, 13, 27, 6, 8, 36, 38, 11, 35, 18, 49, 21, 47, 19, 16, 29, 40, 34, 24, 22, 12]","[48, 45, 22, 13, 27, 38, 47, 24, 20, 10, 42, 46, 39, 21, 31, 15, 26, 34, 37, 2, 6, 11, 33, 35, 30, 44, 0, 41, 32, 8, 29, 7, 4, 25, 36, 16, 12, 43, 1, 23, 40, 19, 18, 49, 17, 5, 9, 14, 3, 28]"
191,100,50,0.5,0.0,0.1,2273,1754.2,1490,1985,112.33,22.82,0.3073,"[41, 7, 0, 5, 1, 33, 45, 10, 43, 48, 28, 30, 17, 26, 9, 23, 39, 32, 31, 3, 44, 46, 2, 4, 20, 15, 14, 25, 37, 42, 13, 27, 6, 8, 36, 38, 11, 35, 18, 49, 21, 47, 19, 16, 29, 40, 34, 24, 22, 12]","[41, 7, 0, 5, 1, 33, 45, 12, 31, 39, 14, 23, 42, 46, 19, 3, 34, 30, 10, 11, 20, 44, 32, 4, 25, 36, 40, 6, 24, 49, 21, 28, 8, 2, 15, 43, 26, 35, 48, 22, 38, 17, 29, 47, 16, 13, 27, 9, 37, 18]"
192,100,100,0.5,0.0,0.1,2273,1754.2,1490,1985,112.33,22.82,0.6115,"[41, 7, 0, 5, 1, 33, 45, 10, 43, 48, 28, 30, 17, 26, 9, 23, 39, 32, 31, 3, 44, 46, 2, 4, 20, 15, 14, 25, 37, 42, 13, 27, 6, 8, 36, 38, 11, 35, 18, 49, 21, 47, 19, 16, 29, 40, 34, 24, 22, 12]","[41, 7, 0, 5, 1, 33, 45, 12, 31, 39, 14, 23, 42, 46, 19, 3, 34, 30, 10, 11, 20, 44, 32, 4, 25, 36, 40, 6, 24, 49, 21, 28, 8, 2, 15, 43, 26, 35, 48, 22, 38, 17, 29, 47, 16, 13, 27, 9, 37, 18]"
193,100,200,0.5,0.0,0.1,2273,1754.2,1490,1985,112.33,22.82,1.2245,"[41, 7, 0, 5, 1, 33, 45, 10, 43, 48, 28, 30, 17, 26, 9, 23, 39, 32, 31, 3, 44, 46, 2, 4, 20, 15, 14, 25, 37, 42, 13, 27, 6, 8, 36, 38, 11, 35, 18, 49, 21, 47, 19, 16, 29, 40, 34, 24, 22, 12]","[41, 7, 0, 5, 1, 33, 45, 12, 31, 39, 14, 23, 42, 46, 19, 3, 34, 30, 10, 11, 20, 44, 32, 4, 25, 36, 40, 6, 24, 49, 21, 28, 8, 2, 15, 43, 26, 35, 48, 22, 38, 17, 29, 47, 16, 13, 27, 9, 37, 18]"
194,100,10,0.5,0.2,0.7,2273,1754.5,1657,1863,55.94,22.81,0.0655,"[41, 7, 0, 5, 1, 33, 45, 10, 43, 48, 28, 30, 17, 26, 9, 23, 39, 32, 31, 3, 44, 46, 2, 4, 20, 15, 14, 25, 37, 42, 13, 27, 6, 8, 36, 38, 11, 35, 18, 49, 21, 47, 19, 16, 29, 40, 34, 24, 22, 12]","[41, 7, 0, 5, 1, 33, 45, 10, 43, 48, 28, 23, 11, 42, 19, 3, 34, 30, 46, 32, 44, 26, 2, 4, 20, 15, 14, 25, 37, 17, 13, 27, 6, 8, 36, 38, 39, 35, 18, 49, 21, 47, 9, 16, 29, 22, 40, 12, 31, 24]"
195,50,10,0.8,0.2,0.7,2273,1756.6,1634,1932,78.3,22.72,0.0313,"[41, 7, 0, 5, 1, 33, 45, 10, 43, 48, 28, 30, 17, 26, 9, 23, 39, 32, 31, 3, 44, 46, 2, 4, 20, 15, 14, 25, 37, 42, 13, 27, 6, 8, 36, 38, 11, 35, 18, 49, 21, 47, 19, 16, 29, 40, 34, 24, 22, 12]","[41, 7, 0, 5, 1, 33, 45, 10, 43, 48, 28, 30, 17, 8, 9, 23, 39, 14, 31, 3, 44, 46, 2, 4, 20, 15, 32, 25, 37, 42, 13, 27, 6, 26, 36, 38, 11, 35, 18, 49, 21, 47, 19, 29, 24, 16, 22, 40, 12, 34]"
196,100,10,0.5,0.8,0.0,2273,1757.75,1592,1849,63.75,22.67,0.0677,"[41, 7, 0, 5, 1, 33, 45, 10, 43, 48, 28, 30, 17, 26, 9, 23, 39, 32, 31, 3, 44, 46, 2, 4, 20, 15, 14, 25, 37, 42, 13, 27, 6, 8, 36, 38, 11, 35, 18, 49, 21, 47, 19, 16, 29, 40, 34, 24, 22, 12]","[41, 7, 0, 5, 1, 33, 14, 8, 17, 2, 47, 24, 31, 10, 9, 34, 26, 23, 38, 49, 12, 21, 6, 18, 28, 19, 44, 3, 40, 46, 39, 16, 22, 35, 45, 20, 37, 43, 32, 11, 42, 29, 4, 30, 27, 15, 36, 25, 48, 13]"
197,100,10,0.8,0.0,0.7,2273,1758.8,1557,1940,96.6,22.62,0.0664,"[41, 7, 0, 5, 1, 33, 45, 10, 43, 48, 28, 30, 17, 26, 9, 23, 39, 32, 31, 3, 44, 46, 2, 4, 20, 15, 14, 25, 37, 42, 13, 27, 6, 8, 36, 38, 11, 35, 18, 49, 21, 47, 19, 16, 29, 40, 34, 24, 22, 12]","[41, 7, 0, 5, 1, 33, 45, 10, 4, 15, 6, 9, 14, 11, 19, 3, 34, 23, 46, 40, 20, 44, 38, 17, 2, 29, 26, 48, 24, 49, 30, 31, 8, 21, 22, 36, 35, 16, 18, 28, 12, 39, 27, 37, 47, 42, 43, 32, 25, 13]"
198,100,10,0.5,0.2,0.1,2273,1759.2,1644,1903,61.09,22.6,0.0657,"[41, 7, 0, 5, 1, 33, 45, 10, 43, 48, 28, 30, 17, 26, 9, 23, 39, 32, 31, 3, 44, 46, 2, 4, 20, 15, 14, 25, 37, 42, 13, 27, 6, 8, 36, 38, 11, 35, 18, 49, 21, 47, 19, 16, 29, 40, 34, 24, 22, 12]","[41, 7, 0, 5, 1, 33, 45, 10, 43, 26, 28, 30, 17, 48, 9, 23, 39, 14, 31, 3, 44, 46, 27, 4, 20, 15, 32, 25, 37, 42, 13, 2, 6, 8, 36, 38, 11, 35, 18, 49, 21, 47, 19, 16, 29, 24, 40, 12, 34, 22]"
199,10,10,0.5,0.8,0.0,2469,1912.9,1741,2090,98.56,22.52,0.0064,"[44, 35, 6, 14, 5, 24, 33, 8, 17, 2, 16, 7, 31, 10, 39, 34, 26, 23, 38, 43, 12, 45, 0, 18, 30, 19, 1, 3, 40, 46, 9, 47, 22, 41, 32, 20, 37, 49, 48, 11, 42, 29, 4, 27, 13, 28, 21, 36, 15, 25]","[34, 30, 37, 2, 35, 10, 15, 46, 6, 25, 26, 7, 48, 45, 1, 33, 13, 17, 49, 0, 11, 8, 20, 16, 22, 28, 42, 38, 18, 36, 23, 24, 32, 43, 14, 5, 47, 3, 4, 41, 39, 21, 40, 19, 44, 27, 31, 12, 29, 9]"
200,50,10,0.8,0.2,0.1,2273,1766.2,1604,1956,84.48,22.3,0.0314,"[41, 7, 0, 5, 1, 33, 45, 10, 43, 48, 28, 30, 17, 26, 9, 23, 39, 32, 31, 3, 44, 46, 2, 4, 20, 15, 14, 25, 37, 42, 13, 27, 6, 8, 36, 38, 11, 35, 18, 49, 21, 47, 19, 16, 29, 40, 34, 24, 22, 12]","[41, 7, 0, 5, 1, 33, 45, 10, 43, 48, 28, 30, 17, 21, 9, 23, 39, 14, 31, 3, 44, 46, 2, 4, 20, 15, 32, 25, 37, 42, 13, 27, 6, 8, 36, 38, 11, 35, 18, 49, 26, 47, 16, 19, 12, 34, 29, 22, 40, 24]"
201,100,10,0.8,0.0,0.1,2273,1766.3,1550,2008,103.6,22.29,0.0668,"[41, 7, 0, 5, 1, 33, 45, 10, 43, 48, 28, 30, 17, 26, 9, 23, 39, 32, 31, 3, 44, 46, 2, 4, 20, 15, 14, 25, 37, 42, 13, 27, 6, 8, 36, 38, 11, 35, 18, 49, 21, 47, 19, 16, 29, 40, 34, 24, 22, 12]","[26, 18, 0, 5, 1, 33, 40, 17, 4, 15, 6, 9, 14, 34, 35, 43, 24, 45, 22, 21, 28, 11, 48, 7, 2, 29, 12, 30, 3, 13, 10, 27, 46, 39, 36, 16, 23, 8, 20, 32, 41, 31, 19, 42, 49, 47, 38, 25, 44, 37]"
202,100,10,0.8,0.8,0.0,2273,1769.55,1569,1906,90.2,22.15,0.0696,"[41, 7, 0, 5, 1, 33, 45, 10, 43, 48, 28, 30, 17, 26, 9, 23, 39, 32, 31, 3, 44, 46, 2, 4, 20, 15, 14, 25, 37, 42, 13, 27, 6, 8, 36, 38, 11, 35, 18, 49, 21, 47, 19, 16, 29, 40, 34, 24, 22, 12]","[25, 19, 11, 40, 46, 37, 21, 41, 42, 35, 26, 2, 31, 19, 43, 17, 5, 1, 4, 6, 28, 20, 34, 0, 14, 29, 22, 30, 13, 33, 39, 12, 24, 48, 15, 36, 38, 47, 27, 32, 44, 49, 23, 8, 10, 18, 16, 3, 9, 7]"
203,100,10,0.8,0.2,0.0,2273,1770.95,1549,1946,105.9,22.09,0.0673,"[41, 7, 0, 5, 1, 33, 45, 10, 43, 48, 28, 30, 17, 26, 9, 23, 39, 32, 31, 3, 44, 46, 2, 4, 20, 15, 14, 25, 37, 42, 13, 27, 6, 8, 36, 38, 11, 35, 18, 49, 21, 47, 19, 16, 29, 40, 34, 24, 22, 12]","[25, 12, 11, 40, 46, 45, 21, 41, 42, 35, 26, 2, 17, 19, 43, 31, 28, 23, 38, 48, 16, 7, 5, 44, 33, 47, 27, 15, 6, 4, 13, 14, 39, 8, 9, 18, 34, 3, 36, 10, 30, 22, 20, 1, 49, 0, 37, 29, 24, 32]"
204,100,10,0.8,0.0,0.0,2273,1771.35,1679,1886,52.57,22.07,0.0678,"[41, 7, 0, 5, 1, 33, 45, 10, 43, 48, 28, 30, 17, 26, 9, 23, 39, 32, 31, 3, 44, 46, 2, 4, 20, 15, 14, 25, 37, 42, 13, 27, 6, 8, 36, 38, 11, 35, 18, 49, 21, 47, 19, 16, 29, 40, 34, 24, 22, 12]","[44, 35, 40, 14, 17, 25, 28, 49, 22, 5, 6, 48, 10, 27, 37, 43, 24, 33, 4, 21, 3, 11, 45, 0, 26, 29, 41, 42, 47, 39, 9, 8, 32, 36, 20, 30, 2, 34, 16, 46, 12, 15, 18, 1, 7, 31, 23, 19, 13, 38]"
205,100,10,0.2,0.8,0.0,2273,1771.6,1683,1872,56.62,22.06,0.0653,"[41, 7, 0, 5, 1, 33, 45, 10, 43, 48, 28, 30, 17, 26, 9, 23, 39, 32, 31, 3, 44, 46, 2, 4, 20, 15, 14, 25, 37, 42, 13, 27, 6, 8, 36, 38, 11, 35, 18, 49, 21, 47, 19, 16, 29, 40, 34, 24, 22, 12]","[33, 25, 29, 47, 8, 13, 23, 1, 12, 3, 44, 28, 42, 35, 16, 46, 37, 45, 2, 49, 9, 11, 39, 22, 41, 7, 4, 21, 40, 0, 30, 14, 6, 17, 19, 43, 34, 20, 31, 24, 18, 5, 38, 27, 36, 10, 15, 26, 32, 48]"
206,10,10,0.5,0.8,0.1,2469,1925.1,1738,2050,92.67,22.03,0.0064,"[44, 35, 6, 14, 5, 24, 33, 8, 17, 2, 16, 7, 31, 10, 39, 34, 26, 23, 38, 43, 12, 45, 0, 18, 30, 19, 1, 3, 40, 46, 9, 47, 22, 41, 32, 20, 37, 49, 48, 11, 42, 29, 4, 27, 13, 28, 21, 36, 15, 25]","[34, 30, 43, 2, 31, 10, 40, 48, 6, 25, 26, 39, 46, 3, 13, 33, 1, 37, 19, 18, 20, 8, 21, 38, 22, 28, 15, 16, 35, 7, 9, 47, 17, 14, 32, 11, 0, 49, 5, 24, 27, 29, 4, 42, 23, 44, 45, 41, 36, 12]"
207,10,10,0.5,0.8,0.7,2469,1925.9,1705,2053,92.94,22.0,0.0063,"[44, 35, 6, 14, 5, 24, 33, 8, 17, 2, 16, 7, 31, 10, 39, 34, 26, 23, 38, 43, 12, 45, 0, 18, 30, 19, 1, 3, 40, 46, 9, 47, 22, 41, 32, 20, 37, 49, 48, 11, 42, 29, 4, 27, 13, 28, 21, 36, 15, 25]","[34, 30, 37, 2, 35, 10, 40, 39, 6, 25, 26, 45, 46, 48, 13, 33, 16, 23, 41, 43, 12, 44, 21, 36, 24, 19, 5, 3, 42, 7, 9, 47, 22, 38, 32, 20, 14, 49, 17, 11, 8, 29, 4, 27, 31, 15, 1, 0, 18, 28]"
208,10,10,0.8,0.8,0.7,2469,1927.25,1728,2037,88.34,21.94,0.007,"[44, 35, 6, 14, 5, 24, 33, 8, 17, 2, 16, 7, 31, 10, 39, 34, 26, 23, 38, 43, 12, 45, 0, 18, 30, 19, 1, 3, 40, 46, 9, 47, 22, 41, 32, 20, 37, 49, 48, 11, 42, 29, 4, 27, 13, 28, 21, 36, 15, 25]","[44, 35, 25, 14, 5, 12, 33, 8, 17, 2, 16, 7, 31, 10, 39, 34, 26, 23, 42, 43, 24, 46, 3, 18, 30, 19, 1, 0, 40, 47, 48, 45, 22, 38, 32, 20, 49, 37, 9, 11, 41, 29, 4, 27, 13, 36, 15, 6, 28, 21]"
209,100,10,0.2,0.2,0.1,2273,1776.4,1666,1858,50.53,21.85,0.064,"[41, 7, 0, 5, 1, 33, 45, 10, 43, 48, 28, 30, 17, 26, 9, 23, 39, 32, 31, 3, 44, 46, 2, 4, 20, 15, 14, 25, 37, 42, 13, 27, 6, 8, 36, 38, 11, 35, 18, 49, 21, 47, 19, 16, 29, 40, 34, 24, 22, 12]","[41, 7, 0, 5, 1, 33, 45, 10, 43, 48, 14, 23, 42, 40, 19, 3, 34, 30, 46, 13, 20, 44, 32, 4, 21, 36, 11, 39, 24, 49, 25, 28, 29, 16, 26, 6, 38, 31, 12, 2, 22, 35, 18, 37, 47, 9, 8, 17, 27, 15]"
210,50,10,0.5,0.2,0.1,2273,1777.3,1583,1978,110.24,21.81,0.0309,"[41, 7, 0, 5, 1, 33, 45, 10, 43, 48, 28, 30, 17, 26, 9, 23, 39, 32, 31, 3, 44, 46, 2, 4, 20, 15, 14, 25, 37, 42, 13, 27, 6, 8, 36, 38, 11, 35, 18, 49, 21, 47, 19, 16, 29, 40, 34, 24, 22, 12]","[41, 7, 0, 5, 1, 33, 45, 38, 43, 48, 28, 30, 17, 26, 9, 24, 39, 32, 31, 3, 44, 46, 2, 4, 20, 15, 14, 25, 37, 42, 13, 27, 6, 8, 36, 10, 11, 35, 18, 49, 21, 47, 19, 16, 22, 40, 12, 34, 23, 29]"
211,100,10,0.2,0.2,0.7,2273,1778.85,1621,1937,69.83,21.74,0.0641,"[41, 7, 0, 5, 1, 33, 45, 10, 43, 48, 28, 30, 17, 26, 9, 23, 39, 32, 31, 3, 44, 46, 2, 4, 20, 15, 14, 25, 37, 42, 13, 27, 6, 8, 36, 38, 11, 35, 18, 49, 21, 47, 19, 16, 29, 40, 34, 24, 22, 12]","[41, 7, 0, 5, 1, 33, 45, 10, 43, 48, 20, 46, 39, 21, 31, 15, 26, 12, 36, 2, 6, 11, 42, 35, 30, 44, 38, 34, 29, 8, 32, 14, 4, 3, 37, 16, 40, 47, 25, 27, 9, 17, 23, 24, 19, 28, 18, 49, 13, 22]"
212,100,50,0.5,0.0,0.0,2273,1779.65,1561,1982,104.58,21.7,0.3093,"[41, 7, 0, 5, 1, 33, 45, 10, 43, 48, 28, 30, 17, 26, 9, 23, 39, 32, 31, 3, 44, 46, 2, 4, 20, 15, 14, 25, 37, 42, 13, 27, 6, 8, 36, 38, 11, 35, 18, 49, 21, 47, 19, 16, 29, 40, 34, 24, 22, 12]","[25, 12, 22, 13, 27, 38, 39, 41, 31, 40, 14, 23, 42, 11, 19, 3, 34, 30, 46, 8, 20, 32, 7, 4, 21, 35, 18, 1, 24, 49, 5, 28, 36, 10, 26, 17, 0, 43, 45, 33, 48, 44, 6, 37, 47, 16, 29, 2, 9, 15]"
213,100,100,0.5,0.0,0.0,2273,1779.65,1561,1982,104.58,21.7,0.615,"[41, 7, 0, 5, 1, 33, 45, 10, 43, 48, 28, 30, 17, 26, 9, 23, 39, 32, 31, 3, 44, 46, 2, 4, 20, 15, 14, 25, 37, 42, 13, 27, 6, 8, 36, 38, 11, 35, 18, 49, 21, 47, 19, 16, 29, 40, 34, 24, 22, 12]","[25, 12, 22, 13, 27, 38, 39, 41, 31, 40, 14, 23, 42, 11, 19, 3, 34, 30, 46, 8, 20, 32, 7, 4, 21, 35, 18, 1, 24, 49, 5, 28, 36, 10, 26, 17, 0, 43, 45, 33, 48, 44, 6, 37, 47, 16, 29, 2, 9, 15]"
214,100,200,0.5,0.0,0.0,2273,1779.65,1561,1982,104.58,21.7,1.2233,"[41, 7, 0, 5, 1, 33, 45, 10, 43, 48, 28, 30, 17, 26, 9, 23, 39, 32, 31, 3, 44, 46, 2, 4, 20, 15, 14, 25, 37, 42, 13, 27, 6, 8, 36, 38, 11, 35, 18, 49, 21, 47, 19, 16, 29, 40, 34, 24, 22, 12]","[25, 12, 22, 13, 27, 38, 39, 41, 31, 40, 14, 23, 42, 11, 19, 3, 34, 30, 46, 8, 20, 32, 7, 4, 21, 35, 18, 1, 24, 49, 5, 28, 36, 10, 26, 17, 0, 43, 45, 33, 48, 44, 6, 37, 47, 16, 29, 2, 9, 15]"
215,10,10,0.2,0.8,0.7,2469,1939.6,1815,2122,90.63,21.44,0.0062,"[44, 35, 6, 14, 5, 24, 33, 8, 17, 2, 16, 7, 31, 10, 39, 34, 26, 23, 38, 43, 12, 45, 0, 18, 30, 19, 1, 3, 40, 46, 9, 47, 22, 41, 32, 20, 37, 49, 48, 11, 42, 29, 4, 27, 13, 28, 21, 36, 15, 25]","[44, 35, 15, 34, 5, 24, 33, 8, 17, 2, 45, 7, 31, 10, 39, 3, 26, 23, 41, 43, 12, 30, 14, 36, 16, 19, 1, 0, 40, 46, 9, 47, 22, 38, 32, 20, 37, 49, 48, 11, 42, 29, 4, 27, 13, 6, 25, 21, 18, 28]"
216,10,10,0.8,0.8,0.0,2469,1941.95,1761,2098,88.27,21.35,0.007,"[44, 35, 6, 14, 5, 24, 33, 8, 17, 2, 16, 7, 31, 10, 39, 34, 26, 23, 38, 43, 12, 45, 0, 18, 30, 19, 1, 3, 40, 46, 9, 47, 22, 41, 32, 20, 37, 49, 48, 11, 42, 29, 4, 27, 13, 28, 21, 36, 15, 25]","[35, 6, 48, 2, 13, 7, 20, 12, 9, 30, 29, 21, 37, 11, 8, 38, 17, 5, 28, 24, 41, 19, 4, 1, 33, 46, 26, 23, 40, 39, 3, 42, 34, 15, 10, 25, 44, 16, 0, 32, 31, 27, 14, 49, 22, 36, 18, 45, 43, 47]"
217,100,10,0.5,0.0,0.1,2273,1788.65,1638,1985,78.23,21.31,0.065,"[41, 7, 0, 5, 1, 33, 45, 10, 43, 48, 28, 30, 17, 26, 9, 23, 39, 32, 31, 3, 44, 46, 2, 4, 20, 15, 14, 25, 37, 42, 13, 27, 6, 8, 36, 38, 11, 35, 18, 49, 21, 47, 19, 16, 29, 40, 34, 24, 22, 12]","[41, 7, 0, 5, 1, 33, 45, 10, 31, 40, 14, 23, 42, 11, 19, 3, 34, 30, 46, 39, 20, 44, 32, 4, 38, 36, 25, 6, 24, 49, 21, 28, 8, 2, 15, 43, 26, 35, 27, 22, 13, 17, 29, 47, 16, 12, 48, 9, 37, 18]"
218,100,10,0.5,0.0,0.7,2273,1790.75,1544,1960,104.08,21.22,0.0654,"[41, 7, 0, 5, 1, 33, 45, 10, 43, 48, 28, 30, 17, 26, 9, 23, 39, 32, 31, 3, 44, 46, 2, 4, 20, 15, 14, 25, 37, 42, 13, 27, 6, 8, 36, 38, 11, 35, 18, 49, 21, 47, 19, 16, 29, 40, 34, 24, 22, 12]","[41, 7, 0, 5, 1, 38, 39, 22, 31, 40, 14, 23, 42, 46, 19, 3, 34, 30, 48, 25, 20, 44, 32, 4, 21, 36, 28, 6, 24, 49, 43, 45, 8, 16, 33, 26, 10, 11, 35, 18, 13, 17, 2, 9, 15, 47, 12, 27, 37, 29]"
219,50,10,0.2,0.8,0.0,2273,1794.0,1682,1871,48.33,21.07,0.031,"[41, 7, 0, 5, 1, 33, 45, 10, 43, 48, 28, 30, 17, 26, 9, 23, 39, 32, 31, 3, 44, 46, 2, 4, 20, 15, 14, 25, 37, 42, 13, 27, 6, 8, 36, 38, 11, 35, 18, 49, 21, 47, 19, 16, 29, 40, 34, 24, 22, 12]","[41, 7, 0, 5, 1, 33, 45, 10, 24, 48, 28, 30, 19, 26, 2, 23, 39, 43, 31, 3, 44, 46, 32, 4, 20, 15, 14, 25, 37, 42, 13, 27, 6, 8, 36, 38, 11, 35, 18, 49, 12, 34, 17, 40, 29, 16, 47, 9, 22, 21]"
220,50,10,0.5,0.8,0.0,2273,1795.55,1704,1931,61.21,21.01,0.0318,"[41, 7, 0, 5, 1, 33, 45, 10, 43, 48, 28, 30, 17, 26, 9, 23, 39, 32, 31, 3, 44, 46, 2, 4, 20, 15, 14, 25, 37, 42, 13, 27, 6, 8, 36, 38, 11, 35, 18, 49, 21, 47, 19, 16, 29, 40, 34, 24, 22, 12]","[12, 31, 0, 5, 1, 33, 35, 10, 9, 44, 28, 41, 17, 26, 43, 23, 39, 6, 2, 34, 18, 30, 40, 49, 29, 4, 45, 25, 37, 42, 38, 27, 24, 8, 32, 48, 15, 46, 13, 7, 21, 19, 3, 20, 47, 16, 22, 36, 11, 14]"
221,100,10,0.2,0.2,0.0,2273,1796.25,1642,1924,75.65,20.97,0.0639,"[41, 7, 0, 5, 1, 33, 45, 10, 43, 48, 28, 30, 17, 26, 9, 23, 39, 32, 31, 3, 44, 46, 2, 4, 20, 15, 14, 25, 37, 42, 13, 27, 6, 8, 36, 38, 11, 35, 18, 49, 21, 47, 19, 16, 29, 40, 34, 24, 22, 12]","[41, 7, 0, 5, 1, 33, 45, 10, 43, 48, 44, 46, 39, 21, 31, 15, 26, 34, 36, 2, 6, 11, 42, 35, 30, 12, 25, 20, 32, 8, 29, 38, 4, 37, 3, 16, 40, 47, 27, 14, 9, 17, 23, 24, 19, 28, 18, 49, 13, 22]"
222,50,10,0.8,0.2,0.0,2273,1800.35,1538,1921,86.59,20.79,0.0317,"[41, 7, 0, 5, 1, 33, 45, 10, 43, 48, 28, 30, 17, 26, 9, 23, 39, 32, 31, 3, 44, 46, 2, 4, 20, 15, 14, 25, 37, 42, 13, 27, 6, 8, 36, 38, 11, 35, 18, 49, 21, 47, 19, 16, 29, 40, 34, 24, 22, 12]","[41, 7, 0, 5, 1, 33, 45, 19, 11, 15, 2, 10, 21, 47, 35, 22, 25, 48, 4, 6, 37, 3, 9, 20, 24, 42, 36, 30, 8, 46, 12, 43, 29, 16, 32, 38, 34, 44, 49, 17, 13, 27, 26, 23, 40, 14, 31, 18, 39, 28]"
223,10,10,0.2,0.8,0.1,2469,1959.7,1752,2070,74.45,20.63,0.0062,"[44, 35, 6, 14, 5, 24, 33, 8, 17, 2, 16, 7, 31, 10, 39, 34, 26, 23, 38, 43, 12, 45, 0, 18, 30, 19, 1, 3, 40, 46, 9, 47, 22, 41, 32, 20, 37, 49, 48, 11, 42, 29, 4, 27, 13, 28, 21, 36, 15, 25]","[44, 35, 15, 14, 5, 24, 33, 8, 17, 2, 45, 7, 31, 10, 39, 3, 26, 45, 41, 43, 12, 23, 30, 18, 16, 19, 48, 0, 40, 46, 9, 47, 22, 38, 32, 20, 37, 49, 34, 11, 42, 29, 4, 27, 13, 6, 25, 21, 36, 28]"
224,50,10,0.5,0.2,0.7,2273,1809.45,1685,1958,73.69,20.39,0.0308,"[41, 7, 0, 5, 1, 33, 45, 10, 43, 48, 28, 30, 17, 26, 9, 23, 39, 32, 31, 3, 44, 46, 2, 4, 20, 15, 14, 25, 37, 42, 13, 27, 6, 8, 36, 38, 11, 35, 18, 49, 21, 47, 19, 16, 29, 40, 34, 24, 22, 12]","[41, 7, 0, 5, 1, 33, 45, 10, 43, 48, 28, 19, 4, 25, 32, 22, 46, 23, 29, 35, 3, 17, 2, 9, 20, 39, 14, 26, 37, 11, 13, 27, 6, 8, 36, 38, 31, 44, 18, 49, 21, 47, 15, 16, 42, 24, 12, 34, 30, 40]"
225,50,10,0.8,0.8,0.0,2273,1811.5,1650,1942,55.88,20.3,0.0327,"[41, 7, 0, 5, 1, 33, 45, 10, 43, 48, 28, 30, 17, 26, 9, 23, 39, 32, 31, 3, 44, 46, 2, 4, 20, 15, 14, 25, 37, 42, 13, 27, 6, 8, 36, 38, 11, 35, 18, 49, 21, 47, 19, 16, 29, 40, 34, 24, 22, 12]","[17, 22, 25, 5, 29, 8, 23, 1, 33, 48, 28, 30, 44, 27, 9, 7, 39, 32, 14, 34, 38, 12, 0, 40, 49, 18, 6, 37, 31, 10, 45, 20, 16, 46, 47, 2, 21, 26, 13, 19, 11, 36, 4, 24, 41, 15, 42, 3, 35, 43]"
226,10,10,0.2,0.8,0.0,2469,1972.9,1826,2165,88.84,20.09,0.0064,"[44, 35, 6, 14, 5, 24, 33, 8, 17, 2, 16, 7, 31, 10, 39, 34, 26, 23, 38, 43, 12, 45, 0, 18, 30, 19, 1, 3, 40, 46, 9, 47, 22, 41, 32, 20, 37, 49, 48, 11, 42, 29, 4, 27, 13, 28, 21, 36, 15, 25]","[18, 35, 7, 4, 5, 28, 33, 8, 17, 18, 16, 43, 31, 45, 39, 24, 26, 23, 41, 6, 12, 47, 0, 44, 37, 19, 1, 3, 40, 46, 42, 2, 22, 38, 32, 20, 30, 49, 48, 11, 9, 29, 14, 27, 13, 15, 25, 21, 36, 10]"
227,50,50,0.8,0.0,0.7,2273,1817.4,1593,2022,128.82,20.04,0.1471,"[41, 7, 0, 5, 1, 33, 45, 10, 43, 48, 28, 30, 17, 26, 9, 23, 39, 32, 31, 3, 44, 46, 2, 4, 20, 15, 14, 25, 37, 42, 13, 27, 6, 8, 36, 38, 11, 35, 18, 49, 21, 47, 19, 16, 29, 40, 34, 24, 22, 12]","[41, 7, 0, 5, 1, 33, 45, 10, 43, 48, 28, 30, 17, 26, 9, 34, 6, 23, 38, 31, 12, 35, 39, 18, 16, 19, 44, 3, 40, 46, 13, 27, 14, 8, 36, 20, 37, 42, 21, 11, 24, 29, 4, 32, 15, 2, 25, 49, 47, 22]"
228,50,100,0.8,0.0,0.7,2273,1817.4,1593,2022,128.82,20.04,0.2924,"[41, 7, 0, 5, 1, 33, 45, 10, 43, 48, 28, 30, 17, 26, 9, 23, 39, 32, 31, 3, 44, 46, 2, 4, 20, 15, 14, 25, 37, 42, 13, 27, 6, 8, 36, 38, 11, 35, 18, 49, 21, 47, 19, 16, 29, 40, 34, 24, 22, 12]","[41, 7, 0, 5, 1, 33, 45, 10, 43, 48, 28, 30, 17, 26, 9, 34, 6, 23, 38, 31, 12, 35, 39, 18, 16, 19, 44, 3, 40, 46, 13, 27, 14, 8, 36, 20, 37, 42, 21, 11, 24, 29, 4, 32, 15, 2, 25, 49, 47, 22]"
229,50,200,0.8,0.0,0.7,2273,1817.4,1593,2022,128.82,20.04,0.6194,"[41, 7, 0, 5, 1, 33, 45, 10, 43, 48, 28, 30, 17, 26, 9, 23, 39, 32, 31, 3, 44, 46, 2, 4, 20, 15, 14, 25, 37, 42, 13, 27, 6, 8, 36, 38, 11, 35, 18, 49, 21, 47, 19, 16, 29, 40, 34, 24, 22, 12]","[41, 7, 0, 5, 1, 33, 45, 10, 43, 48, 28, 30, 17, 26, 9, 34, 6, 23, 38, 31, 12, 35, 39, 18, 16, 19, 44, 3, 40, 46, 13, 27, 14, 8, 36, 20, 37, 42, 21, 11, 24, 29, 4, 32, 15, 2, 25, 49, 47, 22]"
230,50,10,0.2,0.2,0.1,2273,1821.85,1577,1922,72.23,19.85,0.0302,"[41, 7, 0, 5, 1, 33, 45, 10, 43, 48, 28, 30, 17, 26, 9, 23, 39, 32, 31, 3, 44, 46, 2, 4, 20, 15, 14, 25, 37, 42, 13, 27, 6, 8, 36, 38, 11, 35, 18, 49, 21, 47, 19, 16, 29, 40, 34, 24, 22, 12]","[33, 25, 5, 47, 6, 8, 23, 1, 12, 34, 3, 28, 38, 4, 16, 46, 26, 41, 7, 49, 9, 11, 39, 22, 45, 2, 27, 21, 40, 0, 30, 14, 20, 24, 48, 42, 35, 13, 44, 37, 36, 15, 32, 31, 18, 10, 29, 19, 17, 43]"
231,50,10,0.5,0.2,0.0,2273,1830.15,1649,1960,88.47,19.48,0.0309,"[41, 7, 0, 5, 1, 33, 45, 10, 43, 48, 28, 30, 17, 26, 9, 23, 39, 32, 31, 3, 44, 46, 2, 4, 20, 15, 14, 25, 37, 42, 13, 27, 6, 8, 36, 38, 11, 35, 18, 49, 21, 47, 19, 16, 29, 40, 34, 24, 22, 12]","[41, 7, 0, 5, 1, 11, 45, 10, 43, 48, 28, 30, 17, 47, 9, 23, 39, 14, 31, 3, 44, 46, 2, 4, 20, 15, 32, 25, 37, 42, 13, 27, 6, 8, 36, 38, 33, 35, 18, 49, 21, 26, 19, 16, 22, 29, 34, 40, 12, 24]"
232,100,10,0.5,0.0,0.0,2273,1842.35,1620,1982,94.03,18.95,0.0647,"[41, 7, 0, 5, 1, 33, 45, 10, 43, 48, 28, 30, 17, 26, 9, 23, 39, 32, 31, 3, 44, 46, 2, 4, 20, 15, 14, 25, 37, 42, 13, 27, 6, 8, 36, 38, 11, 35, 18, 49, 21, 47, 19, 16, 29, 40, 34, 24, 22, 12]","[33, 25, 22, 13, 27, 38, 39, 41, 31, 40, 14, 23, 42, 11, 19, 3, 34, 30, 46, 1, 20, 44, 32, 4, 21, 35, 6, 2, 24, 49, 5, 28, 18, 10, 26, 17, 0, 43, 45, 12, 9, 36, 15, 37, 47, 16, 29, 8, 48, 7]"
233,50,10,0.2,0.2,0.0,2273,1854.2,1693,1965,61.69,18.42,0.0325,"[41, 7, 0, 5, 1, 33, 45, 10, 43, 48, 28, 30, 17, 26, 9, 23, 39, 32, 31, 3, 44, 46, 2, 4, 20, 15, 14, 25, 37, 42, 13, 27, 6, 8, 36, 38, 11, 35, 18, 49, 21, 47, 19, 16, 29, 40, 34, 24, 22, 12]","[38, 30, 40, 4, 11, 9, 17, 3, 20, 10, 13, 14, 22, 1, 2, 36, 15, 18, 45, 46, 48, 12, 34, 49, 29, 7, 35, 43, 31, 39, 8, 19, 41, 0, 47, 27, 25, 21, 28, 32, 44, 5, 6, 24, 37, 26, 23, 42, 16, 33]"
234,10,10,0.8,0.2,0.1,2469,2016.35,1861,2138,71.97,18.33,0.0069,"[44, 35, 6, 14, 5, 24, 33, 8, 17, 2, 16, 7, 31, 10, 39, 34, 26, 23, 38, 43, 12, 45, 0, 18, 30, 19, 1, 3, 40, 46, 9, 47, 22, 41, 32, 20, 37, 49, 48, 11, 42, 29, 4, 27, 13, 28, 21, 36, 15, 25]","[44, 35, 6, 14, 5, 24, 19, 12, 23, 12, 13, 28, 48, 3, 7, 45, 42, 39, 38, 43, 2, 10, 0, 18, 49, 26, 1, 8, 40, 46, 33, 47, 22, 41, 32, 20, 37, 30, 34, 11, 16, 29, 4, 27, 31, 25, 17, 21, 15, 36]"
235,50,50,0.8,0.0,0.0,2273,1858.7,1567,2137,158.17,18.23,0.1469,"[41, 7, 0, 5, 1, 33, 45, 10, 43, 48, 28, 30, 17, 26, 9, 23, 39, 32, 31, 3, 44, 46, 2, 4, 20, 15, 14, 25, 37, 42, 13, 27, 6, 8, 36, 38, 11, 35, 18, 49, 21, 47, 19, 16, 29, 40, 34, 24, 22, 12]","[41, 7, 0, 5, 1, 33, 45, 10, 43, 48, 28, 30, 17, 26, 9, 23, 39, 32, 31, 3, 44, 46, 2, 4, 20, 15, 14, 25, 37, 42, 13, 27, 6, 8, 36, 38, 11, 35, 18, 49, 21, 47, 19, 16, 24, 12, 40, 34, 22, 29]"
236,50,100,0.8,0.0,0.0,2273,1858.7,1567,2137,158.17,18.23,0.2931,"[41, 7, 0, 5, 1, 33, 45, 10, 43, 48, 28, 30, 17, 26, 9, 23, 39, 32, 31, 3, 44, 46, 2, 4, 20, 15, 14, 25, 37, 42, 13, 27, 6, 8, 36, 38, 11, 35, 18, 49, 21, 47, 19, 16, 29, 40, 34, 24, 22, 12]","[41, 7, 0, 5, 1, 33, 45, 10, 43, 48, 28, 30, 17, 26, 9, 23, 39, 32, 31, 3, 44, 46, 2, 4, 20, 15, 14, 25, 37, 42, 13, 27, 6, 8, 36, 38, 11, 35, 18, 49, 21, 47, 19, 16, 24, 12, 40, 34, 22, 29]"
237,50,200,0.8,0.0,0.0,2273,1858.7,1567,2137,158.17,18.23,0.6189,"[41, 7, 0, 5, 1, 33, 45, 10, 43, 48, 28, 30, 17, 26, 9, 23, 39, 32, 31, 3, 44, 46, 2, 4, 20, 15, 14, 25, 37, 42, 13, 27, 6, 8, 36, 38, 11, 35, 18, 49, 21, 47, 19, 16, 29, 40, 34, 24, 22, 12]","[41, 7, 0, 5, 1, 33, 45, 10, 43, 48, 28, 30, 17, 26, 9, 23, 39, 32, 31, 3, 44, 46, 2, 4, 20, 15, 14, 25, 37, 42, 13, 27, 6, 8, 36, 38, 11, 35, 18, 49, 21, 47, 19, 16, 24, 12, 40, 34, 22, 29]"
238,50,10,0.8,0.0,0.7,2273,1860.9,1696,2022,111.03,18.13,0.0312,"[41, 7, 0, 5, 1, 33, 45, 10, 43, 48, 28, 30, 17, 26, 9, 23, 39, 32, 31, 3, 44, 46, 2, 4, 20, 15, 14, 25, 37, 42, 13, 27, 6, 8, 36, 38, 11, 35, 18, 49, 21, 47, 19, 16, 29, 40, 34, 24, 22, 12]","[41, 7, 0, 5, 1, 33, 45, 10, 43, 48, 28, 30, 17, 26, 9, 34, 6, 23, 38, 3, 49, 31, 35, 13, 19, 12, 44, 16, 40, 46, 2, 47, 22, 24, 32, 20, 37, 42, 21, 11, 39, 29, 4, 27, 15, 36, 25, 14, 8, 18]"
239,50,10,0.2,0.2,0.7,2273,1861.5,1730,2019,70.37,18.1,0.0298,"[41, 7, 0, 5, 1, 33, 45, 10, 43, 48, 28, 30, 17, 26, 9, 23, 39, 32, 31, 3, 44, 46, 2, 4, 20, 15, 14, 25, 37, 42, 13, 27, 6, 8, 36, 38, 11, 35, 18, 49, 21, 47, 19, 16, 29, 40, 34, 24, 22, 12]","[41, 7, 0, 5, 1, 33, 45, 10, 43, 48, 28, 3, 17, 8, 9, 23, 39, 35, 31, 30, 44, 46, 2, 4, 20, 15, 14, 25, 37, 42, 13, 27, 6, 26, 36, 38, 11, 32, 18, 49, 34, 47, 40, 16, 29, 19, 21, 24, 22, 12]"
240,100,50,0.2,0.0,0.7,2273,1868.0,1676,2122,124.67,17.82,0.3047,"[41, 7, 0, 5, 1, 33, 45, 10, 43, 48, 28, 30, 17, 26, 9, 23, 39, 32, 31, 3, 44, 46, 2, 4, 20, 15, 14, 25, 37, 42, 13, 27, 6, 8, 36, 38, 11, 35, 18, 49, 21, 47, 19, 16, 29, 40, 34, 24, 22, 12]","[40, 47, 2, 4, 35, 22, 33, 39, 20, 6, 5, 41, 14, 34, 9, 43, 24, 45, 17, 21, 28, 11, 48, 0, 26, 29, 3, 30, 18, 13, 31, 27, 46, 8, 36, 38, 23, 32, 37, 49, 25, 1, 16, 42, 44, 19, 12, 7, 10, 15]"
241,100,100,0.2,0.0,0.7,2273,1868.0,1676,2122,124.67,17.82,0.6066,"[41, 7, 0, 5, 1, 33, 45, 10, 43, 48, 28, 30, 17, 26, 9, 23, 39, 32, 31, 3, 44, 46, 2, 4, 20, 15, 14, 25, 37, 42, 13, 27, 6, 8, 36, 38, 11, 35, 18, 49, 21, 47, 19, 16, 29, 40, 34, 24, 22, 12]","[40, 47, 2, 4, 35, 22, 33, 39, 20, 6, 5, 41, 14, 34, 9, 43, 24, 45, 17, 21, 28, 11, 48, 0, 26, 29, 3, 30, 18, 13, 31, 27, 46, 8, 36, 38, 23, 32, 37, 49, 25, 1, 16, 42, 44, 19, 12, 7, 10, 15]"
242,100,200,0.2,0.0,0.7,2273,1868.0,1676,2122,124.67,17.82,1.2147,"[41, 7, 0, 5, 1, 33, 45, 10, 43, 48, 28, 30, 17, 26, 9, 23, 39, 32, 31, 3, 44, 46, 2, 4, 20, 15, 14, 25, 37, 42, 13, 27, 6, 8, 36, 38, 11, 35, 18, 49, 21, 47, 19, 16, 29, 40, 34, 24, 22, 12]","[40, 47, 2, 4, 35, 22, 33, 39, 20, 6, 5, 41, 14, 34, 9, 43, 24, 45, 17, 21, 28, 11, 48, 0, 26, 29, 3, 30, 18, 13, 31, 27, 46, 8, 36, 38, 23, 32, 37, 49, 25, 1, 16, 42, 44, 19, 12, 7, 10, 15]"
243,10,10,0.8,0.2,0.0,2469,2031.25,1868,2219,99.45,17.73,0.0064,"[44, 35, 6, 14, 5, 24, 33, 8, 17, 2, 16, 7, 31, 10, 39, 34, 26, 23, 38, 43, 12, 45, 0, 18, 30, 19, 1, 3, 40, 46, 9, 47, 22, 41, 32, 20, 37, 49, 48, 11, 42, 29, 4, 27, 13, 28, 21, 36, 15, 25]","[44, 35, 12, 16, 48, 26, 19, 11, 10, 21, 13, 14, 5, 3, 7, 45, 42, 23, 38, 43, 6, 17, 0, 40, 37, 24, 1, 18, 28, 46, 39, 47, 22, 41, 32, 20, 30, 9, 34, 33, 2, 29, 4, 27, 31, 8, 49, 25, 15, 36]"
244,50,10,0.8,0.0,0.0,2273,1889.0,1695,2137,125.52,16.89,0.0311,"[41, 7, 0, 5, 1, 33, 45, 10, 43, 48, 28, 30, 17, 26, 9, 23, 39, 32, 31, 3, 44, 46, 2, 4, 20, 15, 14, 25, 37, 42, 13, 27, 6, 8, 36, 38, 11, 35, 18, 49, 21, 47, 19, 16, 29, 40, 34, 24, 22, 12]","[41, 7, 0, 5, 1, 33, 45, 10, 43, 48, 28, 30, 17, 26, 9, 23, 39, 32, 31, 3, 44, 46, 2, 4, 20, 15, 14, 25, 37, 42, 13, 27, 6, 8, 36, 38, 11, 35, 18, 49, 21, 47, 19, 16, 24, 12, 40, 34, 22, 29]"
245,100,50,0.2,0.0,0.1,2273,1891.6,1566,2104,125.15,16.78,0.3041,"[41, 7, 0, 5, 1, 33, 45, 10, 43, 48, 28, 30, 17, 26, 9, 23, 39, 32, 31, 3, 44, 46, 2, 4, 20, 15, 14, 25, 37, 42, 13, 27, 6, 8, 36, 38, 11, 35, 18, 49, 21, 47, 19, 16, 29, 40, 34, 24, 22, 12]","[27, 22, 40, 14, 17, 25, 47, 24, 20, 10, 33, 46, 3, 26, 9, 23, 39, 32, 31, 5, 44, 43, 2, 4, 28, 15, 45, 0, 41, 42, 13, 37, 6, 8, 36, 38, 11, 35, 18, 49, 21, 30, 19, 16, 29, 48, 34, 7, 12, 1]"
246,100,100,0.2,0.0,0.1,2273,1891.6,1566,2104,125.15,16.78,0.6059,"[41, 7, 0, 5, 1, 33, 45, 10, 43, 48, 28, 30, 17, 26, 9, 23, 39, 32, 31, 3, 44, 46, 2, 4, 20, 15, 14, 25, 37, 42, 13, 27, 6, 8, 36, 38, 11, 35, 18, 49, 21, 47, 19, 16, 29, 40, 34, 24, 22, 12]","[27, 22, 40, 14, 17, 25, 47, 24, 20, 10, 33, 46, 3, 26, 9, 23, 39, 32, 31, 5, 44, 43, 2, 4, 28, 15, 45, 0, 41, 42, 13, 37, 6, 8, 36, 38, 11, 35, 18, 49, 21, 30, 19, 16, 29, 48, 34, 7, 12, 1]"
247,100,200,0.2,0.0,0.1,2273,1891.6,1566,2104,125.15,16.78,1.2107,"[41, 7, 0, 5, 1, 33, 45, 10, 43, 48, 28, 30, 17, 26, 9, 23, 39, 32, 31, 3, 44, 46, 2, 4, 20, 15, 14, 25, 37, 42, 13, 27, 6, 8, 36, 38, 11, 35, 18, 49, 21, 47, 19, 16, 29, 40, 34, 24, 22, 12]","[27, 22, 40, 14, 17, 25, 47, 24, 20, 10, 33, 46, 3, 26, 9, 23, 39, 32, 31, 5, 44, 43, 2, 4, 28, 15, 45, 0, 41, 42, 13, 37, 6, 8, 36, 38, 11, 35, 18, 49, 21, 30, 19, 16, 29, 48, 34, 7, 12, 1]"
248,10,10,0.8,0.2,0.7,2469,2055.6,1870,2176,80.99,16.74,0.0068,"[44, 35, 6, 14, 5, 24, 33, 8, 17, 2, 16, 7, 31, 10, 39, 34, 26, 23, 38, 43, 12, 45, 0, 18, 30, 19, 1, 3, 40, 46, 9, 47, 22, 41, 32, 20, 37, 49, 48, 11, 42, 29, 4, 27, 13, 28, 21, 36, 15, 25]","[44, 35, 6, 2, 30, 10, 40, 48, 34, 25, 26, 39, 46, 45, 13, 33, 1, 23, 38, 43, 12, 16, 0, 18, 31, 19, 14, 3, 5, 7, 9, 47, 22, 41, 17, 20, 8, 49, 11, 32, 42, 29, 4, 27, 24, 37, 21, 28, 15, 36]"
249,50,50,0.5,0.0,0.7,2273,1894.4,1741,2082,92.15,16.66,0.1461,"[41, 7, 0, 5, 1, 33, 45, 10, 43, 48, 28, 30, 17, 26, 9, 23, 39, 32, 31, 3, 44, 46, 2, 4, 20, 15, 14, 25, 37, 42, 13, 27, 6, 8, 36, 38, 11, 35, 18, 49, 21, 47, 19, 16, 29, 40, 34, 24, 22, 12]","[41, 7, 0, 5, 1, 33, 45, 15, 26, 30, 19, 28, 38, 4, 16, 46, 47, 23, 8, 49, 9, 11, 39, 22, 29, 2, 27, 31, 24, 34, 43, 17, 14, 18, 3, 40, 12, 36, 20, 21, 42, 6, 37, 13, 44, 35, 10, 25, 48, 32]"
250,50,100,0.5,0.0,0.7,2273,1894.4,1741,2082,92.15,16.66,0.2888,"[41, 7, 0, 5, 1, 33, 45, 10, 43, 48, 28, 30, 17, 26, 9, 23, 39, 32, 31, 3, 44, 46, 2, 4, 20, 15, 14, 25, 37, 42, 13, 27, 6, 8, 36, 38, 11, 35, 18, 49, 21, 47, 19, 16, 29, 40, 34, 24, 22, 12]","[41, 7, 0, 5, 1, 33, 45, 15, 26, 30, 19, 28, 38, 4, 16, 46, 47, 23, 8, 49, 9, 11, 39, 22, 29, 2, 27, 31, 24, 34, 43, 17, 14, 18, 3, 40, 12, 36, 20, 21, 42, 6, 37, 13, 44, 35, 10, 25, 48, 32]"
251,50,200,0.5,0.0,0.7,2273,1894.4,1741,2082,92.15,16.66,0.6109,"[41, 7, 0, 5, 1, 33, 45, 10, 43, 48, 28, 30, 17, 26, 9, 23, 39, 32, 31, 3, 44, 46, 2, 4, 20, 15, 14, 25, 37, 42, 13, 27, 6, 8, 36, 38, 11, 35, 18, 49, 21, 47, 19, 16, 29, 40, 34, 24, 22, 12]","[41, 7, 0, 5, 1, 33, 45, 15, 26, 30, 19, 28, 38, 4, 16, 46, 47, 23, 8, 49, 9, 11, 39, 22, 29, 2, 27, 31, 24, 34, 43, 17, 14, 18, 3, 40, 12, 36, 20, 21, 42, 6, 37, 13, 44, 35, 10, 25, 48, 32]"
252,50,50,0.8,0.0,0.1,2273,1896.0,1636,2127,149.14,16.59,0.147,"[41, 7, 0, 5, 1, 33, 45, 10, 43, 48, 28, 30, 17, 26, 9, 23, 39, 32, 31, 3, 44, 46, 2, 4, 20, 15, 14, 25, 37, 42, 13, 27, 6, 8, 36, 38, 11, 35, 18, 49, 21, 47, 19, 16, 29, 40, 34, 24, 22, 12]","[41, 7, 0, 5, 1, 33, 45, 10, 43, 48, 28, 30, 17, 26, 9, 23, 39, 32, 31, 3, 44, 46, 2, 4, 20, 15, 14, 25, 37, 42, 13, 27, 6, 8, 36, 38, 11, 35, 18, 49, 21, 47, 19, 16, 24, 12, 40, 29, 34, 22]"
253,50,100,0.8,0.0,0.1,2273,1896.0,1636,2127,149.14,16.59,0.2923,"[41, 7, 0, 5, 1, 33, 45, 10, 43, 48, 28, 30, 17, 26, 9, 23, 39, 32, 31, 3, 44, 46, 2, 4, 20, 15, 14, 25, 37, 42, 13, 27, 6, 8, 36, 38, 11, 35, 18, 49, 21, 47, 19, 16, 29, 40, 34, 24, 22, 12]","[41, 7, 0, 5, 1, 33, 45, 10, 43, 48, 28, 30, 17, 26, 9, 23, 39, 32, 31, 3, 44, 46, 2, 4, 20, 15, 14, 25, 37, 42, 13, 27, 6, 8, 36, 38, 11, 35, 18, 49, 21, 47, 19, 16, 24, 12, 40, 29, 34, 22]"
254,50,200,0.8,0.0,0.1,2273,1896.0,1636,2127,149.14,16.59,0.6206,"[41, 7, 0, 5, 1, 33, 45, 10, 43, 48, 28, 30, 17, 26, 9, 23, 39, 32, 31, 3, 44, 46, 2, 4, 20, 15, 14, 25, 37, 42, 13, 27, 6, 8, 36, 38, 11, 35, 18, 49, 21, 47, 19, 16, 29, 40, 34, 24, 22, 12]","[41, 7, 0, 5, 1, 33, 45, 10, 43, 48, 28, 30, 17, 26, 9, 23, 39, 32, 31, 3, 44, 46, 2, 4, 20, 15, 14, 25, 37, 42, 13, 27, 6, 8, 36, 38, 11, 35, 18, 49, 21, 47, 19, 16, 24, 12, 40, 29, 34, 22]"
255,50,10,0.8,0.0,0.1,2273,1907.25,1636,2127,144.4,16.09,0.0307,"[41, 7, 0, 5, 1, 33, 45, 10, 43, 48, 28, 30, 17, 26, 9, 23, 39, 32, 31, 3, 44, 46, 2, 4, 20, 15, 14, 25, 37, 42, 13, 27, 6, 8, 36, 38, 11, 35, 18, 49, 21, 47, 19, 16, 29, 40, 34, 24, 22, 12]","[41, 7, 0, 5, 1, 33, 45, 10, 43, 48, 28, 30, 17, 26, 9, 23, 39, 32, 31, 3, 44, 46, 2, 4, 20, 15, 14, 25, 37, 42, 13, 27, 6, 8, 36, 38, 11, 35, 18, 49, 21, 47, 19, 16, 24, 12, 40, 29, 34, 22]"
256,50,10,0.5,0.0,0.7,2273,1909.6,1770,2082,88.27,15.99,0.0304,"[41, 7, 0, 5, 1, 33, 45, 10, 43, 48, 28, 30, 17, 26, 9, 23, 39, 32, 31, 3, 44, 46, 2, 4, 20, 15, 14, 25, 37, 42, 13, 27, 6, 8, 36, 38, 11, 35, 18, 49, 21, 47, 19, 16, 29, 40, 34, 24, 22, 12]","[41, 7, 0, 5, 1, 33, 45, 15, 26, 30, 19, 28, 38, 4, 16, 46, 47, 23, 8, 49, 9, 11, 39, 22, 29, 2, 27, 31, 24, 34, 43, 17, 14, 18, 3, 40, 12, 36, 20, 21, 42, 6, 37, 13, 44, 35, 10, 25, 48, 32]"
257,50,50,0.5,0.0,0.1,2273,1911.15,1763,2152,106.69,15.92,0.1462,"[41, 7, 0, 5, 1, 33, 45, 10, 43, 48, 28, 30, 17, 26, 9, 23, 39, 32, 31, 3, 44, 46, 2, 4, 20, 15, 14, 25, 37, 42, 13, 27, 6, 8, 36, 38, 11, 35, 18, 49, 21, 47, 19, 16, 29, 40, 34, 24, 22, 12]","[41, 7, 0, 5, 1, 33, 45, 10, 43, 48, 28, 30, 17, 26, 9, 23, 39, 11, 2, 34, 18, 12, 3, 49, 29, 22, 35, 37, 31, 13, 27, 19, 8, 16, 32, 20, 47, 36, 40, 14, 42, 24, 38, 4, 46, 25, 21, 44, 6, 15]"
258,50,100,0.5,0.0,0.1,2273,1911.15,1763,2152,106.69,15.92,0.2897,"[41, 7, 0, 5, 1, 33, 45, 10, 43, 48, 28, 30, 17, 26, 9, 23, 39, 32, 31, 3, 44, 46, 2, 4, 20, 15, 14, 25, 37, 42, 13, 27, 6, 8, 36, 38, 11, 35, 18, 49, 21, 47, 19, 16, 29, 40, 34, 24, 22, 12]","[41, 7, 0, 5, 1, 33, 45, 10, 43, 48, 28, 30, 17, 26, 9, 23, 39, 11, 2, 34, 18, 12, 3, 49, 29, 22, 35, 37, 31, 13, 27, 19, 8, 16, 32, 20, 47, 36, 40, 14, 42, 24, 38, 4, 46, 25, 21, 44, 6, 15]"
259,50,200,0.5,0.0,0.1,2273,1911.15,1763,2152,106.69,15.92,0.6096,"[41, 7, 0, 5, 1, 33, 45, 10, 43, 48, 28, 30, 17, 26, 9, 23, 39, 32, 31, 3, 44, 46, 2, 4, 20, 15, 14, 25, 37, 42, 13, 27, 6, 8, 36, 38, 11, 35, 18, 49, 21, 47, 19, 16, 29, 40, 34, 24, 22, 12]","[41, 7, 0, 5, 1, 33, 45, 10, 43, 48, 28, 30, 17, 26, 9, 23, 39, 11, 2, 34, 18, 12, 3, 49, 29, 22, 35, 37, 31, 13, 27, 19, 8, 16, 32, 20, 47, 36, 40, 14, 42, 24, 38, 4, 46, 25, 21, 44, 6, 15]"
260,100,10,0.2,0.0,0.7,2273,1911.85,1757,2122,104.78,15.89,0.0632,"[41, 7, 0, 5, 1, 33, 45, 10, 43, 48, 28, 30, 17, 26, 9, 23, 39, 32, 31, 3, 44, 46, 2, 4, 20, 15, 14, 25, 37, 42, 13, 27, 6, 8, 36, 38, 11, 35, 18, 49, 21, 47, 19, 16, 29, 40, 34, 24, 22, 12]","[40, 47, 2, 4, 35, 22, 33, 39, 20, 6, 5, 41, 14, 34, 9, 43, 24, 45, 17, 21, 28, 11, 48, 0, 26, 29, 3, 30, 18, 13, 31, 27, 46, 8, 36, 38, 23, 32, 37, 49, 25, 1, 16, 42, 44, 19, 12, 7, 10, 15]"
261,100,10,0.2,0.0,0.1,2273,1916.0,1656,2104,112.35,15.71,0.0628,"[41, 7, 0, 5, 1, 33, 45, 10, 43, 48, 28, 30, 17, 26, 9, 23, 39, 32, 31, 3, 44, 46, 2, 4, 20, 15, 14, 25, 37, 42, 13, 27, 6, 8, 36, 38, 11, 35, 18, 49, 21, 47, 19, 16, 29, 40, 34, 24, 22, 12]","[27, 22, 40, 14, 17, 25, 47, 24, 20, 10, 33, 46, 3, 26, 9, 23, 39, 32, 31, 5, 44, 43, 2, 4, 28, 15, 45, 0, 41, 42, 13, 37, 6, 8, 36, 38, 11, 35, 18, 49, 21, 30, 19, 16, 29, 48, 34, 7, 12, 1]"
262,50,10,0.5,0.0,0.1,2273,1923.3,1763,2152,95.16,15.38,0.0305,"[41, 7, 0, 5, 1, 33, 45, 10, 43, 48, 28, 30, 17, 26, 9, 23, 39, 32, 31, 3, 44, 46, 2, 4, 20, 15, 14, 25, 37, 42, 13, 27, 6, 8, 36, 38, 11, 35, 18, 49, 21, 47, 19, 16, 29, 40, 34, 24, 22, 12]","[41, 7, 0, 5, 1, 33, 45, 10, 43, 48, 28, 30, 17, 26, 9, 23, 39, 11, 2, 34, 18, 12, 3, 49, 29, 15, 35, 37, 31, 13, 27, 19, 8, 16, 32, 20, 47, 36, 40, 14, 42, 24, 38, 4, 46, 25, 21, 44, 6, 22]"
263,10,10,0.5,0.2,0.7,2469,2090.8,1885,2246,88.13,15.32,0.0062,"[44, 35, 6, 14, 5, 24, 33, 8, 17, 2, 16, 7, 31, 10, 39, 34, 26, 23, 38, 43, 12, 45, 0, 18, 30, 19, 1, 3, 40, 46, 9, 47, 22, 41, 32, 20, 37, 49, 48, 11, 42, 29, 4, 27, 13, 28, 21, 36, 15, 25]","[34, 30, 37, 2, 35, 10, 49, 20, 6, 25, 26, 39, 46, 45, 13, 33, 1, 23, 38, 43, 12, 7, 0, 18, 17, 14, 24, 3, 40, 8, 9, 47, 22, 41, 32, 48, 44, 16, 19, 11, 42, 29, 4, 27, 5, 28, 21, 36, 15, 31]"
264,10,10,0.5,0.2,0.0,2469,2092.0,1920,2284,97.87,15.27,0.0062,"[44, 35, 6, 14, 5, 24, 33, 8, 17, 2, 16, 7, 31, 10, 39, 34, 26, 23, 38, 43, 12, 45, 0, 18, 30, 19, 1, 3, 40, 46, 9, 47, 22, 41, 32, 20, 37, 49, 48, 11, 42, 29, 4, 27, 13, 28, 21, 36, 15, 25]","[44, 35, 6, 14, 18, 24, 49, 31, 17, 2, 16, 7, 8, 10, 9, 34, 26, 23, 38, 43, 12, 45, 0, 5, 30, 19, 1, 3, 40, 46, 39, 47, 22, 41, 32, 20, 37, 33, 48, 11, 42, 29, 4, 27, 21, 13, 28, 25, 15, 36]"
265,100,50,0.2,0.0,0.0,2273,1944.25,1744,2099,123.05,14.46,0.3054,"[41, 7, 0, 5, 1, 33, 45, 10, 43, 48, 28, 30, 17, 26, 9, 23, 39, 32, 31, 3, 44, 46, 2, 4, 20, 15, 14, 25, 37, 42, 13, 27, 6, 8, 36, 38, 11, 35, 18, 49, 21, 47, 19, 16, 29, 40, 34, 24, 22, 12]","[12, 31, 40, 6, 26, 45, 21, 41, 42, 35, 25, 2, 17, 19, 29, 11, 47, 34, 9, 24, 33, 22, 1, 28, 13, 20, 36, 14, 38, 44, 16, 48, 32, 15, 8, 4, 5, 43, 23, 37, 0, 49, 27, 30, 10, 7, 39, 3, 18, 46]"
266,100,100,0.2,0.0,0.0,2273,1944.25,1744,2099,123.05,14.46,0.6067,"[41, 7, 0, 5, 1, 33, 45, 10, 43, 48, 28, 30, 17, 26, 9, 23, 39, 32, 31, 3, 44, 46, 2, 4, 20, 15, 14, 25, 37, 42, 13, 27, 6, 8, 36, 38, 11, 35, 18, 49, 21, 47, 19, 16, 29, 40, 34, 24, 22, 12]","[12, 31, 40, 6, 26, 45, 21, 41, 42, 35, 25, 2, 17, 19, 29, 11, 47, 34, 9, 24, 33, 22, 1, 28, 13, 20, 36, 14, 38, 44, 16, 48, 32, 15, 8, 4, 5, 43, 23, 37, 0, 49, 27, 30, 10, 7, 39, 3, 18, 46]"
267,100,200,0.2,0.0,0.0,2273,1944.25,1744,2099,123.05,14.46,1.2463,"[41, 7, 0, 5, 1, 33, 45, 10, 43, 48, 28, 30, 17, 26, 9, 23, 39, 32, 31, 3, 44, 46, 2, 4, 20, 15, 14, 25, 37, 42, 13, 27, 6, 8, 36, 38, 11, 35, 18, 49, 21, 47, 19, 16, 29, 40, 34, 24, 22, 12]","[12, 31, 40, 6, 26, 45, 21, 41, 42, 35, 25, 2, 17, 19, 29, 11, 47, 34, 9, 24, 33, 22, 1, 28, 13, 20, 36, 14, 38, 44, 16, 48, 32, 15, 8, 4, 5, 43, 23, 37, 0, 49, 27, 30, 10, 7, 39, 3, 18, 46]"
268,50,50,0.5,0.0,0.0,2273,1950.7,1601,2136,121.24,14.18,0.146,"[41, 7, 0, 5, 1, 33, 45, 10, 43, 48, 28, 30, 17, 26, 9, 23, 39, 32, 31, 3, 44, 46, 2, 4, 20, 15, 14, 25, 37, 42, 13, 27, 6, 8, 36, 38, 11, 35, 18, 49, 21, 47, 19, 16, 29, 40, 34, 24, 22, 12]","[41, 7, 0, 5, 1, 33, 45, 10, 43, 48, 28, 30, 17, 26, 23, 35, 42, 31, 3, 20, 46, 18, 38, 49, 29, 15, 32, 16, 22, 13, 27, 37, 36, 12, 19, 39, 8, 40, 6, 34, 44, 4, 9, 14, 11, 2, 21, 24, 25, 47]"
269,50,100,0.5,0.0,0.0,2273,1950.7,1601,2136,121.24,14.18,0.2891,"[41, 7, 0, 5, 1, 33, 45, 10, 43, 48, 28, 30, 17, 26, 9, 23, 39, 32, 31, 3, 44, 46, 2, 4, 20, 15, 14, 25, 37, 42, 13, 27, 6, 8, 36, 38, 11, 35, 18, 49, 21, 47, 19, 16, 29, 40, 34, 24, 22, 12]","[41, 7, 0, 5, 1, 33, 45, 10, 43, 48, 28, 30, 17, 26, 23, 35, 42, 31, 3, 20, 46, 18, 38, 49, 29, 15, 32, 16, 22, 13, 27, 37, 36, 12, 19, 39, 8, 40, 6, 34, 44, 4, 9, 14, 11, 2, 21, 24, 25, 47]"
270,50,200,0.5,0.0,0.0,2273,1950.7,1601,2136,121.24,14.18,0.6116,"[41, 7, 0, 5, 1, 33, 45, 10, 43, 48, 28, 30, 17, 26, 9, 23, 39, 32, 31, 3, 44, 46, 2, 4, 20, 15, 14, 25, 37, 42, 13, 27, 6, 8, 36, 38, 11, 35, 18, 49, 21, 47, 19, 16, 29, 40, 34, 24, 22, 12]","[41, 7, 0, 5, 1, 33, 45, 10, 43, 48, 28, 30, 17, 26, 23, 35, 42, 31, 3, 20, 46, 18, 38, 49, 29, 15, 32, 16, 22, 13, 27, 37, 36, 12, 19, 39, 8, 40, 6, 34, 44, 4, 9, 14, 11, 2, 21, 24, 25, 47]"
271,10,10,0.5,0.2,0.1,2469,2121.55,1944,2285,84.74,14.07,0.0062,"[44, 35, 6, 14, 5, 24, 33, 8, 17, 2, 16, 7, 31, 10, 39, 34, 26, 23, 38, 43, 12, 45, 0, 18, 30, 19, 1, 3, 40, 46, 9, 47, 22, 41, 32, 20, 37, 49, 48, 11, 42, 29, 4, 27, 13, 28, 21, 36, 15, 25]","[44, 35, 6, 18, 5, 24, 33, 8, 17, 2, 16, 43, 31, 10, 39, 34, 26, 23, 38, 7, 14, 45, 0, 48, 30, 19, 1, 3, 40, 46, 9, 47, 22, 41, 32, 20, 37, 49, 12, 11, 42, 29, 4, 27, 21, 13, 28, 25, 15, 36]"
272,50,10,0.5,0.0,0.0,2273,1957.2,1671,2136,106.65,13.89,0.0306,"[41, 7, 0, 5, 1, 33, 45, 10, 43, 48, 28, 30, 17, 26, 9, 23, 39, 32, 31, 3, 44, 46, 2, 4, 20, 15, 14, 25, 37, 42, 13, 27, 6, 8, 36, 38, 11, 35, 18, 49, 21, 47, 19, 16, 29, 40, 34, 24, 22, 12]","[41, 7, 0, 5, 1, 33, 45, 10, 43, 48, 28, 30, 17, 26, 23, 35, 42, 31, 3, 20, 46, 18, 2, 49, 8, 15, 38, 16, 22, 13, 27, 37, 9, 39, 19, 36, 44, 40, 6, 34, 32, 12, 11, 14, 29, 4, 21, 24, 25, 47]"
273,100,10,0.2,0.0,0.0,2273,1967.75,1803,2099,95.89,13.43,0.0634,"[41, 7, 0, 5, 1, 33, 45, 10, 43, 48, 28, 30, 17, 26, 9, 23, 39, 32, 31, 3, 44, 46, 2, 4, 20, 15, 14, 25, 37, 42, 13, 27, 6, 8, 36, 38, 11, 35, 18, 49, 21, 47, 19, 16, 29, 40, 34, 24, 22, 12]","[12, 31, 40, 6, 26, 45, 21, 41, 42, 35, 25, 2, 17, 19, 29, 11, 47, 34, 9, 24, 33, 22, 1, 28, 13, 20, 36, 14, 38, 44, 16, 48, 32, 15, 8, 4, 5, 43, 23, 37, 0, 49, 27, 30, 10, 7, 39, 3, 18, 46]"
274,10,10,0.2,0.2,0.0,2469,2137.45,1932,2289,98.42,13.43,0.0063,"[44, 35, 6, 14, 5, 24, 33, 8, 17, 2, 16, 7, 31, 10, 39, 34, 26, 23, 38, 43, 12, 45, 0, 18, 30, 19, 1, 3, 40, 46, 9, 47, 22, 41, 32, 20, 37, 49, 48, 11, 42, 29, 4, 27, 13, 28, 21, 36, 15, 25]","[44, 35, 6, 14, 18, 24, 49, 31, 17, 2, 16, 7, 8, 10, 39, 12, 26, 23, 38, 43, 34, 45, 0, 5, 30, 19, 48, 3, 40, 46, 9, 47, 22, 41, 32, 20, 37, 33, 1, 11, 42, 29, 4, 27, 13, 28, 21, 36, 15, 25]"
275,10,10,0.2,0.2,0.7,2469,2141.8,1973,2317,86.71,13.25,0.0062,"[44, 35, 6, 14, 5, 24, 33, 8, 17, 2, 16, 7, 31, 10, 39, 34, 26, 23, 38, 43, 12, 45, 0, 18, 30, 19, 1, 3, 40, 46, 9, 47, 22, 41, 32, 20, 37, 49, 48, 11, 42, 29, 4, 27, 13, 28, 21, 36, 15, 25]","[44, 35, 6, 18, 5, 24, 39, 8, 17, 2, 16, 7, 31, 10, 49, 12, 26, 23, 38, 43, 34, 45, 0, 14, 30, 19, 1, 3, 40, 46, 9, 47, 22, 41, 32, 20, 37, 33, 48, 11, 42, 29, 4, 27, 21, 25, 13, 28, 15, 36]"
276,10,10,0.2,0.2,0.1,2469,2159.4,1993,2314,101.81,12.54,0.0061,"[44, 35, 6, 14, 5, 24, 33, 8, 17, 2, 16, 7, 31, 10, 39, 34, 26, 23, 38, 43, 12, 45, 0, 18, 30, 19, 1, 3, 40, 46, 9, 47, 22, 41, 32, 20, 37, 49, 48, 11, 42, 29, 4, 27, 13, 28, 21, 36, 15, 25]","[44, 35, 6, 14, 18, 24, 49, 8, 17, 2, 16, 7, 31, 10, 39, 12, 43, 23, 38, 26, 34, 45, 0, 5, 30, 19, 48, 3, 40, 46, 9, 47, 22, 41, 32, 20, 37, 33, 1, 11, 42, 29, 4, 27, 21, 13, 28, 25, 15, 36]"
277,50,50,0.2,0.0,0.7,2273,2001.7,1679,2240,149.48,11.94,0.1447,"[41, 7, 0, 5, 1, 33, 45, 10, 43, 48, 28, 30, 17, 26, 9, 23, 39, 32, 31, 3, 44, 46, 2, 4, 20, 15, 14, 25, 37, 42, 13, 27, 6, 8, 36, 38, 11, 35, 18, 49, 21, 47, 19, 16, 29, 40, 34, 24, 22, 12]","[41, 7, 0, 5, 1, 33, 45, 10, 43, 48, 28, 30, 17, 26, 9, 23, 39, 32, 31, 3, 44, 46, 2, 4, 20, 15, 14, 25, 37, 42, 13, 27, 47, 36, 8, 18, 19, 21, 12, 11, 35, 40, 6, 24, 38, 29, 34, 16, 49, 22]"
278,50,100,0.2,0.0,0.7,2273,2001.7,1679,2240,149.48,11.94,0.2874,"[41, 7, 0, 5, 1, 33, 45, 10, 43, 48, 28, 30, 17, 26, 9, 23, 39, 32, 31, 3, 44, 46, 2, 4, 20, 15, 14, 25, 37, 42, 13, 27, 6, 8, 36, 38, 11, 35, 18, 49, 21, 47, 19, 16, 29, 40, 34, 24, 22, 12]","[41, 7, 0, 5, 1, 33, 45, 10, 43, 48, 28, 30, 17, 26, 9, 23, 39, 32, 31, 3, 44, 46, 2, 4, 20, 15, 14, 25, 37, 42, 13, 27, 47, 36, 8, 18, 19, 21, 12, 11, 35, 40, 6, 24, 38, 29, 34, 16, 49, 22]"
279,50,200,0.2,0.0,0.7,2273,2001.7,1679,2240,149.48,11.94,0.6132,"[41, 7, 0, 5, 1, 33, 45, 10, 43, 48, 28, 30, 17, 26, 9, 23, 39, 32, 31, 3, 44, 46, 2, 4, 20, 15, 14, 25, 37, 42, 13, 27, 6, 8, 36, 38, 11, 35, 18, 49, 21, 47, 19, 16, 29, 40, 34, 24, 22, 12]","[41, 7, 0, 5, 1, 33, 45, 10, 43, 48, 28, 30, 17, 26, 9, 23, 39, 32, 31, 3, 44, 46, 2, 4, 20, 15, 14, 25, 37, 42, 13, 27, 47, 36, 8, 18, 19, 21, 12, 11, 35, 40, 6, 24, 38, 29, 34, 16, 49, 22]"
280,50,10,0.2,0.0,0.7,2273,2030.25,1793,2240,131.0,10.68,0.0299,"[41, 7, 0, 5, 1, 33, 45, 10, 43, 48, 28, 30, 17, 26, 9, 23, 39, 32, 31, 3, 44, 46, 2, 4, 20, 15, 14, 25, 37, 42, 13, 27, 6, 8, 36, 38, 11, 35, 18, 49, 21, 47, 19, 16, 29, 40, 34, 24, 22, 12]","[41, 7, 0, 5, 1, 33, 45, 10, 43, 48, 28, 30, 17, 26, 9, 23, 39, 32, 31, 3, 44, 46, 2, 4, 20, 15, 14, 25, 37, 42, 13, 27, 47, 36, 8, 18, 19, 21, 12, 11, 35, 40, 6, 24, 38, 29, 34, 16, 49, 22]"
281,10,50,0.8,0.0,0.7,2469,2231.8,1962,2416,125.21,9.61,0.0293,"[44, 35, 6, 14, 5, 24, 33, 8, 17, 2, 16, 7, 31, 10, 39, 34, 26, 23, 38, 43, 12, 45, 0, 18, 30, 19, 1, 3, 40, 46, 9, 47, 22, 41, 32, 20, 37, 49, 48, 11, 42, 29, 4, 27, 13, 28, 21, 36, 15, 25]","[34, 30, 37, 2, 35, 10, 40, 48, 6, 25, 26, 39, 46, 45, 13, 33, 1, 43, 19, 0, 11, 8, 20, 38, 22, 28, 23, 16, 18, 9, 27, 17, 12, 15, 29, 31, 44, 3, 4, 7, 32, 36, 42, 41, 5, 14, 21, 24, 49, 47]"
282,10,100,0.8,0.0,0.7,2469,2231.8,1962,2416,125.21,9.61,0.0597,"[44, 35, 6, 14, 5, 24, 33, 8, 17, 2, 16, 7, 31, 10, 39, 34, 26, 23, 38, 43, 12, 45, 0, 18, 30, 19, 1, 3, 40, 46, 9, 47, 22, 41, 32, 20, 37, 49, 48, 11, 42, 29, 4, 27, 13, 28, 21, 36, 15, 25]","[34, 30, 37, 2, 35, 10, 40, 48, 6, 25, 26, 39, 46, 45, 13, 33, 1, 43, 19, 0, 11, 8, 20, 38, 22, 28, 23, 16, 18, 9, 27, 17, 12, 15, 29, 31, 44, 3, 4, 7, 32, 36, 42, 41, 5, 14, 21, 24, 49, 47]"
283,10,200,0.8,0.0,0.7,2469,2231.8,1962,2416,125.21,9.61,0.1186,"[44, 35, 6, 14, 5, 24, 33, 8, 17, 2, 16, 7, 31, 10, 39, 34, 26, 23, 38, 43, 12, 45, 0, 18, 30, 19, 1, 3, 40, 46, 9, 47, 22, 41, 32, 20, 37, 49, 48, 11, 42, 29, 4, 27, 13, 28, 21, 36, 15, 25]","[34, 30, 37, 2, 35, 10, 40, 48, 6, 25, 26, 39, 46, 45, 13, 33, 1, 43, 19, 0, 11, 8, 20, 38, 22, 28, 23, 16, 18, 9, 27, 17, 12, 15, 29, 31, 44, 3, 4, 7, 32, 36, 42, 41, 5, 14, 21, 24, 49, 47]"
284,10,10,0.8,0.0,0.0,2469,2239.4,2114,2467,95.38,9.3,0.0061,"[44, 35, 6, 14, 5, 24, 33, 8, 17, 2, 16, 7, 31, 10, 39, 34, 26, 23, 38, 43, 12, 45, 0, 18, 30, 19, 1, 3, 40, 46, 9, 47, 22, 41, 32, 20, 37, 49, 48, 11, 42, 29, 4, 27, 13, 28, 21, 36, 15, 25]","[44, 35, 6, 14, 5, 24, 33, 8, 17, 2, 16, 7, 31, 10, 39, 34, 26, 23, 38, 43, 12, 45, 0, 18, 30, 19, 1, 3, 40, 46, 9, 47, 22, 15, 32, 25, 20, 49, 37, 41, 42, 29, 27, 28, 11, 13, 48, 4, 21, 36]"
285,10,50,0.8,0.0,0.0,2469,2239.4,2114,2467,95.38,9.3,0.0292,"[44, 35, 6, 14, 5, 24, 33, 8, 17, 2, 16, 7, 31, 10, 39, 34, 26, 23, 38, 43, 12, 45, 0, 18, 30, 19, 1, 3, 40, 46, 9, 47, 22, 41, 32, 20, 37, 49, 48, 11, 42, 29, 4, 27, 13, 28, 21, 36, 15, 25]","[44, 35, 6, 14, 5, 24, 33, 8, 17, 2, 16, 7, 31, 10, 39, 34, 26, 23, 38, 43, 12, 45, 0, 18, 30, 19, 1, 3, 40, 46, 9, 47, 22, 15, 32, 25, 20, 49, 37, 41, 42, 29, 27, 28, 11, 13, 48, 4, 21, 36]"
286,10,100,0.8,0.0,0.0,2469,2239.4,2114,2467,95.38,9.3,0.0597,"[44, 35, 6, 14, 5, 24, 33, 8, 17, 2, 16, 7, 31, 10, 39, 34, 26, 23, 38, 43, 12, 45, 0, 18, 30, 19, 1, 3, 40, 46, 9, 47, 22, 41, 32, 20, 37, 49, 48, 11, 42, 29, 4, 27, 13, 28, 21, 36, 15, 25]","[44, 35, 6, 14, 5, 24, 33, 8, 17, 2, 16, 7, 31, 10, 39, 34, 26, 23, 38, 43, 12, 45, 0, 18, 30, 19, 1, 3, 40, 46, 9, 47, 22, 15, 32, 25, 20, 49, 37, 41, 42, 29, 27, 28, 11, 13, 48, 4, 21, 36]"
287,10,200,0.8,0.0,0.0,2469,2239.4,2114,2467,95.38,9.3,0.1191,"[44, 35, 6, 14, 5, 24, 33, 8, 17, 2, 16, 7, 31, 10, 39, 34, 26, 23, 38, 43, 12, 45, 0, 18, 30, 19, 1, 3, 40, 46, 9, 47, 22, 41, 32, 20, 37, 49, 48, 11, 42, 29, 4, 27, 13, 28, 21, 36, 15, 25]","[44, 35, 6, 14, 5, 24, 33, 8, 17, 2, 16, 7, 31, 10, 39, 34, 26, 23, 38, 43, 12, 45, 0, 18, 30, 19, 1, 3, 40, 46, 9, 47, 22, 15, 32, 25, 20, 49, 37, 41, 42, 29, 27, 28, 11, 13, 48, 4, 21, 36]"
288,10,10,0.8,0.0,0.7,2469,2244.15,1962,2416,120.22,9.11,0.0063,"[44, 35, 6, 14, 5, 24, 33, 8, 17, 2, 16, 7, 31, 10, 39, 34, 26, 23, 38, 43, 12, 45, 0, 18, 30, 19, 1, 3, 40, 46, 9, 47, 22, 41, 32, 20, 37, 49, 48, 11, 42, 29, 4, 27, 13, 28, 21, 36, 15, 25]","[34, 30, 37, 2, 35, 10, 40, 48, 6, 25, 26, 39, 46, 45, 13, 33, 1, 43, 19, 0, 11, 8, 20, 38, 22, 28, 23, 16, 18, 9, 27, 17, 12, 15, 29, 31, 44, 3, 4, 7, 32, 36, 42, 41, 5, 14, 21, 24, 49, 47]"
289,50,50,0.2,0.0,0.0,2273,2073.6,1893,2273,105.36,8.77,0.1451,"[41, 7, 0, 5, 1, 33, 45, 10, 43, 48, 28, 30, 17, 26, 9, 23, 39, 32, 31, 3, 44, 46, 2, 4, 20, 15, 14, 25, 37, 42, 13, 27, 6, 8, 36, 38, 11, 35, 18, 49, 21, 47, 19, 16, 29, 40, 34, 24, 22, 12]","[41, 7, 0, 5, 1, 33, 45, 10, 43, 48, 28, 30, 17, 26, 9, 23, 39, 32, 31, 3, 44, 46, 2, 4, 20, 15, 14, 25, 29, 16, 37, 11, 6, 8, 36, 42, 34, 21, 18, 47, 35, 27, 24, 49, 40, 19, 12, 22, 38, 13]"
290,50,100,0.2,0.0,0.0,2273,2073.6,1893,2273,105.36,8.77,0.287,"[41, 7, 0, 5, 1, 33, 45, 10, 43, 48, 28, 30, 17, 26, 9, 23, 39, 32, 31, 3, 44, 46, 2, 4, 20, 15, 14, 25, 37, 42, 13, 27, 6, 8, 36, 38, 11, 35, 18, 49, 21, 47, 19, 16, 29, 40, 34, 24, 22, 12]","[41, 7, 0, 5, 1, 33, 45, 10, 43, 48, 28, 30, 17, 26, 9, 23, 39, 32, 31, 3, 44, 46, 2, 4, 20, 15, 14, 25, 29, 16, 37, 11, 6, 8, 36, 42, 34, 21, 18, 47, 35, 27, 24, 49, 40, 19, 12, 22, 38, 13]"
291,50,200,0.2,0.0,0.0,2273,2073.6,1893,2273,105.36,8.77,0.6014,"[41, 7, 0, 5, 1, 33, 45, 10, 43, 48, 28, 30, 17, 26, 9, 23, 39, 32, 31, 3, 44, 46, 2, 4, 20, 15, 14, 25, 37, 42, 13, 27, 6, 8, 36, 38, 11, 35, 18, 49, 21, 47, 19, 16, 29, 40, 34, 24, 22, 12]","[41, 7, 0, 5, 1, 33, 45, 10, 43, 48, 28, 30, 17, 26, 9, 23, 39, 32, 31, 3, 44, 46, 2, 4, 20, 15, 14, 25, 29, 16, 37, 11, 6, 8, 36, 42, 34, 21, 18, 47, 35, 27, 24, 49, 40, 19, 12, 22, 38, 13]"
292,50,10,0.2,0.0,0.0,2273,2079.55,1893,2273,109.89,8.51,0.0299,"[41, 7, 0, 5, 1, 33, 45, 10, 43, 48, 28, 30, 17, 26, 9, 23, 39, 32, 31, 3, 44, 46, 2, 4, 20, 15, 14, 25, 37, 42, 13, 27, 6, 8, 36, 38, 11, 35, 18, 49, 21, 47, 19, 16, 29, 40, 34, 24, 22, 12]","[41, 7, 0, 5, 1, 33, 45, 10, 43, 48, 28, 30, 17, 26, 9, 23, 39, 32, 31, 3, 44, 46, 2, 4, 38, 11, 24, 34, 29, 16, 37, 25, 6, 8, 36, 42, 20, 21, 18, 47, 35, 27, 14, 49, 40, 19, 12, 22, 15, 13]"
293,10,10,0.8,0.0,0.1,2469,2273.55,2022,2469,114.36,7.92,0.0063,"[44, 35, 6, 14, 5, 24, 33, 8, 17, 2, 16, 7, 31, 10, 39, 34, 26, 23, 38, 43, 12, 45, 0, 18, 30, 19, 1, 3, 40, 46, 9, 47, 22, 41, 32, 20, 37, 49, 48, 11, 42, 29, 4, 27, 13, 28, 21, 36, 15, 25]","[34, 30, 37, 2, 35, 10, 40, 48, 6, 25, 26, 39, 46, 45, 13, 33, 1, 43, 19, 0, 11, 8, 20, 38, 22, 44, 18, 3, 12, 7, 9, 47, 31, 41, 32, 28, 24, 49, 5, 14, 42, 29, 4, 27, 17, 23, 21, 36, 15, 16]"
294,10,50,0.8,0.0,0.1,2469,2273.55,2022,2469,114.36,7.92,0.0294,"[44, 35, 6, 14, 5, 24, 33, 8, 17, 2, 16, 7, 31, 10, 39, 34, 26, 23, 38, 43, 12, 45, 0, 18, 30, 19, 1, 3, 40, 46, 9, 47, 22, 41, 32, 20, 37, 49, 48, 11, 42, 29, 4, 27, 13, 28, 21, 36, 15, 25]","[34, 30, 37, 2, 35, 10, 40, 48, 6, 25, 26, 39, 46, 45, 13, 33, 1, 43, 19, 0, 11, 8, 20, 38, 22, 44, 18, 3, 12, 7, 9, 47, 31, 41, 32, 28, 24, 49, 5, 14, 42, 29, 4, 27, 17, 23, 21, 36, 15, 16]"
295,10,100,0.8,0.0,0.1,2469,2273.55,2022,2469,114.36,7.92,0.0597,"[44, 35, 6, 14, 5, 24, 33, 8, 17, 2, 16, 7, 31, 10, 39, 34, 26, 23, 38, 43, 12, 45, 0, 18, 30, 19, 1, 3, 40, 46, 9, 47, 22, 41, 32, 20, 37, 49, 48, 11, 42, 29, 4, 27, 13, 28, 21, 36, 15, 25]","[34, 30, 37, 2, 35, 10, 40, 48, 6, 25, 26, 39, 46, 45, 13, 33, 1, 43, 19, 0, 11, 8, 20, 38, 22, 44, 18, 3, 12, 7, 9, 47, 31, 41, 32, 28, 24, 49, 5, 14, 42, 29, 4, 27, 17, 23, 21, 36, 15, 16]"
296,10,200,0.8,0.0,0.1,2469,2273.55,2022,2469,114.36,7.92,0.1187,"[44, 35, 6, 14, 5, 24, 33, 8, 17, 2, 16, 7, 31, 10, 39, 34, 26, 23, 38, 43, 12, 45, 0, 18, 30, 19, 1, 3, 40, 46, 9, 47, 22, 41, 32, 20, 37, 49, 48, 11, 42, 29, 4, 27, 13, 28, 21, 36, 15, 25]","[34, 30, 37, 2, 35, 10, 40, 48, 6, 25, 26, 39, 46, 45, 13, 33, 1, 43, 19, 0, 11, 8, 20, 38, 22, 44, 18, 3, 12, 7, 9, 47, 31, 41, 32, 28, 24, 49, 5, 14, 42, 29, 4, 27, 17, 23, 21, 36, 15, 16]"
297,50,10,0.2,0.0,0.1,2273,2122.95,1845,2273,118.04,6.6,0.0299,"[41, 7, 0, 5, 1, 33, 45, 10, 43, 48, 28, 30, 17, 26, 9, 23, 39, 32, 31, 3, 44, 46, 2, 4, 20, 15, 14, 25, 37, 42, 13, 27, 6, 8, 36, 38, 11, 35, 18, 49, 21, 47, 19, 16, 29, 40, 34, 24, 22, 12]","[41, 7, 0, 5, 1, 33, 45, 10, 43, 48, 28, 30, 17, 26, 9, 23, 6, 31, 39, 32, 14, 49, 18, 42, 38, 29, 24, 34, 44, 46, 37, 25, 20, 40, 22, 12, 21, 13, 2, 8, 16, 27, 11, 15, 36, 4, 3, 47, 35, 19]"
298,50,50,0.2,0.0,0.1,2273,2122.95,1845,2273,118.04,6.6,0.1452,"[41, 7, 0, 5, 1, 33, 45, 10, 43, 48, 28, 30, 17, 26, 9, 23, 39, 32, 31, 3, 44, 46, 2, 4, 20, 15, 14, 25, 37, 42, 13, 27, 6, 8, 36, 38, 11, 35, 18, 49, 21, 47, 19, 16, 29, 40, 34, 24, 22, 12]","[41, 7, 0, 5, 1, 33, 45, 10, 43, 48, 28, 30, 17, 26, 9, 23, 6, 31, 39, 32, 14, 49, 18, 42, 38, 29, 24, 34, 44, 46, 37, 25, 20, 40, 22, 12, 21, 13, 2, 8, 16, 27, 11, 15, 36, 4, 3, 47, 35, 19]"
299,50,100,0.2,0.0,0.1,2273,2122.95,1845,2273,118.04,6.6,0.2877,"[41, 7, 0, 5, 1, 33, 45, 10, 43, 48, 28, 30, 17, 26, 9, 23, 39, 32, 31, 3, 44, 46, 2, 4, 20, 15, 14, 25, 37, 42, 13, 27, 6, 8, 36, 38, 11, 35, 18, 49, 21, 47, 19, 16, 29, 40, 34, 24, 22, 12]","[41, 7, 0, 5, 1, 33, 45, 10, 43, 48, 28, 30, 17, 26, 9, 23, 6, 31, 39, 32, 14, 49, 18, 42, 38, 29, 24, 34, 44, 46, 37, 25, 20, 40, 22, 12, 21, 13, 2, 8, 16, 27, 11, 15, 36, 4, 3, 47, 35, 19]"
300,50,200,0.2,0.0,0.1,2273,2122.95,1845,2273,118.04,6.6,0.6148,"[41, 7, 0, 5, 1, 33, 45, 10, 43, 48, 28, 30, 17, 26, 9, 23, 39, 32, 31, 3, 44, 46, 2, 4, 20, 15, 14, 25, 37, 42, 13, 27, 6, 8, 36, 38, 11, 35, 18, 49, 21, 47, 19, 16, 29, 40, 34, 24, 22, 12]","[41, 7, 0, 5, 1, 33, 45, 10, 43, 48, 28, 30, 17, 26, 9, 23, 6, 31, 39, 32, 14, 49, 18, 42, 38, 29, 24, 34, 44, 46, 37, 25, 20, 40, 22, 12, 21, 13, 2, 8, 16, 27, 11, 15, 36, 4, 3, 47, 35, 19]"
301,10,10,0.5,0.0,0.0,2469,2336.35,2022,2469,117.63,5.37,0.0061,"[44, 35, 6, 14, 5, 24, 33, 8, 17, 2, 16, 7, 31, 10, 39, 34, 26, 23, 38, 43, 12, 45, 0, 18, 30, 19, 1, 3, 40, 46, 9, 47, 22, 41, 32, 20, 37, 49, 48, 11, 42, 29, 4, 27, 13, 28, 21, 36, 15, 25]","[44, 35, 6, 14, 5, 24, 33, 8, 17, 2, 16, 43, 27, 18, 3, 29, 26, 23, 38, 7, 36, 11, 0, 10, 30, 19, 1, 39, 40, 46, 9, 47, 22, 41, 32, 20, 37, 49, 48, 45, 42, 34, 4, 31, 13, 28, 21, 12, 15, 25]"
302,10,50,0.5,0.0,0.0,2469,2336.35,2022,2469,117.63,5.37,0.0289,"[44, 35, 6, 14, 5, 24, 33, 8, 17, 2, 16, 7, 31, 10, 39, 34, 26, 23, 38, 43, 12, 45, 0, 18, 30, 19, 1, 3, 40, 46, 9, 47, 22, 41, 32, 20, 37, 49, 48, 11, 42, 29, 4, 27, 13, 28, 21, 36, 15, 25]","[44, 35, 6, 14, 5, 24, 33, 8, 17, 2, 16, 43, 27, 18, 3, 29, 26, 23, 38, 7, 36, 11, 0, 10, 30, 19, 1, 39, 40, 46, 9, 47, 22, 41, 32, 20, 37, 49, 48, 45, 42, 34, 4, 31, 13, 28, 21, 12, 15, 25]"
303,10,100,0.5,0.0,0.0,2469,2336.35,2022,2469,117.63,5.37,0.0588,"[44, 35, 6, 14, 5, 24, 33, 8, 17, 2, 16, 7, 31, 10, 39, 34, 26, 23, 38, 43, 12, 45, 0, 18, 30, 19, 1, 3, 40, 46, 9, 47, 22, 41, 32, 20, 37, 49, 48, 11, 42, 29, 4, 27, 13, 28, 21, 36, 15, 25]","[44, 35, 6, 14, 5, 24, 33, 8, 17, 2, 16, 43, 27, 18, 3, 29, 26, 23, 38, 7, 36, 11, 0, 10, 30, 19, 1, 39, 40, 46, 9, 47, 22, 41, 32, 20, 37, 49, 48, 45, 42, 34, 4, 31, 13, 28, 21, 12, 15, 25]"
304,10,200,0.5,0.0,0.0,2469,2336.35,2022,2469,117.63,5.37,0.1192,"[44, 35, 6, 14, 5, 24, 33, 8, 17, 2, 16, 7, 31, 10, 39, 34, 26, 23, 38, 43, 12, 45, 0, 18, 30, 19, 1, 3, 40, 46, 9, 47, 22, 41, 32, 20, 37, 49, 48, 11, 42, 29, 4, 27, 13, 28, 21, 36, 15, 25]","[44, 35, 6, 14, 5, 24, 33, 8, 17, 2, 16, 43, 27, 18, 3, 29, 26, 23, 38, 7, 36, 11, 0, 10, 30, 19, 1, 39, 40, 46, 9, 47, 22, 41, 32, 20, 37, 49, 48, 45, 42, 34, 4, 31, 13, 28, 21, 12, 15, 25]"
305,10,10,0.5,0.0,0.7,2469,2357.55,2155,2469,88.78,4.51,0.0062,"[44, 35, 6, 14, 5, 24, 33, 8, 17, 2, 16, 7, 31, 10, 39, 34, 26, 23, 38, 43, 12, 45, 0, 18, 30, 19, 1, 3, 40, 46, 9, 47, 22, 41, 32, 20, 37, 49, 48, 11, 42, 29, 4, 27, 13, 28, 21, 36, 15, 25]","[44, 35, 6, 14, 5, 24, 33, 8, 17, 2, 16, 43, 48, 18, 3, 29, 37, 12, 41, 38, 36, 46, 15, 11, 10, 39, 0, 7, 4, 25, 27, 9, 26, 1, 19, 21, 40, 49, 22, 20, 42, 47, 30, 32, 13, 28, 23, 45, 31, 34]"
306,10,50,0.5,0.0,0.7,2469,2357.55,2155,2469,88.78,4.51,0.029,"[44, 35, 6, 14, 5, 24, 33, 8, 17, 2, 16, 7, 31, 10, 39, 34, 26, 23, 38, 43, 12, 45, 0, 18, 30, 19, 1, 3, 40, 46, 9, 47, 22, 41, 32, 20, 37, 49, 48, 11, 42, 29, 4, 27, 13, 28, 21, 36, 15, 25]","[44, 35, 6, 14, 5, 24, 33, 8, 17, 2, 16, 43, 48, 18, 3, 29, 37, 12, 41, 38, 36, 46, 15, 11, 10, 39, 0, 7, 4, 25, 27, 9, 26, 1, 19, 21, 40, 49, 22, 20, 42, 47, 30, 32, 13, 28, 23, 45, 31, 34]"
307,10,100,0.5,0.0,0.7,2469,2357.55,2155,2469,88.78,4.51,0.059,"[44, 35, 6, 14, 5, 24, 33, 8, 17, 2, 16, 7, 31, 10, 39, 34, 26, 23, 38, 43, 12, 45, 0, 18, 30, 19, 1, 3, 40, 46, 9, 47, 22, 41, 32, 20, 37, 49, 48, 11, 42, 29, 4, 27, 13, 28, 21, 36, 15, 25]","[44, 35, 6, 14, 5, 24, 33, 8, 17, 2, 16, 43, 48, 18, 3, 29, 37, 12, 41, 38, 36, 46, 15, 11, 10, 39, 0, 7, 4, 25, 27, 9, 26, 1, 19, 21, 40, 49, 22, 20, 42, 47, 30, 32, 13, 28, 23, 45, 31, 34]"
308,10,200,0.5,0.0,0.7,2469,2357.55,2155,2469,88.78,4.51,0.1211,"[44, 35, 6, 14, 5, 24, 33, 8, 17, 2, 16, 7, 31, 10, 39, 34, 26, 23, 38, 43, 12, 45, 0, 18, 30, 19, 1, 3, 40, 46, 9, 47, 22, 41, 32, 20, 37, 49, 48, 11, 42, 29, 4, 27, 13, 28, 21, 36, 15, 25]","[44, 35, 6, 14, 5, 24, 33, 8, 17, 2, 16, 43, 48, 18, 3, 29, 37, 12, 41, 38, 36, 46, 15, 11, 10, 39, 0, 7, 4, 25, 27, 9, 26, 1, 19, 21, 40, 49, 22, 20, 42, 47, 30, 32, 13, 28, 23, 45, 31, 34]"
309,10,10,0.5,0.0,0.1,2469,2360.6,2227,2469,82.05,4.39,0.0061,"[44, 35, 6, 14, 5, 24, 33, 8, 17, 2, 16, 7, 31, 10, 39, 34, 26, 23, 38, 43, 12, 45, 0, 18, 30, 19, 1, 3, 40, 46, 9, 47, 22, 41, 32, 20, 37, 49, 48, 11, 42, 29, 4, 27, 13, 28, 21, 36, 15, 25]","[44, 35, 6, 14, 5, 24, 33, 8, 17, 2, 16, 43, 27, 18, 3, 29, 37, 12, 41, 38, 23, 45, 15, 19, 36, 40, 0, 10, 4, 25, 46, 9, 11, 31, 32, 20, 26, 49, 48, 7, 42, 34, 22, 39, 13, 28, 21, 1, 47, 30]"
310,10,50,0.5,0.0,0.1,2469,2360.6,2227,2469,82.05,4.39,0.0288,"[44, 35, 6, 14, 5, 24, 33, 8, 17, 2, 16, 7, 31, 10, 39, 34, 26, 23, 38, 43, 12, 45, 0, 18, 30, 19, 1, 3, 40, 46, 9, 47, 22, 41, 32, 20, 37, 49, 48, 11, 42, 29, 4, 27, 13, 28, 21, 36, 15, 25]","[44, 35, 6, 14, 5, 24, 33, 8, 17, 2, 16, 43, 27, 18, 3, 29, 37, 12, 41, 38, 23, 45, 15, 19, 36, 40, 0, 10, 4, 25, 46, 9, 11, 31, 32, 20, 26, 49, 48, 7, 42, 34, 22, 39, 13, 28, 21, 1, 47, 30]"
311,10,100,0.5,0.0,0.1,2469,2360.6,2227,2469,82.05,4.39,0.0587,"[44, 35, 6, 14, 5, 24, 33, 8, 17, 2, 16, 7, 31, 10, 39, 34, 26, 23, 38, 43, 12, 45, 0, 18, 30, 19, 1, 3, 40, 46, 9, 47, 22, 41, 32, 20, 37, 49, 48, 11, 42, 29, 4, 27, 13, 28, 21, 36, 15, 25]","[44, 35, 6, 14, 5, 24, 33, 8, 17, 2, 16, 43, 27, 18, 3, 29, 37, 12, 41, 38, 23, 45, 15, 19, 36, 40, 0, 10, 4, 25, 46, 9, 11, 31, 32, 20, 26, 49, 48, 7, 42, 34, 22, 39, 13, 28, 21, 1, 47, 30]"
312,10,200,0.5,0.0,0.1,2469,2360.6,2227,2469,82.05,4.39,0.1201,"[44, 35, 6, 14, 5, 24, 33, 8, 17, 2, 16, 7, 31, 10, 39, 34, 26, 23, 38, 43, 12, 45, 0, 18, 30, 19, 1, 3, 40, 46, 9, 47, 22, 41, 32, 20, 37, 49, 48, 11, 42, 29, 4, 27, 13, 28, 21, 36, 15, 25]","[44, 35, 6, 14, 5, 24, 33, 8, 17, 2, 16, 43, 27, 18, 3, 29, 37, 12, 41, 38, 23, 45, 15, 19, 36, 40, 0, 10, 4, 25, 46, 9, 11, 31, 32, 20, 26, 49, 48, 7, 42, 34, 22, 39, 13, 28, 21, 1, 47, 30]"
313,10,10,0.2,0.0,0.7,2469,2415.85,2154,2469,89.88,2.15,0.0073,"[44, 35, 6, 14, 5, 24, 33, 8, 17, 2, 16, 7, 31, 10, 39, 34, 26, 23, 38, 43, 12, 45, 0, 18, 30, 19, 1, 3, 40, 46, 9, 47, 22, 41, 32, 20, 37, 49, 48, 11, 42, 29, 4, 27, 13, 28, 21, 36, 15, 25]","[44, 35, 6, 14, 5, 24, 33, 8, 17, 2, 16, 7, 31, 10, 39, 34, 26, 23, 38, 43, 12, 45, 0, 18, 30, 19, 1, 3, 40, 46, 9, 47, 22, 41, 32, 20, 37, 49, 48, 11, 42, 29, 4, 27, 13, 28, 21, 36, 15, 25]"
314,10,50,0.2,0.0,0.7,2469,2415.85,2154,2469,89.88,2.15,0.0287,"[44, 35, 6, 14, 5, 24, 33, 8, 17, 2, 16, 7, 31, 10, 39, 34, 26, 23, 38, 43, 12, 45, 0, 18, 30, 19, 1, 3, 40, 46, 9, 47, 22, 41, 32, 20, 37, 49, 48, 11, 42, 29, 4, 27, 13, 28, 21, 36, 15, 25]","[44, 35, 6, 14, 5, 24, 33, 8, 17, 2, 16, 7, 31, 10, 39, 34, 26, 23, 38, 43, 12, 45, 0, 18, 30, 19, 1, 3, 40, 46, 9, 47, 22, 41, 32, 20, 37, 49, 48, 11, 42, 29, 4, 27, 13, 28, 21, 36, 15, 25]"
315,10,100,0.2,0.0,0.7,2469,2415.85,2154,2469,89.88,2.15,0.0578,"[44, 35, 6, 14, 5, 24, 33, 8, 17, 2, 16, 7, 31, 10, 39, 34, 26, 23, 38, 43, 12, 45, 0, 18, 30, 19, 1, 3, 40, 46, 9, 47, 22, 41, 32, 20, 37, 49, 48, 11, 42, 29, 4, 27, 13, 28, 21, 36, 15, 25]","[44, 35, 6, 14, 5, 24, 33, 8, 17, 2, 16, 7, 31, 10, 39, 34, 26, 23, 38, 43, 12, 45, 0, 18, 30, 19, 1, 3, 40, 46, 9, 47, 22, 41, 32, 20, 37, 49, 48, 11, 42, 29, 4, 27, 13, 28, 21, 36, 15, 25]"
316,10,200,0.2,0.0,0.7,2469,2415.85,2154,2469,89.88,2.15,0.1181,"[44, 35, 6, 14, 5, 24, 33, 8, 17, 2, 16, 7, 31, 10, 39, 34, 26, 23, 38, 43, 12, 45, 0, 18, 30, 19, 1, 3, 40, 46, 9, 47, 22, 41, 32, 20, 37, 49, 48, 11, 42, 29, 4, 27, 13, 28, 21, 36, 15, 25]","[44, 35, 6, 14, 5, 24, 33, 8, 17, 2, 16, 7, 31, 10, 39, 34, 26, 23, 38, 43, 12, 45, 0, 18, 30, 19, 1, 3, 40, 46, 9, 47, 22, 41, 32, 20, 37, 49, 48, 11, 42, 29, 4, 27, 13, 28, 21, 36, 15, 25]"
317,10,10,0.2,0.0,0.0,2469,2440.15,2341,2535,50.72,1.17,0.0063,"[44, 35, 6, 14, 5, 24, 33, 8, 17, 2, 16, 7, 31, 10, 39, 34, 26, 23, 38, 43, 12, 45, 0, 18, 30, 19, 1, 3, 40, 46, 9, 47, 22, 41, 32, 20, 37, 49, 48, 11, 42, 29, 4, 27, 13, 28, 21, 36, 15, 25]","[44, 35, 6, 14, 5, 24, 33, 8, 17, 2, 16, 7, 31, 10, 39, 34, 26, 23, 38, 43, 12, 45, 0, 18, 30, 19, 1, 3, 40, 46, 9, 47, 22, 41, 32, 20, 37, 49, 48, 11, 42, 29, 4, 27, 13, 28, 21, 36, 15, 25]"
318,10,50,0.2,0.0,0.0,2469,2440.15,2341,2535,50.72,1.17,0.029,"[44, 35, 6, 14, 5, 24, 33, 8, 17, 2, 16, 7, 31, 10, 39, 34, 26, 23, 38, 43, 12, 45, 0, 18, 30, 19, 1, 3, 40, 46, 9, 47, 22, 41, 32, 20, 37, 49, 48, 11, 42, 29, 4, 27, 13, 28, 21, 36, 15, 25]","[44, 35, 6, 14, 5, 24, 33, 8, 17, 2, 16, 7, 31, 10, 39, 34, 26, 23, 38, 43, 12, 45, 0, 18, 30, 19, 1, 3, 40, 46, 9, 47, 22, 41, 32, 20, 37, 49, 48, 11, 42, 29, 4, 27, 13, 28, 21, 36, 15, 25]"
319,10,100,0.2,0.0,0.0,2469,2440.15,2341,2535,50.72,1.17,0.0587,"[44, 35, 6, 14, 5, 24, 33, 8, 17, 2, 16, 7, 31, 10, 39, 34, 26, 23, 38, 43, 12, 45, 0, 18, 30, 19, 1, 3, 40, 46, 9, 47, 22, 41, 32, 20, 37, 49, 48, 11, 42, 29, 4, 27, 13, 28, 21, 36, 15, 25]","[44, 35, 6, 14, 5, 24, 33, 8, 17, 2, 16, 7, 31, 10, 39, 34, 26, 23, 38, 43, 12, 45, 0, 18, 30, 19, 1, 3, 40, 46, 9, 47, 22, 41, 32, 20, 37, 49, 48, 11, 42, 29, 4, 27, 13, 28, 21, 36, 15, 25]"
320,10,200,0.2,0.0,0.0,2469,2440.15,2341,2535,50.72,1.17,0.1173,"[44, 35, 6, 14, 5, 24, 33, 8, 17, 2, 16, 7, 31, 10, 39, 34, 26, 23, 38, 43, 12, 45, 0, 18, 30, 19, 1, 3, 40, 46, 9, 47, 22, 41, 32, 20, 37, 49, 48, 11, 42, 29, 4, 27, 13, 28, 21, 36, 15, 25]","[44, 35, 6, 14, 5, 24, 33, 8, 17, 2, 16, 7, 31, 10, 39, 34, 26, 23, 38, 43, 12, 45, 0, 18, 30, 19, 1, 3, 40, 46, 9, 47, 22, 41, 32, 20, 37, 49, 48, 11, 42, 29, 4, 27, 13, 28, 21, 36, 15, 25]"
321,10,10,0.2,0.0,0.1,2469,2444.8,2368,2469,35.31,0.98,0.006,"[44, 35, 6, 14, 5, 24, 33, 8, 17, 2, 16, 7, 31, 10, 39, 34, 26, 23, 38, 43, 12, 45, 0, 18, 30, 19, 1, 3, 40, 46, 9, 47, 22, 41, 32, 20, 37, 49, 48, 11, 42, 29, 4, 27, 13, 28, 21, 36, 15, 25]","[44, 35, 6, 14, 5, 24, 33, 8, 17, 2, 16, 7, 31, 10, 39, 34, 26, 23, 38, 43, 12, 45, 0, 18, 30, 19, 1, 3, 40, 46, 9, 47, 22, 41, 32, 20, 37, 49, 48, 11, 42, 29, 4, 27, 13, 28, 21, 36, 15, 25]"
322,10,50,0.2,0.0,0.1,2469,2444.8,2368,2469,35.31,0.98,0.0286,"[44, 35, 6, 14, 5, 24, 33, 8, 17, 2, 16, 7, 31, 10, 39, 34, 26, 23, 38, 43, 12, 45, 0, 18, 30, 19, 1, 3, 40, 46, 9, 47, 22, 41, 32, 20, 37, 49, 48, 11, 42, 29, 4, 27, 13, 28, 21, 36, 15, 25]","[44, 35, 6, 14, 5, 24, 33, 8, 17, 2, 16, 7, 31, 10, 39, 34, 26, 23, 38, 43, 12, 45, 0, 18, 30, 19, 1, 3, 40, 46, 9, 47, 22, 41, 32, 20, 37, 49, 48, 11, 42, 29, 4, 27, 13, 28, 21, 36, 15, 25]"
323,10,100,0.2,0.0,0.1,2469,2444.8,2368,2469,35.31,0.98,0.0576,"[44, 35, 6, 14, 5, 24, 33, 8, 17, 2, 16, 7, 31, 10, 39, 34, 26, 23, 38, 43, 12, 45, 0, 18, 30, 19, 1, 3, 40, 46, 9, 47, 22, 41, 32, 20, 37, 49, 48, 11, 42, 29, 4, 27, 13, 28, 21, 36, 15, 25]","[44, 35, 6, 14, 5, 24, 33, 8, 17, 2, 16, 7, 31, 10, 39, 34, 26, 23, 38, 43, 12, 45, 0, 18, 30, 19, 1, 3, 40, 46, 9, 47, 22, 41, 32, 20, 37, 49, 48, 11, 42, 29, 4, 27, 13, 28, 21, 36, 15, 25]"
324,10,200,0.2,0.0,0.1,2469,2444.8,2368,2469,35.31,0.98,0.1177,"[44, 35, 6, 14, 5, 24, 33, 8, 17, 2, 16, 7, 31, 10, 39, 34, 26, 23, 38, 43, 12, 45, 0, 18, 30, 19, 1, 3, 40, 46, 9, 47, 22, 41, 32, 20, 37, 49, 48, 11, 42, 29, 4, 27, 13, 28, 21, 36, 15, 25]","[44, 35, 6, 14, 5, 24, 33, 8, 17, 2, 16, 7, 31, 10, 39, 34, 26, 23, 38, 43, 12, 45, 0, 18, 30, 19, 1, 3, 40, 46, 9, 47, 22, 41, 32, 20, 37, 49, 48, 11, 42, 29, 4, 27, 13, 28, 21, 36, 15, 25]"
