Ranking,TP,NG,TC,TM,IG,Custo Inicial,Custo Médio,Melhor Custo,Pior Custo,Desvio Padrão,Ganho Médio (%),Tempo Médio (s),Solução Inicial,Solução Final
1,100,200,0.8,0.8,0.1,2273,922.1,867,979,29.04,59.43,1.7978,"[41, 7, 0, 5, 1, 33, 45, 10, 43, 48, 28, 30, 17, 26, 9, 23, 39, 32, 31, 3, 44, 46, 2, 4, 20, 15, 14, 25, 37, 42, 13, 27, 6, 8, 36, 38, 11, 35, 18, 49, 21, 47, 19, 16, 29, 40, 34, 24, 22, 12]","[18, 18, 41, 43, 48, 32, 27, 38, 33, 40, 44, 7, 4, 2, 29, 42, 6, 23, 45, 5, 14, 39, 11, 46, 1, 36, 24, 37, 31, 34, 16, 19, 26, 28, 6, 25, 8, 9, 21, 3, 20, 10, 0, 30, 17, 49, 22, 12, 13, 15]"
2,100,200,0.2,0.8,0.7,2273,933.75,864,981,31.44,58.92,1.7734,"[41, 7, 0, 5, 1, 33, 45, 10, 43, 48, 28, 30, 17, 26, 9, 23, 39, 32, 31, 3, 44, 46, 2, 4, 20, 15, 14, 25, 37, 42, 13, 27, 6, 8, 36, 38, 11, 35, 18, 49, 21, 47, 19, 16, 29, 40, 34, 24, 22, 12]","[26, 43, 0, 30, 13, 23, 45, 42, 7, 4, 2, 47, 9, 14, 17, 11, 41, 6, 34, 16, 44, 37, 31, 10, 27, 8, 29, 24, 48, 3, 1, 28, 32, 15, 36, 38, 33, 35, 18, 49, 25, 5, 20, 46, 40, 39, 22, 19, 12, 21]"
3,100,200,0.5,0.8,0.1,2273,934.55,896,1012,32.3,58.88,1.8153,"[41, 7, 0, 5, 1, 33, 45, 10, 43, 48, 28, 30, 17, 26, 9, 23, 39, 32, 31, 3, 44, 46, 2, 4, 20, 15, 14, 25, 37, 42, 13, 27, 6, 8, 36, 38, 11, 35, 18, 49, 21, 47, 19, 16, 29, 40, 34, 24, 22, 12]","[41, 44, 0, 5, 1, 36, 20, 10, 18, 37, 2, 9, 14, 47, 8, 29, 24, 16, 22, 38, 28, 6, 48, 3, 7, 33, 40, 39, 35, 13, 11, 46, 12, 43, 4, 21, 19, 26, 17, 49, 23, 45, 42, 30, 27, 34, 31, 25, 32, 15]"
4,100,200,0.2,0.8,0.1,2273,936.0,858,1035,40.69,58.82,1.7644,"[41, 7, 0, 5, 1, 33, 45, 10, 43, 48, 28, 30, 17, 26, 9, 23, 39, 32, 31, 3, 44, 46, 2, 4, 20, 15, 14, 25, 37, 42, 13, 27, 6, 8, 36, 38, 11, 35, 18, 49, 21, 47, 19, 16, 29, 40, 34, 24, 22, 12]","[35, 7, 0, 5, 1, 33, 45, 23, 43, 48, 34, 30, 17, 14, 42, 46, 39, 29, 19, 4, 3, 11, 2, 49, 40, 44, 38, 32, 28, 18, 37, 36, 47, 13, 27, 22, 12, 31, 24, 16, 15, 41, 6, 25, 8, 9, 20, 10, 21, 26]"
5,50,200,0.5,0.8,0.7,2273,944.35,873,1051,47.13,58.45,0.6143,"[41, 7, 0, 5, 1, 33, 45, 10, 43, 48, 28, 30, 17, 26, 9, 23, 39, 32, 31, 3, 44, 46, 2, 4, 20, 15, 14, 25, 37, 42, 13, 27, 6, 8, 36, 38, 11, 35, 18, 49, 21, 47, 19, 16, 29, 40, 34, 24, 22, 12]","[39, 17, 0, 5, 1, 33, 4, 26, 43, 48, 14, 23, 42, 40, 19, 3, 9, 30, 31, 13, 28, 6, 32, 11, 21, 41, 38, 18, 24, 49, 12, 36, 20, 10, 25, 35, 22, 46, 27, 15, 16, 44, 45, 37, 29, 8, 2, 47, 34, 7]"
6,100,200,0.8,0.8,0.7,2273,945.8,901,1058,43.41,58.39,1.8212,"[41, 7, 0, 5, 1, 33, 45, 10, 43, 48, 28, 30, 17, 26, 9, 23, 39, 32, 31, 3, 44, 46, 2, 4, 20, 15, 14, 25, 37, 42, 13, 27, 6, 8, 36, 38, 11, 35, 18, 49, 21, 47, 19, 16, 29, 40, 34, 24, 22, 12]","[26, 18, 41, 33, 46, 28, 42, 6, 32, 15, 2, 47, 9, 34, 44, 48, 24, 38, 4, 49, 12, 36, 39, 22, 40, 14, 8, 29, 7, 0, 30, 25, 13, 37, 19, 3, 27, 5, 31, 10, 11, 35, 20, 43, 1, 17, 21, 45, 23, 16]"
7,50,200,0.5,0.8,0.1,2273,948.95,859,1019,37.55,58.25,0.6169,"[41, 7, 0, 5, 1, 33, 45, 10, 43, 48, 28, 30, 17, 26, 9, 23, 39, 32, 31, 3, 44, 46, 2, 4, 20, 15, 14, 25, 37, 42, 13, 27, 6, 8, 36, 38, 11, 35, 18, 49, 21, 47, 19, 16, 29, 40, 34, 24, 22, 12]","[26, 40, 0, 28, 44, 38, 33, 4, 6, 25, 5, 20, 42, 30, 19, 3, 41, 17, 46, 1, 11, 2, 9, 14, 8, 32, 37, 31, 24, 27, 35, 13, 36, 10, 7, 49, 23, 21, 45, 22, 12, 15, 18, 39, 29, 43, 48, 47, 34, 16]"
8,50,200,0.2,0.8,0.7,2273,955.85,902,1021,29.07,57.95,0.61,"[41, 7, 0, 5, 1, 33, 45, 10, 43, 48, 28, 30, 17, 26, 9, 23, 39, 32, 31, 3, 44, 46, 2, 4, 20, 15, 14, 25, 37, 42, 13, 27, 6, 8, 36, 38, 11, 35, 18, 49, 21, 47, 19, 16, 29, 40, 34, 24, 22, 12]","[26, 18, 41, 33, 39, 28, 44, 45, 5, 49, 12, 36, 10, 7, 4, 3, 8, 9, 43, 1, 11, 24, 27, 22, 21, 31, 30, 6, 32, 37, 29, 15, 16, 2, 47, 34, 23, 42, 35, 20, 46, 17, 13, 38, 25, 14, 48, 0, 40, 19]"
9,50,200,0.8,0.8,0.7,2273,957.25,874,1079,42.99,57.89,0.6445,"[41, 7, 0, 5, 1, 33, 45, 10, 43, 48, 28, 30, 17, 26, 9, 23, 39, 32, 31, 3, 44, 46, 2, 4, 20, 15, 14, 25, 37, 42, 13, 27, 6, 8, 36, 38, 11, 35, 18, 49, 21, 47, 19, 16, 29, 40, 34, 24, 22, 12]","[48, 7, 0, 28, 46, 43, 26, 12, 30, 40, 14, 8, 33, 22, 19, 3, 34, 31, 24, 38, 23, 1, 17, 25, 13, 15, 36, 6, 5, 49, 45, 42, 47, 27, 9, 21, 10, 18, 39, 16, 37, 2, 29, 4, 11, 41, 44, 35, 20, 32]"
10,100,200,0.5,0.8,0.7,2273,960.2,859,1053,49.72,57.76,2.1947,"[41, 7, 0, 5, 1, 33, 45, 10, 43, 48, 28, 30, 17, 26, 9, 23, 39, 32, 31, 3, 44, 46, 2, 4, 20, 15, 14, 25, 37, 42, 13, 27, 6, 8, 36, 38, 11, 35, 18, 49, 21, 47, 19, 16, 29, 40, 34, 24, 22, 12]","[21, 7, 0, 20, 1, 33, 45, 22, 39, 3, 29, 41, 15, 8, 9, 23, 43, 11, 31, 30, 44, 37, 2, 4, 13, 28, 6, 25, 35, 5, 14, 48, 32, 42, 36, 38, 26, 10, 18, 49, 40, 47, 24, 27, 34, 16, 46, 17, 19, 12]"
11,50,200,0.2,0.8,0.1,2273,962.4,867,1060,50.62,57.66,0.6116,"[41, 7, 0, 5, 1, 33, 45, 10, 43, 48, 28, 30, 17, 26, 9, 23, 39, 32, 31, 3, 44, 46, 2, 4, 20, 15, 14, 25, 37, 42, 13, 27, 6, 8, 36, 38, 11, 35, 18, 49, 21, 47, 19, 16, 29, 40, 34, 24, 22, 12]","[26, 35, 5, 13, 12, 36, 11, 2, 29, 24, 45, 0, 30, 43, 39, 16, 18, 28, 21, 19, 23, 32, 37, 31, 25, 14, 38, 33, 46, 15, 41, 17, 49, 47, 7, 4, 3, 40, 6, 1, 42, 34, 44, 27, 8, 9, 22, 20, 10, 48]"
12,50,200,0.8,0.8,0.1,2273,968.75,905,1069,42.74,57.38,0.6551,"[41, 7, 0, 5, 1, 33, 45, 10, 43, 48, 28, 30, 17, 26, 9, 23, 39, 32, 31, 3, 44, 46, 2, 4, 20, 15, 14, 25, 37, 42, 13, 27, 6, 8, 36, 38, 11, 35, 18, 49, 21, 47, 19, 16, 29, 40, 34, 24, 22, 12]","[10, 7, 0, 5, 1, 11, 35, 20, 43, 48, 45, 22, 42, 30, 19, 12, 34, 33, 46, 28, 44, 32, 2, 4, 3, 40, 39, 37, 47, 27, 9, 41, 6, 24, 36, 38, 25, 14, 17, 49, 21, 31, 18, 13, 15, 16, 26, 23, 29, 8]"
13,100,200,0.8,0.2,0.7,2273,971.65,908,1086,44.83,57.25,1.7712,"[41, 7, 0, 5, 1, 33, 45, 10, 43, 48, 28, 30, 17, 26, 9, 23, 39, 32, 31, 3, 44, 46, 2, 4, 20, 15, 14, 25, 37, 42, 13, 27, 6, 8, 36, 38, 11, 35, 18, 49, 21, 47, 19, 16, 29, 40, 34, 24, 22, 12]","[41, 7, 0, 5, 30, 37, 47, 22, 20, 10, 21, 46, 28, 24, 9, 15, 2, 14, 17, 13, 6, 1, 42, 35, 3, 44, 38, 25, 32, 45, 2, 27, 34, 23, 43, 11, 31, 39, 18, 49, 8, 29, 19, 16, 4, 33, 48, 12, 36, 40]"
14,100,200,0.2,0.2,0.1,2273,973.3,908,1026,30.63,57.18,1.7073,"[41, 7, 0, 5, 1, 33, 45, 10, 43, 48, 28, 30, 17, 26, 9, 23, 39, 32, 31, 3, 44, 46, 2, 4, 20, 15, 14, 25, 37, 42, 13, 27, 6, 8, 36, 38, 11, 35, 18, 49, 21, 47, 19, 16, 29, 40, 34, 24, 22, 12]","[41, 7, 4, 5, 1, 33, 45, 20, 43, 48, 14, 23, 42, 30, 40, 2, 34, 11, 35, 13, 37, 31, 32, 15, 36, 38, 28, 6, 16, 18, 19, 12, 0, 26, 10, 21, 46, 3, 27, 8, 9, 39, 29, 24, 17, 25, 44, 49, 47, 22]"
15,100,100,0.2,0.8,0.7,2273,974.1,868,1035,31.82,57.14,0.9144,"[41, 7, 0, 5, 1, 33, 45, 10, 43, 48, 28, 30, 17, 26, 9, 23, 39, 32, 31, 3, 44, 46, 2, 4, 20, 15, 14, 25, 37, 42, 13, 27, 6, 8, 36, 38, 11, 35, 18, 49, 21, 47, 19, 16, 29, 40, 34, 24, 22, 12]","[41, 7, 0, 30, 13, 33, 45, 46, 43, 4, 2, 47, 9, 14, 38, 23, 42, 34, 31, 16, 44, 37, 26, 10, 27, 8, 29, 24, 48, 3, 1, 28, 32, 15, 36, 17, 11, 35, 18, 6, 25, 5, 20, 49, 40, 39, 22, 19, 12, 21]"
16,100,100,0.8,0.8,0.1,2273,974.95,906,1051,37.38,57.11,0.9251,"[41, 7, 0, 5, 1, 33, 45, 10, 43, 48, 28, 30, 17, 26, 9, 23, 39, 32, 31, 3, 44, 46, 2, 4, 20, 15, 14, 25, 37, 42, 13, 27, 6, 8, 36, 38, 11, 35, 18, 49, 21, 47, 19, 16, 29, 40, 34, 24, 22, 12]","[18, 18, 41, 33, 48, 32, 27, 38, 43, 40, 44, 7, 4, 2, 29, 42, 47, 23, 45, 5, 14, 39, 11, 46, 1, 36, 6, 37, 31, 34, 16, 19, 26, 28, 24, 25, 8, 9, 35, 3, 20, 10, 0, 30, 17, 49, 22, 12, 13, 15]"
17,100,200,0.2,0.2,0.0,2273,975.6,874,1138,55.8,57.08,1.7087,"[41, 7, 0, 5, 1, 33, 45, 10, 43, 48, 28, 30, 17, 26, 9, 23, 39, 32, 31, 3, 44, 46, 2, 4, 20, 15, 14, 25, 37, 42, 13, 27, 6, 8, 36, 38, 11, 35, 18, 49, 21, 47, 19, 16, 29, 40, 34, 24, 22, 12]","[41, 7, 0, 5, 1, 33, 45, 20, 43, 26, 28, 44, 6, 48, 47, 34, 30, 37, 9, 8, 10, 11, 42, 35, 46, 12, 36, 17, 2, 49, 40, 19, 4, 3, 29, 16, 15, 32, 27, 14, 23, 21, 31, 24, 38, 39, 18, 25, 13, 22]"
18,100,200,0.8,0.2,0.0,2273,975.7,915,1113,48.65,57.07,1.7915,"[41, 7, 0, 5, 1, 33, 45, 10, 43, 48, 28, 30, 17, 26, 9, 23, 39, 32, 31, 3, 44, 46, 2, 4, 20, 15, 14, 25, 37, 42, 13, 27, 6, 8, 36, 38, 11, 35, 18, 49, 21, 47, 19, 16, 29, 40, 34, 24, 22, 12]","[25, 14, 48, 45, 5, 41, 36, 33, 42, 6, 26, 40, 19, 12, 43, 31, 13, 23, 38, 47, 17, 46, 28, 44, 7, 39, 15, 32, 2, 4, 3, 11, 0, 8, 9, 49, 34, 30, 21, 10, 27, 35, 18, 37, 29, 16, 22, 20, 1, 24]"
19,100,200,0.5,0.2,0.0,2273,976.95,909,1038,30.78,57.02,1.7274,"[41, 7, 0, 5, 1, 33, 45, 10, 43, 48, 28, 30, 17, 26, 9, 23, 39, 32, 31, 3, 44, 46, 2, 4, 20, 15, 14, 25, 37, 42, 13, 27, 6, 8, 36, 38, 11, 35, 18, 49, 21, 47, 19, 16, 29, 40, 34, 24, 22, 12]","[48, 45, 8, 13, 38, 33, 47, 9, 20, 24, 42, 34, 17, 21, 31, 10, 27, 32, 37, 2, 6, 25, 14, 22, 30, 44, 0, 41, 15, 39, 29, 7, 4, 11, 46, 19, 12, 43, 1, 36, 40, 16, 18, 49, 23, 26, 35, 5, 28, 3]"
20,100,200,0.5,0.2,0.1,2273,980.6,913,1041,35.41,56.86,1.7273,"[41, 7, 0, 5, 1, 33, 45, 10, 43, 48, 28, 30, 17, 26, 9, 23, 39, 32, 31, 3, 44, 46, 2, 4, 20, 15, 14, 25, 37, 42, 13, 27, 6, 8, 36, 38, 11, 35, 18, 49, 21, 47, 19, 16, 29, 40, 34, 24, 22, 12]","[41, 7, 4, 18, 1, 11, 20, 10, 15, 26, 28, 24, 17, 29, 42, 36, 39, 16, 19, 3, 44, 45, 12, 43, 2, 25, 32, 0, 8, 9, 30, 13, 6, 37, 23, 38, 33, 35, 5, 49, 21, 46, 40, 14, 48, 47, 27, 34, 31, 22]"
21,100,200,0.5,0.2,0.7,2273,981.25,877,1076,45.06,56.83,1.7377,"[41, 7, 0, 5, 1, 33, 45, 10, 43, 48, 28, 30, 17, 26, 9, 23, 39, 32, 31, 3, 44, 46, 2, 4, 20, 15, 14, 25, 37, 42, 13, 27, 6, 8, 36, 38, 11, 35, 18, 49, 21, 47, 19, 16, 29, 40, 34, 24, 22, 12]","[42, 44, 0, 5, 1, 33, 45, 20, 43, 48, 47, 23, 37, 2, 21, 3, 34, 30, 19, 11, 41, 7, 4, 26, 10, 15, 32, 25, 14, 17, 13, 27, 8, 9, 36, 38, 39, 35, 18, 49, 28, 6, 16, 46, 29, 22, 40, 12, 31, 24]"
22,100,200,0.2,0.2,0.7,2273,981.7,900,1054,39.86,56.81,1.7119,"[41, 7, 0, 5, 1, 33, 45, 10, 43, 48, 28, 30, 17, 26, 9, 23, 39, 32, 31, 3, 44, 46, 2, 4, 20, 15, 14, 25, 37, 42, 13, 27, 6, 8, 36, 38, 11, 35, 18, 49, 21, 47, 19, 16, 29, 40, 34, 24, 22, 12]","[41, 43, 0, 5, 1, 2, 26, 10, 21, 40, 33, 46, 37, 25, 13, 15, 36, 11, 35, 20, 47, 34, 30, 31, 42, 44, 38, 28, 6, 8, 29, 7, 4, 3, 17, 12, 48, 32, 24, 27, 9, 14, 23, 39, 16, 19, 18, 49, 45, 22]"
23,100,100,0.8,0.8,0.7,2273,987.6,916,1062,34.79,56.55,0.9148,"[41, 7, 0, 5, 1, 33, 45, 10, 43, 48, 28, 30, 17, 26, 9, 23, 39, 32, 31, 3, 44, 46, 2, 4, 20, 15, 14, 25, 37, 42, 13, 27, 6, 8, 36, 38, 11, 35, 18, 49, 21, 47, 19, 16, 29, 40, 34, 24, 22, 12]","[26, 18, 41, 33, 46, 28, 42, 6, 32, 15, 2, 47, 9, 34, 44, 48, 24, 38, 4, 49, 12, 36, 39, 22, 40, 14, 8, 29, 7, 0, 30, 25, 13, 37, 19, 3, 27, 5, 31, 10, 11, 35, 20, 43, 1, 17, 21, 45, 23, 16]"
24,100,100,0.5,0.8,0.1,2273,990.7,906,1094,42.14,56.41,0.9213,"[41, 7, 0, 5, 1, 33, 45, 10, 43, 48, 28, 30, 17, 26, 9, 23, 39, 32, 31, 3, 44, 46, 2, 4, 20, 15, 14, 25, 37, 42, 13, 27, 6, 8, 36, 38, 11, 35, 18, 49, 21, 47, 19, 16, 29, 40, 34, 24, 22, 12]","[41, 7, 0, 5, 1, 36, 20, 10, 18, 4, 2, 9, 43, 39, 35, 29, 24, 16, 22, 38, 28, 6, 48, 3, 44, 42, 40, 14, 8, 13, 11, 46, 12, 30, 21, 37, 19, 26, 17, 49, 23, 45, 33, 47, 27, 34, 31, 25, 32, 15]"
25,100,100,0.5,0.8,0.7,2273,992.05,896,1070,41.68,56.36,0.9182,"[41, 7, 0, 5, 1, 33, 45, 10, 43, 48, 28, 30, 17, 26, 9, 23, 39, 32, 31, 3, 44, 46, 2, 4, 20, 15, 14, 25, 37, 42, 13, 27, 6, 8, 36, 38, 11, 35, 18, 49, 21, 47, 19, 16, 29, 40, 34, 24, 22, 12]","[21, 7, 0, 20, 1, 33, 45, 22, 39, 3, 29, 41, 15, 8, 9, 23, 43, 11, 31, 30, 44, 37, 2, 4, 13, 28, 6, 25, 35, 5, 14, 48, 32, 42, 36, 38, 26, 10, 18, 49, 40, 47, 24, 27, 34, 16, 46, 17, 19, 12]"
26,100,200,0.8,0.2,0.1,2273,993.8,920,1097,47.6,56.28,1.7779,"[41, 7, 0, 5, 1, 33, 45, 10, 43, 48, 28, 30, 17, 26, 9, 23, 39, 32, 31, 3, 44, 46, 2, 4, 20, 15, 14, 25, 37, 42, 13, 27, 6, 8, 36, 38, 11, 35, 18, 49, 21, 47, 19, 16, 29, 40, 34, 24, 22, 12]","[40, 7, 0, 41, 33, 4, 45, 8, 20, 10, 21, 31, 39, 28, 46, 17, 11, 24, 19, 26, 18, 1, 42, 35, 3, 44, 38, 32, 48, 47, 13, 27, 37, 9, 43, 12, 34, 30, 2, 49, 23, 16, 15, 36, 6, 25, 5, 14, 29, 22]"
27,100,100,0.2,0.8,0.1,2273,998.05,931,1059,31.95,56.09,0.9524,"[41, 7, 0, 5, 1, 33, 45, 10, 43, 48, 28, 30, 17, 26, 9, 23, 39, 32, 31, 3, 44, 46, 2, 4, 20, 15, 14, 25, 37, 42, 13, 27, 6, 8, 36, 38, 11, 35, 18, 49, 21, 47, 19, 16, 29, 40, 34, 24, 22, 12]","[35, 7, 0, 5, 1, 33, 45, 23, 43, 48, 34, 30, 17, 14, 42, 32, 39, 29, 19, 4, 3, 11, 2, 49, 40, 44, 38, 18, 28, 46, 37, 9, 47, 13, 27, 22, 12, 31, 24, 16, 15, 41, 6, 25, 8, 36, 20, 10, 21, 26]"
28,50,200,0.2,0.2,0.0,2273,998.95,944,1080,35.01,56.05,0.5986,"[41, 7, 0, 5, 1, 33, 45, 10, 43, 48, 28, 30, 17, 26, 9, 23, 39, 32, 31, 3, 44, 46, 2, 4, 20, 15, 14, 25, 37, 42, 13, 27, 6, 8, 36, 38, 11, 35, 18, 49, 21, 47, 19, 16, 29, 40, 34, 24, 22, 12]","[44, 7, 0, 5, 1, 42, 36, 23, 43, 2, 25, 20, 30, 21, 10, 15, 39, 4, 13, 6, 48, 34, 33, 45, 46, 27, 9, 17, 11, 35, 22, 40, 12, 31, 16, 26, 14, 8, 18, 38, 28, 32, 37, 29, 41, 49, 47, 24, 19, 3]"
29,50,100,0.5,0.8,0.7,2273,1000.15,909,1060,39.11,56.0,0.3066,"[41, 7, 0, 5, 1, 33, 45, 10, 43, 48, 28, 30, 17, 26, 9, 23, 39, 32, 31, 3, 44, 46, 2, 4, 20, 15, 14, 25, 37, 42, 13, 27, 6, 8, 36, 38, 11, 35, 18, 49, 21, 47, 19, 16, 29, 40, 34, 24, 22, 12]","[39, 17, 0, 5, 1, 33, 18, 39, 43, 48, 14, 23, 42, 40, 19, 3, 9, 30, 31, 13, 28, 6, 32, 11, 21, 41, 38, 4, 24, 49, 12, 36, 20, 10, 25, 35, 22, 46, 27, 15, 16, 44, 45, 37, 29, 8, 2, 47, 34, 7]"
30,50,100,0.2,0.8,0.7,2273,1006.2,945,1113,44.22,55.73,0.3047,"[41, 7, 0, 5, 1, 33, 45, 10, 43, 48, 28, 30, 17, 26, 9, 23, 39, 32, 31, 3, 44, 46, 2, 4, 20, 15, 14, 25, 37, 42, 13, 27, 6, 8, 36, 38, 11, 35, 18, 49, 21, 47, 19, 16, 29, 40, 34, 24, 22, 12]","[26, 18, 41, 33, 39, 28, 44, 4, 49, 5, 12, 36, 10, 7, 45, 0, 8, 9, 43, 1, 11, 32, 27, 22, 21, 31, 30, 6, 24, 37, 29, 15, 16, 2, 47, 34, 23, 42, 35, 20, 46, 17, 13, 38, 25, 14, 48, 3, 40, 19]"
31,50,200,0.2,0.2,0.7,2273,1007.0,922,1053,35.37,55.7,0.5929,"[41, 7, 0, 5, 1, 33, 45, 10, 43, 48, 28, 30, 17, 26, 9, 23, 39, 32, 31, 3, 44, 46, 2, 4, 20, 15, 14, 25, 37, 42, 13, 27, 6, 8, 36, 38, 11, 35, 18, 49, 21, 47, 19, 16, 29, 40, 34, 24, 22, 12]","[9, 34, 38, 33, 45, 23, 46, 3, 11, 35, 5, 1, 42, 6, 16, 44, 7, 27, 22, 21, 28, 20, 10, 0, 26, 40, 41, 43, 48, 14, 30, 31, 18, 39, 29, 15, 2, 8, 13, 17, 25, 32, 37, 36, 4, 49, 47, 24, 19, 12]"
32,100,200,0.8,0.8,0.0,2273,1007.55,864,1112,70.67,55.67,1.9069,"[41, 7, 0, 5, 1, 33, 45, 10, 43, 48, 28, 30, 17, 26, 9, 23, 39, 32, 31, 3, 44, 46, 2, 4, 20, 15, 14, 25, 37, 42, 13, 27, 6, 8, 36, 38, 11, 35, 18, 49, 21, 47, 19, 16, 29, 40, 34, 24, 22, 12]","[43, 2, 49, 5, 41, 33, 45, 1, 42, 30, 17, 12, 0, 16, 35, 11, 46, 3, 28, 6, 44, 7, 9, 14, 48, 47, 13, 27, 38, 4, 21, 26, 19, 23, 37, 31, 10, 18, 24, 25, 32, 39, 29, 8, 15, 36, 20, 22, 40, 34]"
33,50,100,0.8,0.8,0.7,2273,1011.9,925,1116,52.12,55.48,0.3146,"[41, 7, 0, 5, 1, 33, 45, 10, 43, 48, 28, 30, 17, 26, 9, 23, 39, 32, 31, 3, 44, 46, 2, 4, 20, 15, 14, 25, 37, 42, 13, 27, 6, 8, 36, 38, 11, 35, 18, 49, 21, 47, 19, 16, 29, 40, 34, 24, 22, 12]","[48, 7, 0, 28, 20, 43, 26, 12, 30, 40, 14, 4, 33, 22, 19, 3, 34, 31, 39, 1, 23, 38, 17, 11, 13, 37, 36, 6, 5, 49, 45, 42, 47, 27, 9, 21, 10, 25, 24, 16, 15, 2, 29, 8, 18, 41, 44, 35, 46, 32]"
34,50,200,0.5,0.2,0.1,2273,1014.75,931,1104,36.49,55.36,0.6061,"[41, 7, 0, 5, 1, 33, 45, 10, 43, 48, 28, 30, 17, 26, 9, 23, 39, 32, 31, 3, 44, 46, 2, 4, 20, 15, 14, 25, 37, 42, 13, 27, 6, 8, 36, 38, 11, 35, 18, 49, 21, 47, 19, 16, 29, 40, 34, 24, 22, 12]","[46, 43, 0, 5, 13, 33, 45, 41, 49, 21, 19, 26, 17, 11, 2, 27, 14, 48, 7, 39, 35, 3, 28, 32, 42, 36, 40, 6, 24, 38, 25, 29, 8, 10, 15, 16, 44, 4, 12, 23, 37, 47, 9, 20, 30, 31, 18, 1, 34, 22]"
35,50,200,0.5,0.2,0.0,2273,1015.15,919,1117,46.37,55.34,0.5993,"[41, 7, 0, 5, 1, 33, 45, 10, 43, 48, 28, 30, 17, 26, 9, 23, 39, 32, 31, 3, 44, 46, 2, 4, 20, 15, 14, 25, 37, 42, 13, 27, 6, 8, 36, 38, 11, 35, 18, 49, 21, 47, 19, 16, 29, 40, 34, 24, 22, 12]","[34, 7, 0, 5, 1, 23, 45, 41, 26, 35, 43, 40, 39, 19, 12, 31, 24, 17, 22, 46, 28, 6, 32, 25, 14, 29, 4, 3, 18, 36, 10, 49, 47, 13, 15, 16, 2, 8, 9, 21, 44, 37, 11, 20, 30, 27, 38, 33, 48, 42]"
36,50,200,0.8,0.2,0.1,2273,1016.35,956,1141,44.17,55.29,0.6049,"[41, 7, 0, 5, 1, 33, 45, 10, 43, 48, 28, 30, 17, 26, 9, 23, 39, 32, 31, 3, 44, 46, 2, 4, 20, 15, 14, 25, 37, 42, 13, 27, 6, 8, 36, 38, 11, 35, 18, 49, 21, 47, 19, 16, 29, 40, 34, 24, 22, 12]","[41, 43, 0, 20, 1, 2, 46, 40, 7, 39, 18, 38, 17, 21, 45, 23, 32, 5, 14, 42, 30, 31, 24, 27, 8, 29, 4, 3, 35, 13, 6, 11, 10, 15, 36, 33, 16, 26, 28, 19, 12, 48, 44, 37, 47, 22, 9, 34, 49, 25]"
37,50,200,0.2,0.2,0.1,2273,1018.2,958,1093,37.77,55.2,0.5918,"[41, 7, 0, 5, 1, 33, 45, 10, 43, 48, 28, 30, 17, 26, 9, 23, 39, 32, 31, 3, 44, 46, 2, 4, 20, 15, 14, 25, 37, 42, 13, 27, 6, 8, 36, 38, 11, 35, 18, 49, 21, 47, 19, 16, 29, 40, 34, 24, 22, 12]","[1, 33, 17, 21, 40, 6, 25, 41, 42, 16, 26, 46, 3, 47, 37, 31, 45, 23, 38, 48, 34, 44, 7, 4, 11, 32, 15, 2, 49, 5, 29, 8, 43, 0, 20, 30, 13, 28, 19, 12, 36, 10, 9, 14, 39, 35, 18, 24, 27, 22]"
38,50,100,0.5,0.8,0.1,2273,1020.75,938,1080,42.52,55.09,0.3072,"[41, 7, 0, 5, 1, 33, 45, 10, 43, 48, 28, 30, 17, 26, 9, 23, 39, 32, 31, 3, 44, 46, 2, 4, 20, 15, 14, 25, 37, 42, 13, 27, 6, 8, 36, 38, 11, 35, 18, 49, 21, 47, 19, 16, 29, 40, 34, 24, 22, 12]","[26, 40, 0, 28, 44, 38, 33, 4, 6, 25, 14, 20, 42, 30, 19, 3, 48, 17, 46, 1, 11, 32, 41, 49, 8, 2, 37, 31, 24, 27, 35, 13, 36, 10, 7, 5, 23, 21, 45, 22, 12, 15, 18, 39, 29, 43, 47, 9, 34, 16]"
39,100,100,0.8,0.2,0.7,2273,1021.7,946,1151,51.06,55.05,0.8916,"[41, 7, 0, 5, 1, 33, 45, 10, 43, 48, 28, 30, 17, 26, 9, 23, 39, 32, 31, 3, 44, 46, 2, 4, 20, 15, 14, 25, 37, 42, 13, 27, 6, 8, 36, 38, 11, 35, 18, 49, 21, 47, 19, 16, 29, 40, 34, 24, 22, 12]","[41, 7, 0, 5, 30, 37, 47, 22, 20, 10, 21, 46, 28, 24, 9, 15, 2, 34, 17, 13, 6, 11, 42, 35, 3, 44, 38, 25, 32, 45, 2, 27, 14, 8, 43, 1, 31, 39, 18, 49, 23, 29, 19, 16, 4, 33, 48, 12, 36, 40]"
40,50,200,0.8,0.2,0.0,2273,1022.2,974,1078,31.46,55.03,0.6066,"[41, 7, 0, 5, 1, 33, 45, 10, 43, 48, 28, 30, 17, 26, 9, 23, 39, 32, 31, 3, 44, 46, 2, 4, 20, 15, 14, 25, 37, 42, 13, 27, 6, 8, 36, 38, 11, 35, 18, 49, 21, 47, 19, 16, 29, 40, 34, 24, 22, 12]","[7, 0, 41, 1, 11, 31, 19, 3, 44, 27, 37, 26, 40, 10, 15, 18, 24, 45, 22, 12, 43, 32, 2, 4, 49, 25, 13, 28, 46, 5, 14, 17, 21, 9, 39, 29, 8, 35, 20, 30, 16, 34, 33, 6, 48, 42, 36, 38, 23, 47]"
41,50,200,0.5,0.2,0.7,2273,1025.05,928,1165,59.39,54.9,0.6009,"[41, 7, 0, 5, 1, 33, 45, 10, 43, 48, 28, 30, 17, 26, 9, 23, 39, 32, 31, 3, 44, 46, 2, 4, 20, 15, 14, 25, 37, 42, 13, 27, 6, 8, 36, 38, 11, 35, 18, 49, 21, 47, 19, 16, 29, 40, 34, 24, 22, 12]","[41, 7, 0, 5, 1, 14, 30, 10, 32, 48, 12, 3, 17, 29, 34, 23, 45, 11, 31, 24, 16, 15, 2, 9, 20, 47, 27, 46, 43, 42, 36, 6, 25, 8, 4, 38, 33, 35, 18, 37, 28, 44, 49, 21, 26, 40, 39, 19, 13, 22]"
42,10,200,0.2,0.8,0.7,2273,1027.0,944,1112,39.79,54.82,0.1234,"[41, 7, 0, 5, 1, 33, 45, 10, 43, 48, 28, 30, 17, 26, 9, 23, 39, 32, 31, 3, 44, 46, 2, 4, 20, 15, 14, 25, 37, 42, 13, 27, 6, 8, 36, 38, 11, 35, 18, 49, 21, 47, 19, 16, 29, 40, 34, 24, 22, 12]","[41, 43, 32, 5, 1, 33, 45, 23, 29, 8, 10, 48, 0, 20, 47, 38, 39, 28, 6, 25, 13, 15, 2, 4, 26, 14, 42, 44, 37, 31, 30, 27, 46, 3, 36, 17, 11, 35, 18, 49, 21, 9, 24, 16, 19, 12, 34, 7, 22, 40]"
43,100,100,0.5,0.2,0.7,2273,1029.85,948,1087,35.88,54.69,1.0006,"[41, 7, 0, 5, 1, 33, 45, 10, 43, 48, 28, 30, 17, 26, 9, 23, 39, 32, 31, 3, 44, 46, 2, 4, 20, 15, 14, 25, 37, 42, 13, 27, 6, 8, 36, 38, 11, 35, 18, 49, 21, 47, 19, 16, 29, 40, 34, 24, 22, 12]","[42, 44, 0, 5, 1, 33, 45, 20, 43, 48, 47, 23, 37, 2, 21, 3, 34, 30, 19, 11, 41, 7, 4, 26, 10, 15, 32, 25, 14, 17, 13, 27, 8, 9, 36, 38, 39, 35, 18, 49, 28, 6, 16, 46, 29, 22, 40, 12, 31, 24]"
44,50,100,0.2,0.8,0.1,2273,1030.4,972,1105,35.78,54.67,0.3046,"[41, 7, 0, 5, 1, 33, 45, 10, 43, 48, 28, 30, 17, 26, 9, 23, 39, 32, 31, 3, 44, 46, 2, 4, 20, 15, 14, 25, 37, 42, 13, 27, 6, 8, 36, 38, 11, 35, 18, 49, 21, 47, 19, 16, 29, 40, 34, 24, 22, 12]","[3, 35, 5, 13, 41, 36, 11, 2, 29, 24, 45, 0, 30, 7, 39, 16, 18, 28, 21, 19, 23, 47, 37, 31, 25, 14, 38, 33, 46, 15, 32, 17, 49, 12, 43, 4, 26, 40, 6, 42, 1, 34, 44, 27, 8, 9, 22, 20, 10, 48]"
45,100,100,0.5,0.2,0.1,2273,1032.35,988,1083,32.9,54.58,0.9037,"[41, 7, 0, 5, 1, 33, 45, 10, 43, 48, 28, 30, 17, 26, 9, 23, 39, 32, 31, 3, 44, 46, 2, 4, 20, 15, 14, 25, 37, 42, 13, 27, 6, 8, 36, 38, 11, 35, 18, 49, 21, 47, 19, 16, 29, 40, 34, 24, 22, 12]","[41, 7, 4, 5, 1, 11, 20, 10, 0, 26, 28, 24, 17, 29, 34, 23, 39, 16, 19, 3, 44, 45, 42, 43, 2, 25, 32, 15, 8, 9, 30, 13, 6, 37, 36, 38, 33, 35, 18, 49, 21, 46, 40, 14, 48, 47, 27, 12, 31, 22]"
46,100,100,0.5,0.2,0.0,2273,1035.05,951,1107,37.19,54.46,0.8884,"[41, 7, 0, 5, 1, 33, 45, 10, 43, 48, 28, 30, 17, 26, 9, 23, 39, 32, 31, 3, 44, 46, 2, 4, 20, 15, 14, 25, 37, 42, 13, 27, 6, 8, 36, 38, 11, 35, 18, 49, 21, 47, 19, 16, 29, 40, 34, 24, 22, 12]","[48, 45, 22, 13, 38, 33, 47, 9, 20, 46, 42, 34, 17, 21, 31, 10, 27, 32, 37, 2, 6, 25, 14, 8, 30, 44, 0, 41, 15, 39, 29, 7, 4, 11, 24, 19, 12, 43, 1, 36, 40, 16, 18, 49, 23, 26, 35, 5, 28, 3]"
47,50,200,0.8,0.2,0.7,2273,1035.3,966,1133,45.77,54.45,0.639,"[41, 7, 0, 5, 1, 33, 45, 10, 43, 48, 28, 30, 17, 26, 9, 23, 39, 32, 31, 3, 44, 46, 2, 4, 20, 15, 14, 25, 37, 42, 13, 27, 6, 8, 36, 38, 11, 35, 18, 49, 21, 47, 19, 16, 29, 40, 34, 24, 22, 12]","[21, 7, 0, 5, 1, 33, 45, 42, 44, 37, 26, 28, 49, 40, 19, 3, 9, 11, 46, 39, 16, 43, 32, 27, 22, 41, 36, 6, 24, 38, 23, 29, 8, 20, 10, 25, 48, 14, 17, 12, 30, 4, 2, 47, 34, 31, 18, 35, 13, 15]"
48,50,100,0.8,0.8,0.1,2273,1035.65,967,1156,49.36,54.44,0.3127,"[41, 7, 0, 5, 1, 33, 45, 10, 43, 48, 28, 30, 17, 26, 9, 23, 39, 32, 31, 3, 44, 46, 2, 4, 20, 15, 14, 25, 37, 42, 13, 27, 6, 8, 36, 38, 11, 35, 18, 49, 21, 47, 19, 16, 29, 40, 34, 24, 22, 12]","[10, 7, 0, 5, 1, 33, 35, 20, 43, 48, 45, 22, 42, 30, 19, 12, 34, 11, 46, 28, 44, 32, 2, 4, 3, 40, 39, 37, 47, 27, 9, 36, 6, 24, 41, 38, 25, 14, 17, 49, 21, 31, 18, 13, 15, 16, 26, 23, 29, 8]"
49,10,200,0.8,0.8,0.7,2273,1036.0,962,1147,44.34,54.42,0.1261,"[41, 7, 0, 5, 1, 33, 45, 10, 43, 48, 28, 30, 17, 26, 9, 23, 39, 32, 31, 3, 44, 46, 2, 4, 20, 15, 14, 25, 37, 42, 13, 27, 6, 8, 36, 38, 11, 35, 18, 49, 21, 47, 19, 16, 29, 40, 34, 24, 22, 12]","[19, 12, 0, 5, 1, 14, 22, 41, 43, 40, 6, 23, 42, 30, 4, 13, 17, 11, 46, 3, 36, 20, 32, 28, 24, 45, 2, 27, 37, 31, 34, 7, 33, 48, 44, 38, 26, 35, 18, 49, 47, 8, 10, 25, 29, 21, 9, 15, 39, 16]"
50,10,200,0.5,0.8,0.7,2273,1036.5,981,1108,33.28,54.4,0.125,"[41, 7, 0, 5, 1, 33, 45, 10, 43, 48, 28, 30, 17, 26, 9, 23, 39, 32, 31, 3, 44, 46, 2, 4, 20, 15, 14, 25, 37, 42, 13, 27, 6, 8, 36, 38, 11, 35, 18, 49, 21, 47, 19, 16, 29, 40, 34, 24, 22, 12]","[41, 7, 0, 5, 1, 2, 25, 20, 10, 48, 14, 30, 21, 37, 42, 44, 38, 32, 39, 3, 4, 33, 43, 26, 28, 19, 23, 45, 15, 17, 13, 27, 8, 9, 36, 6, 11, 35, 18, 49, 47, 29, 24, 16, 46, 40, 12, 31, 34, 22]"
51,100,100,0.2,0.2,0.7,2273,1042.15,951,1115,39.97,54.15,0.8787,"[41, 7, 0, 5, 1, 33, 45, 10, 43, 48, 28, 30, 17, 26, 9, 23, 39, 32, 31, 3, 44, 46, 2, 4, 20, 15, 14, 25, 37, 42, 13, 27, 6, 8, 36, 38, 11, 35, 18, 49, 21, 47, 19, 16, 29, 40, 34, 24, 22, 12]","[41, 43, 0, 5, 1, 2, 26, 10, 21, 40, 33, 46, 37, 25, 13, 15, 36, 11, 45, 20, 47, 34, 30, 31, 42, 44, 38, 28, 6, 8, 29, 7, 4, 3, 17, 12, 48, 32, 24, 27, 9, 14, 23, 39, 16, 19, 18, 49, 35, 22]"
52,100,100,0.2,0.2,0.1,2273,1043.1,951,1145,41.78,54.11,0.8906,"[41, 7, 0, 5, 1, 33, 45, 10, 43, 48, 28, 30, 17, 26, 9, 23, 39, 32, 31, 3, 44, 46, 2, 4, 20, 15, 14, 25, 37, 42, 13, 27, 6, 8, 36, 38, 11, 35, 18, 49, 21, 47, 19, 16, 29, 40, 34, 24, 22, 12]","[41, 7, 4, 5, 1, 33, 45, 20, 43, 48, 14, 23, 42, 30, 19, 2, 34, 11, 46, 13, 37, 31, 16, 15, 36, 38, 28, 6, 32, 18, 40, 12, 0, 26, 10, 25, 35, 3, 27, 8, 9, 39, 29, 24, 17, 21, 44, 49, 47, 22]"
53,10,200,0.8,0.8,0.1,2273,1044.9,958,1123,50.78,54.03,0.1265,"[41, 7, 0, 5, 1, 33, 45, 10, 43, 48, 28, 30, 17, 26, 9, 23, 39, 32, 31, 3, 44, 46, 2, 4, 20, 15, 14, 25, 37, 42, 13, 27, 6, 8, 36, 38, 11, 35, 18, 49, 21, 47, 19, 16, 29, 40, 34, 24, 22, 12]","[41, 7, 0, 5, 1, 34, 45, 42, 32, 25, 35, 13, 10, 27, 9, 24, 16, 33, 48, 3, 44, 37, 2, 4, 26, 40, 14, 29, 21, 31, 39, 28, 6, 8, 18, 38, 49, 22, 19, 23, 43, 30, 12, 36, 20, 47, 17, 11, 46, 15]"
54,100,100,0.8,0.2,0.0,2273,1045.1,964,1136,41.55,54.02,0.9132,"[41, 7, 0, 5, 1, 33, 45, 10, 43, 48, 28, 30, 17, 26, 9, 23, 39, 32, 31, 3, 44, 46, 2, 4, 20, 15, 14, 25, 37, 42, 13, 27, 6, 8, 36, 38, 11, 35, 18, 49, 21, 47, 19, 16, 29, 40, 34, 24, 22, 12]","[25, 14, 11, 45, 5, 12, 36, 33, 42, 6, 26, 40, 19, 16, 43, 31, 13, 23, 38, 47, 17, 46, 28, 44, 7, 39, 15, 32, 2, 4, 3, 48, 0, 8, 9, 18, 34, 30, 21, 10, 49, 22, 27, 37, 29, 41, 35, 20, 1, 24]"
55,100,100,0.8,0.2,0.1,2273,1045.55,966,1123,41.69,54.0,0.8943,"[41, 7, 0, 5, 1, 33, 45, 10, 43, 48, 28, 30, 17, 26, 9, 23, 39, 32, 31, 3, 44, 46, 2, 4, 20, 15, 14, 25, 37, 42, 13, 27, 6, 8, 36, 38, 11, 35, 18, 49, 21, 47, 19, 16, 29, 40, 34, 24, 22, 12]","[40, 7, 0, 41, 1, 33, 45, 8, 20, 10, 21, 46, 39, 30, 31, 36, 11, 24, 19, 26, 28, 4, 42, 35, 3, 44, 38, 32, 48, 47, 13, 27, 37, 9, 43, 12, 34, 17, 2, 49, 23, 16, 15, 18, 6, 25, 5, 14, 29, 22]"
56,100,100,0.2,0.2,0.0,2273,1046.9,948,1138,48.23,53.94,0.8936,"[41, 7, 0, 5, 1, 33, 45, 10, 43, 48, 28, 30, 17, 26, 9, 23, 39, 32, 31, 3, 44, 46, 2, 4, 20, 15, 14, 25, 37, 42, 13, 27, 6, 8, 36, 38, 11, 35, 18, 49, 21, 47, 19, 16, 29, 40, 34, 24, 22, 12]","[41, 7, 0, 5, 1, 33, 45, 20, 43, 26, 28, 44, 6, 48, 47, 34, 30, 37, 9, 8, 10, 11, 42, 35, 46, 12, 36, 17, 2, 49, 29, 19, 4, 3, 40, 16, 15, 32, 27, 14, 23, 21, 31, 24, 38, 39, 18, 25, 13, 22]"
57,10,200,0.2,0.8,0.1,2273,1062.45,974,1137,39.07,53.26,0.1239,"[41, 7, 0, 5, 1, 33, 45, 10, 43, 48, 28, 30, 17, 26, 9, 23, 39, 32, 31, 3, 44, 46, 2, 4, 20, 15, 14, 25, 37, 42, 13, 27, 6, 8, 36, 38, 11, 35, 18, 49, 21, 47, 19, 16, 29, 40, 34, 24, 22, 12]","[44, 7, 4, 5, 1, 33, 45, 37, 17, 48, 0, 30, 21, 26, 6, 23, 38, 29, 42, 3, 41, 49, 25, 35, 20, 47, 14, 8, 13, 31, 39, 15, 28, 18, 36, 10, 11, 32, 2, 9, 43, 12, 34, 16, 46, 40, 24, 27, 22, 19]"
58,100,200,0.5,0.8,0.0,2273,1085.0,1010,1168,43.37,52.27,1.8101,"[41, 7, 0, 5, 1, 33, 45, 10, 43, 48, 28, 30, 17, 26, 9, 23, 39, 32, 31, 3, 44, 46, 2, 4, 20, 15, 14, 25, 37, 42, 13, 27, 6, 8, 36, 38, 11, 35, 18, 49, 21, 47, 19, 16, 29, 40, 34, 24, 22, 12]","[41, 44, 45, 20, 1, 2, 29, 34, 39, 11, 35, 7, 0, 28, 21, 24, 38, 33, 40, 47, 23, 48, 26, 12, 43, 4, 42, 16, 18, 25, 13, 15, 46, 19, 8, 10, 27, 37, 9, 14, 30, 36, 6, 32, 3, 17, 49, 5, 31, 22]"
59,10,200,0.5,0.8,0.1,2273,1085.65,1017,1160,40.95,52.24,0.1259,"[41, 7, 0, 5, 1, 33, 45, 10, 43, 48, 28, 30, 17, 26, 9, 23, 39, 32, 31, 3, 44, 46, 2, 4, 20, 15, 14, 25, 37, 42, 13, 27, 6, 8, 36, 38, 11, 35, 18, 49, 21, 47, 19, 16, 29, 40, 34, 24, 22, 12]","[41, 7, 0, 5, 1, 23, 42, 30, 12, 31, 34, 33, 45, 11, 14, 29, 19, 10, 48, 17, 25, 35, 4, 2, 9, 20, 47, 24, 37, 18, 13, 15, 32, 3, 36, 38, 28, 21, 26, 49, 43, 39, 8, 16, 46, 40, 6, 44, 27, 22]"
60,50,100,0.5,0.2,0.1,2273,1087.3,1012,1202,45.65,52.16,0.3018,"[41, 7, 0, 5, 1, 33, 45, 10, 43, 48, 28, 30, 17, 26, 9, 23, 39, 32, 31, 3, 44, 46, 2, 4, 20, 15, 14, 25, 37, 42, 13, 27, 6, 8, 36, 38, 11, 35, 18, 49, 21, 47, 19, 16, 29, 40, 34, 24, 22, 12]","[46, 43, 0, 5, 13, 33, 45, 41, 49, 21, 19, 3, 17, 11, 2, 27, 34, 48, 7, 39, 22, 26, 32, 28, 42, 36, 40, 6, 24, 38, 25, 29, 8, 10, 15, 16, 44, 4, 12, 23, 37, 47, 9, 20, 30, 31, 18, 1, 14, 35]"
61,50,100,0.8,0.2,0.7,2273,1090.7,998,1153,33.46,52.01,0.3022,"[41, 7, 0, 5, 1, 33, 45, 10, 43, 48, 28, 30, 17, 26, 9, 23, 39, 32, 31, 3, 44, 46, 2, 4, 20, 15, 14, 25, 37, 42, 13, 27, 6, 8, 36, 38, 11, 35, 18, 49, 21, 47, 19, 16, 29, 40, 34, 24, 22, 12]","[40, 7, 0, 5, 1, 33, 45, 42, 44, 35, 26, 28, 49, 21, 19, 3, 34, 11, 46, 39, 16, 43, 32, 27, 15, 41, 36, 6, 24, 38, 23, 29, 8, 20, 10, 25, 48, 14, 17, 12, 31, 37, 2, 47, 9, 30, 18, 4, 13, 22]"
62,50,200,0.8,0.8,0.0,2273,1093.85,988,1271,79.35,51.88,0.6655,"[41, 7, 0, 5, 1, 33, 45, 10, 43, 48, 28, 30, 17, 26, 9, 23, 39, 32, 31, 3, 44, 46, 2, 4, 20, 15, 14, 25, 37, 42, 13, 27, 6, 8, 36, 38, 11, 35, 18, 49, 21, 47, 19, 16, 29, 40, 34, 24, 22, 12]","[16, 18, 1, 33, 46, 28, 6, 44, 37, 48, 7, 9, 20, 30, 13, 23, 43, 26, 10, 15, 36, 24, 42, 35, 5, 14, 11, 32, 31, 39, 22, 25, 17, 49, 21, 45, 41, 38, 12, 0, 40, 19, 3, 47, 27, 8, 29, 4, 2, 34]"
63,50,100,0.2,0.2,0.0,2273,1098.05,971,1155,48.77,51.69,0.294,"[41, 7, 0, 5, 1, 33, 45, 10, 43, 48, 28, 30, 17, 26, 9, 23, 39, 32, 31, 3, 44, 46, 2, 4, 20, 15, 14, 25, 37, 42, 13, 27, 6, 8, 36, 38, 11, 35, 18, 49, 21, 47, 19, 16, 29, 40, 34, 24, 22, 12]","[44, 7, 0, 5, 1, 42, 36, 23, 43, 48, 28, 20, 30, 21, 10, 15, 16, 18, 45, 2, 6, 34, 33, 35, 46, 27, 9, 17, 11, 13, 22, 40, 12, 31, 39, 26, 14, 8, 4, 38, 25, 32, 37, 29, 41, 49, 47, 24, 19, 3]"
64,50,100,0.5,0.2,0.7,2273,1099.9,1002,1179,57.23,51.61,0.3041,"[41, 7, 0, 5, 1, 33, 45, 10, 43, 48, 28, 30, 17, 26, 9, 23, 39, 32, 31, 3, 44, 46, 2, 4, 20, 15, 14, 25, 37, 42, 13, 27, 6, 8, 36, 38, 11, 35, 18, 49, 21, 47, 19, 16, 29, 40, 34, 24, 22, 12]","[41, 7, 0, 5, 1, 43, 30, 10, 32, 48, 12, 3, 17, 29, 34, 23, 45, 11, 31, 39, 16, 15, 2, 9, 20, 47, 14, 27, 37, 42, 36, 6, 25, 8, 4, 38, 33, 35, 18, 46, 28, 44, 49, 21, 26, 40, 24, 19, 13, 22]"
65,100,50,0.5,0.8,0.7,2273,1101.2,1048,1196,41.35,51.55,0.3106,"[41, 7, 0, 5, 1, 33, 45, 10, 43, 48, 28, 30, 17, 26, 9, 23, 39, 32, 31, 3, 44, 46, 2, 4, 20, 15, 14, 25, 37, 42, 13, 27, 6, 8, 36, 38, 11, 35, 18, 49, 21, 47, 19, 16, 29, 40, 34, 24, 22, 12]","[21, 7, 0, 5, 1, 33, 45, 22, 39, 3, 29, 41, 15, 8, 9, 23, 43, 11, 31, 30, 44, 37, 2, 4, 13, 17, 6, 25, 35, 20, 46, 27, 14, 42, 36, 38, 26, 10, 18, 49, 40, 47, 24, 48, 34, 16, 32, 28, 19, 12]"
66,50,100,0.5,0.2,0.0,2273,1102.4,1014,1222,57.31,51.5,0.2995,"[41, 7, 0, 5, 1, 33, 45, 10, 43, 48, 28, 30, 17, 26, 9, 23, 39, 32, 31, 3, 44, 46, 2, 4, 20, 15, 14, 25, 37, 42, 13, 27, 6, 8, 36, 38, 11, 35, 18, 49, 21, 47, 19, 16, 29, 40, 34, 24, 22, 12]","[34, 7, 0, 5, 1, 23, 45, 20, 26, 35, 43, 40, 46, 19, 12, 31, 24, 17, 22, 25, 28, 6, 32, 41, 14, 29, 4, 30, 18, 36, 10, 49, 11, 13, 15, 16, 2, 8, 9, 21, 44, 37, 47, 39, 3, 27, 38, 33, 48, 42]"
67,50,100,0.2,0.2,0.7,2273,1102.85,973,1196,54.66,51.48,0.2938,"[41, 7, 0, 5, 1, 33, 45, 10, 43, 48, 28, 30, 17, 26, 9, 23, 39, 32, 31, 3, 44, 46, 2, 4, 20, 15, 14, 25, 37, 42, 13, 27, 6, 8, 36, 38, 11, 35, 18, 49, 21, 47, 19, 16, 29, 40, 34, 24, 22, 12]","[9, 14, 17, 43, 45, 23, 46, 3, 11, 35, 5, 1, 36, 33, 16, 44, 7, 27, 22, 21, 28, 18, 10, 0, 26, 40, 41, 6, 48, 20, 30, 31, 34, 39, 29, 15, 2, 8, 13, 38, 25, 32, 37, 42, 4, 49, 47, 24, 19, 12]"
68,100,50,0.8,0.8,0.1,2273,1105.0,1027,1262,54.14,51.39,0.3174,"[41, 7, 0, 5, 1, 33, 45, 10, 43, 48, 28, 30, 17, 26, 9, 23, 39, 32, 31, 3, 44, 46, 2, 4, 20, 15, 14, 25, 37, 42, 13, 27, 6, 8, 36, 38, 11, 35, 18, 49, 21, 47, 19, 16, 29, 40, 34, 24, 22, 12]","[18, 18, 41, 33, 48, 45, 22, 38, 43, 40, 44, 7, 4, 2, 29, 42, 47, 23, 32, 25, 14, 39, 11, 46, 1, 36, 24, 37, 31, 34, 16, 19, 26, 28, 21, 6, 5, 13, 12, 3, 20, 10, 0, 30, 17, 49, 35, 27, 9, 15]"
69,50,100,0.8,0.2,0.1,2273,1108.45,1020,1227,47.88,51.23,0.3022,"[41, 7, 0, 5, 1, 33, 45, 10, 43, 48, 28, 30, 17, 26, 9, 23, 39, 32, 31, 3, 44, 46, 2, 4, 20, 15, 14, 25, 37, 42, 13, 27, 6, 8, 36, 38, 11, 35, 18, 49, 21, 47, 19, 16, 29, 40, 34, 24, 22, 12]","[41, 43, 0, 20, 1, 2, 45, 40, 7, 39, 18, 38, 17, 21, 10, 23, 32, 5, 14, 9, 30, 31, 24, 27, 8, 29, 4, 3, 35, 13, 6, 11, 46, 15, 36, 33, 16, 26, 28, 19, 12, 48, 44, 37, 47, 22, 42, 34, 49, 25]"
70,50,100,0.2,0.2,0.1,2273,1112.5,1039,1251,63.23,51.06,0.2957,"[41, 7, 0, 5, 1, 33, 45, 10, 43, 48, 28, 30, 17, 26, 9, 23, 39, 32, 31, 3, 44, 46, 2, 4, 20, 15, 14, 25, 37, 42, 13, 27, 6, 8, 36, 38, 11, 35, 18, 49, 21, 47, 19, 16, 29, 40, 34, 24, 22, 12]","[1, 14, 17, 5, 40, 2, 21, 41, 42, 16, 26, 46, 3, 47, 37, 31, 45, 23, 38, 48, 34, 44, 7, 4, 11, 32, 33, 6, 49, 8, 29, 25, 43, 0, 20, 30, 13, 28, 19, 12, 36, 10, 9, 15, 39, 35, 18, 24, 27, 22]"
71,50,100,0.8,0.2,0.0,2273,1117.75,1034,1232,46.48,50.82,0.3017,"[41, 7, 0, 5, 1, 33, 45, 10, 43, 48, 28, 30, 17, 26, 9, 23, 39, 32, 31, 3, 44, 46, 2, 4, 20, 15, 14, 25, 37, 42, 13, 27, 6, 8, 36, 38, 11, 35, 18, 49, 21, 47, 19, 16, 29, 40, 34, 24, 22, 12]","[9, 0, 41, 33, 11, 31, 25, 3, 44, 27, 37, 26, 40, 10, 15, 18, 24, 45, 22, 12, 43, 32, 2, 4, 49, 35, 13, 17, 46, 5, 14, 1, 21, 7, 39, 29, 19, 8, 20, 30, 16, 34, 28, 6, 48, 42, 36, 38, 23, 47]"
72,100,50,0.2,0.8,0.7,2273,1118.9,984,1197,52.62,50.77,0.3057,"[41, 7, 0, 5, 1, 33, 45, 10, 43, 48, 28, 30, 17, 26, 9, 23, 39, 32, 31, 3, 44, 46, 2, 4, 20, 15, 14, 25, 37, 42, 13, 27, 6, 8, 36, 38, 11, 35, 18, 49, 21, 47, 19, 16, 29, 40, 34, 24, 22, 12]","[41, 7, 0, 30, 13, 33, 45, 46, 43, 48, 39, 47, 9, 14, 38, 23, 16, 34, 31, 3, 44, 4, 26, 10, 27, 15, 2, 32, 37, 42, 1, 28, 6, 8, 36, 17, 11, 35, 18, 49, 25, 5, 29, 24, 40, 20, 22, 19, 12, 21]"
73,100,50,0.8,0.8,0.7,2273,1120.85,1037,1221,45.4,50.69,0.3177,"[41, 7, 0, 5, 1, 33, 45, 10, 43, 48, 28, 30, 17, 26, 9, 23, 39, 32, 31, 3, 44, 46, 2, 4, 20, 15, 14, 25, 37, 42, 13, 27, 6, 8, 36, 38, 11, 35, 18, 49, 21, 47, 19, 16, 29, 40, 34, 24, 22, 12]","[26, 18, 41, 33, 46, 28, 42, 6, 32, 15, 2, 9, 47, 34, 44, 43, 24, 38, 4, 49, 23, 36, 39, 22, 40, 14, 8, 29, 7, 0, 30, 25, 13, 16, 19, 3, 27, 5, 31, 10, 11, 35, 20, 37, 17, 1, 21, 45, 12, 48]"
74,100,200,0.2,0.8,0.0,2273,1123.45,994,1257,58.82,50.57,1.7803,"[41, 7, 0, 5, 1, 33, 45, 10, 43, 48, 28, 30, 17, 26, 9, 23, 39, 32, 31, 3, 44, 46, 2, 4, 20, 15, 14, 25, 37, 42, 13, 27, 6, 8, 36, 38, 11, 35, 18, 49, 21, 47, 19, 16, 29, 40, 34, 24, 22, 12]","[8, 18, 45, 22, 5, 13, 23, 32, 15, 39, 3, 28, 6, 37, 2, 14, 48, 26, 40, 12, 43, 46, 29, 16, 44, 7, 4, 42, 19, 0, 30, 10, 25, 24, 1, 11, 35, 20, 47, 17, 49, 21, 31, 36, 41, 38, 27, 9, 34, 33]"
75,10,100,0.2,0.8,0.7,2273,1124.6,1018,1189,45.21,50.52,0.068,"[41, 7, 0, 5, 1, 33, 45, 10, 43, 48, 28, 30, 17, 26, 9, 23, 39, 32, 31, 3, 44, 46, 2, 4, 20, 15, 14, 25, 37, 42, 13, 27, 6, 8, 36, 38, 11, 35, 18, 49, 21, 47, 19, 16, 29, 40, 34, 24, 22, 12]","[41, 43, 17, 5, 1, 33, 45, 38, 29, 25, 14, 48, 0, 20, 47, 23, 39, 28, 6, 8, 13, 15, 2, 4, 26, 32, 42, 44, 37, 31, 30, 27, 46, 3, 40, 10, 11, 35, 18, 49, 21, 9, 24, 16, 19, 12, 34, 7, 22, 36]"
76,100,50,0.2,0.8,0.1,2273,1130.95,1088,1186,28.22,50.24,0.3079,"[41, 7, 0, 5, 1, 33, 45, 10, 43, 48, 28, 30, 17, 26, 9, 23, 39, 32, 31, 3, 44, 46, 2, 4, 20, 15, 14, 25, 37, 42, 13, 27, 6, 8, 36, 38, 11, 35, 18, 49, 21, 47, 19, 16, 29, 40, 34, 24, 22, 12]","[41, 7, 0, 5, 1, 33, 45, 23, 43, 48, 34, 30, 17, 14, 42, 32, 37, 47, 29, 4, 3, 11, 2, 49, 40, 44, 38, 18, 28, 46, 39, 19, 26, 13, 27, 22, 12, 31, 24, 16, 15, 35, 6, 9, 8, 36, 20, 10, 21, 25]"
77,100,50,0.5,0.8,0.1,2273,1132.1,983,1220,59.81,50.19,0.3125,"[41, 7, 0, 5, 1, 33, 45, 10, 43, 48, 28, 30, 17, 26, 9, 23, 39, 32, 31, 3, 44, 46, 2, 4, 20, 15, 14, 25, 37, 42, 13, 27, 6, 8, 36, 38, 11, 35, 18, 49, 21, 47, 19, 16, 29, 40, 34, 24, 22, 12]","[41, 7, 0, 5, 1, 33, 20, 10, 18, 4, 2, 9, 30, 27, 35, 6, 24, 16, 22, 38, 28, 44, 48, 3, 29, 26, 40, 14, 8, 13, 23, 46, 12, 43, 21, 37, 19, 39, 17, 49, 45, 15, 36, 47, 42, 34, 31, 25, 32, 11]"
78,100,100,0.8,0.8,0.0,2273,1136.35,1004,1268,69.62,50.01,0.9348,"[41, 7, 0, 5, 1, 33, 45, 10, 43, 48, 28, 30, 17, 26, 9, 23, 39, 32, 31, 3, 44, 46, 2, 4, 20, 15, 14, 25, 37, 42, 13, 27, 6, 8, 36, 38, 11, 35, 18, 49, 21, 47, 19, 16, 29, 40, 34, 24, 22, 12]","[43, 2, 49, 5, 41, 33, 45, 1, 42, 35, 17, 12, 30, 21, 26, 28, 46, 3, 19, 16, 44, 7, 9, 34, 48, 47, 13, 36, 38, 4, 37, 0, 31, 24, 27, 11, 32, 18, 10, 25, 14, 23, 29, 15, 6, 8, 20, 22, 40, 39]"
79,10,100,0.8,0.8,0.7,2273,1139.9,1062,1221,49.3,49.85,0.0689,"[41, 7, 0, 5, 1, 33, 45, 10, 43, 48, 28, 30, 17, 26, 9, 23, 39, 32, 31, 3, 44, 46, 2, 4, 20, 15, 14, 25, 37, 42, 13, 27, 6, 8, 36, 38, 11, 35, 18, 49, 21, 47, 19, 16, 29, 40, 34, 24, 22, 12]","[19, 12, 0, 5, 1, 33, 22, 9, 43, 40, 6, 23, 42, 30, 4, 3, 17, 11, 46, 13, 44, 20, 32, 28, 21, 45, 2, 47, 37, 31, 34, 25, 14, 48, 36, 38, 26, 35, 18, 49, 27, 8, 10, 15, 29, 24, 41, 7, 39, 16]"
80,50,50,0.8,0.8,0.7,2273,1140.35,1030,1284,58.49,49.83,0.1562,"[41, 7, 0, 5, 1, 33, 45, 10, 43, 48, 28, 30, 17, 26, 9, 23, 39, 32, 31, 3, 44, 46, 2, 4, 20, 15, 14, 25, 37, 42, 13, 27, 6, 8, 36, 38, 11, 35, 18, 49, 21, 47, 19, 16, 29, 40, 34, 24, 22, 12]","[48, 7, 0, 5, 20, 43, 46, 12, 30, 40, 14, 4, 33, 22, 19, 3, 34, 31, 39, 1, 23, 38, 32, 25, 21, 37, 36, 6, 28, 49, 45, 42, 47, 27, 11, 13, 10, 9, 24, 35, 15, 2, 29, 8, 18, 41, 44, 16, 26, 17]"
81,10,100,0.5,0.8,0.7,2273,1144.05,1070,1242,47.51,49.67,0.0681,"[41, 7, 0, 5, 1, 33, 45, 10, 43, 48, 28, 30, 17, 26, 9, 23, 39, 32, 31, 3, 44, 46, 2, 4, 20, 15, 14, 25, 37, 42, 13, 27, 6, 8, 36, 38, 11, 35, 18, 49, 21, 47, 19, 16, 29, 40, 34, 24, 22, 12]","[41, 7, 0, 5, 1, 2, 25, 20, 10, 48, 14, 30, 21, 46, 42, 44, 38, 32, 39, 3, 4, 33, 43, 26, 28, 19, 23, 45, 37, 17, 13, 27, 8, 9, 36, 6, 11, 35, 18, 49, 47, 29, 24, 16, 15, 40, 12, 31, 34, 22]"
82,50,200,0.5,0.8,0.0,2273,1145.7,970,1287,74.75,49.6,0.6226,"[41, 7, 0, 5, 1, 33, 45, 10, 43, 48, 28, 30, 17, 26, 9, 23, 39, 32, 31, 3, 44, 46, 2, 4, 20, 15, 14, 25, 37, 42, 13, 27, 6, 8, 36, 38, 11, 35, 18, 49, 21, 47, 19, 16, 29, 40, 34, 24, 22, 12]","[41, 43, 0, 5, 1, 33, 16, 44, 7, 4, 12, 48, 3, 47, 9, 20, 46, 29, 21, 24, 6, 37, 26, 17, 22, 23, 45, 42, 28, 49, 40, 14, 8, 2, 30, 19, 11, 35, 18, 36, 10, 32, 34, 31, 39, 27, 38, 25, 13, 15]"
83,50,50,0.2,0.8,0.7,2273,1145.9,1018,1226,49.28,49.59,0.1649,"[41, 7, 0, 5, 1, 33, 45, 10, 43, 48, 28, 30, 17, 26, 9, 23, 39, 32, 31, 3, 44, 46, 2, 4, 20, 15, 14, 25, 37, 42, 13, 27, 6, 8, 36, 38, 11, 35, 18, 49, 21, 47, 19, 16, 29, 40, 34, 24, 22, 12]","[26, 18, 41, 33, 46, 28, 44, 4, 49, 5, 1, 36, 10, 7, 3, 42, 8, 9, 43, 12, 11, 32, 27, 15, 21, 31, 30, 6, 24, 38, 29, 22, 40, 2, 47, 34, 23, 16, 35, 20, 39, 17, 0, 37, 25, 14, 48, 45, 13, 19]"
84,50,50,0.2,0.8,0.1,2273,1147.6,1066,1236,42.91,49.51,0.1651,"[41, 7, 0, 5, 1, 33, 45, 10, 43, 48, 28, 30, 17, 26, 9, 23, 39, 32, 31, 3, 44, 46, 2, 4, 20, 15, 14, 25, 37, 42, 13, 27, 6, 8, 36, 38, 11, 35, 18, 49, 21, 47, 19, 16, 29, 40, 34, 24, 22, 12]","[3, 35, 13, 5, 41, 43, 11, 2, 21, 24, 45, 0, 30, 7, 39, 16, 46, 23, 29, 19, 28, 18, 37, 31, 25, 14, 38, 33, 47, 32, 15, 17, 49, 12, 1, 4, 26, 40, 6, 42, 36, 34, 44, 27, 8, 9, 22, 20, 10, 48]"
85,10,100,0.8,0.8,0.1,2273,1149.75,1032,1289,72.81,49.42,0.0687,"[41, 7, 0, 5, 1, 33, 45, 10, 43, 48, 28, 30, 17, 26, 9, 23, 39, 32, 31, 3, 44, 46, 2, 4, 20, 15, 14, 25, 37, 42, 13, 27, 6, 8, 36, 38, 11, 35, 18, 49, 21, 47, 19, 16, 29, 40, 34, 24, 22, 12]","[41, 7, 0, 5, 1, 33, 45, 42, 32, 25, 35, 13, 10, 27, 9, 24, 16, 34, 48, 3, 44, 37, 2, 4, 12, 30, 14, 29, 43, 31, 39, 28, 6, 8, 18, 38, 49, 26, 36, 23, 21, 40, 19, 22, 20, 47, 17, 11, 46, 15]"
86,50,50,0.5,0.8,0.7,2273,1151.2,1056,1240,49.26,49.35,0.1523,"[41, 7, 0, 5, 1, 33, 45, 10, 43, 48, 28, 30, 17, 26, 9, 23, 39, 32, 31, 3, 44, 46, 2, 4, 20, 15, 14, 25, 37, 42, 13, 27, 6, 8, 36, 38, 11, 35, 18, 49, 21, 47, 19, 16, 29, 40, 34, 24, 22, 12]","[39, 17, 0, 5, 1, 33, 18, 39, 43, 48, 14, 23, 42, 46, 19, 3, 34, 30, 31, 27, 28, 6, 32, 11, 21, 13, 38, 4, 24, 49, 12, 36, 20, 10, 25, 44, 22, 40, 41, 15, 16, 35, 45, 37, 29, 8, 2, 47, 9, 7]"
87,100,100,0.5,0.8,0.0,2273,1152.2,1035,1285,55.95,49.31,1.0343,"[41, 7, 0, 5, 1, 33, 45, 10, 43, 48, 28, 30, 17, 26, 9, 23, 39, 32, 31, 3, 44, 46, 2, 4, 20, 15, 14, 25, 37, 42, 13, 27, 6, 8, 36, 38, 11, 35, 18, 49, 21, 47, 19, 16, 29, 40, 34, 24, 22, 12]","[41, 44, 45, 20, 1, 2, 29, 15, 39, 11, 35, 43, 0, 28, 21, 4, 3, 48, 33, 32, 23, 38, 26, 46, 40, 24, 37, 16, 18, 25, 13, 27, 30, 19, 12, 10, 7, 42, 9, 14, 8, 36, 6, 34, 47, 17, 49, 5, 31, 22]"
88,100,50,0.8,0.2,0.7,2273,1154.25,1051,1250,53.69,49.22,0.3056,"[41, 7, 0, 5, 1, 33, 45, 10, 43, 48, 28, 30, 17, 26, 9, 23, 39, 32, 31, 3, 44, 46, 2, 4, 20, 15, 14, 25, 37, 42, 13, 27, 6, 8, 36, 38, 11, 35, 18, 49, 21, 47, 19, 16, 29, 40, 34, 24, 22, 12]","[41, 7, 0, 5, 30, 37, 47, 24, 20, 10, 21, 46, 39, 22, 9, 15, 2, 34, 17, 13, 6, 11, 42, 35, 3, 44, 38, 25, 32, 45, 2, 27, 14, 8, 43, 12, 31, 28, 18, 49, 23, 29, 19, 16, 4, 33, 48, 1, 36, 40]"
89,100,50,0.5,0.2,0.1,2273,1155.25,1054,1239,46.53,49.18,0.3014,"[41, 7, 0, 5, 1, 33, 45, 10, 43, 48, 28, 30, 17, 26, 9, 23, 39, 32, 31, 3, 44, 46, 2, 4, 20, 15, 14, 25, 37, 42, 13, 27, 6, 8, 36, 38, 11, 35, 18, 49, 21, 47, 19, 16, 29, 40, 34, 24, 22, 12]","[41, 7, 0, 5, 1, 11, 20, 10, 4, 26, 28, 47, 17, 48, 42, 23, 39, 16, 34, 3, 44, 45, 19, 43, 2, 25, 32, 15, 37, 9, 30, 13, 6, 8, 36, 38, 33, 35, 18, 49, 21, 46, 40, 14, 29, 24, 27, 12, 31, 22]"
90,10,100,0.2,0.8,0.1,2273,1155.85,1050,1248,57.84,49.15,0.0694,"[41, 7, 0, 5, 1, 33, 45, 10, 43, 48, 28, 30, 17, 26, 9, 23, 39, 32, 31, 3, 44, 46, 2, 4, 20, 15, 14, 25, 37, 42, 13, 27, 6, 8, 36, 38, 11, 35, 18, 49, 21, 47, 19, 16, 29, 40, 34, 24, 22, 12]","[44, 7, 0, 5, 1, 33, 45, 39, 17, 48, 4, 30, 21, 26, 6, 23, 38, 29, 42, 3, 41, 49, 25, 28, 20, 47, 14, 8, 37, 31, 13, 15, 35, 18, 36, 10, 11, 32, 2, 9, 43, 12, 34, 16, 46, 40, 24, 27, 22, 19]"
91,50,50,0.5,0.8,0.1,2273,1158.05,1076,1239,46.59,49.05,0.1524,"[41, 7, 0, 5, 1, 33, 45, 10, 43, 48, 28, 30, 17, 26, 9, 23, 39, 32, 31, 3, 44, 46, 2, 4, 20, 15, 14, 25, 37, 42, 13, 27, 6, 8, 36, 38, 11, 35, 18, 49, 21, 47, 19, 16, 29, 40, 34, 24, 22, 12]","[26, 40, 0, 28, 41, 38, 33, 4, 6, 25, 14, 22, 42, 30, 19, 3, 48, 17, 46, 1, 2, 32, 44, 27, 8, 36, 37, 31, 24, 49, 35, 13, 11, 10, 7, 5, 23, 21, 45, 20, 12, 15, 18, 39, 29, 43, 47, 9, 34, 16]"
92,100,50,0.5,0.2,0.7,2273,1158.05,1101,1293,45.13,49.05,0.3011,"[41, 7, 0, 5, 1, 33, 45, 10, 43, 48, 28, 30, 17, 26, 9, 23, 39, 32, 31, 3, 44, 46, 2, 4, 20, 15, 14, 25, 37, 42, 13, 27, 6, 8, 36, 38, 11, 35, 18, 49, 21, 47, 19, 16, 29, 40, 34, 24, 22, 12]","[42, 7, 0, 5, 1, 33, 45, 20, 43, 48, 47, 23, 37, 2, 19, 3, 34, 30, 16, 32, 41, 44, 4, 11, 10, 15, 14, 25, 26, 17, 13, 27, 9, 8, 36, 38, 39, 35, 18, 49, 28, 6, 21, 46, 29, 22, 40, 12, 31, 24]"
93,50,200,0.2,0.8,0.0,2273,1164.15,1053,1260,59.52,48.78,0.6187,"[41, 7, 0, 5, 1, 33, 45, 10, 43, 48, 28, 30, 17, 26, 9, 23, 39, 32, 31, 3, 44, 46, 2, 4, 20, 15, 14, 25, 37, 42, 13, 27, 6, 8, 36, 38, 11, 35, 18, 49, 21, 47, 19, 16, 29, 40, 34, 24, 22, 12]","[32, 48, 22, 38, 33, 28, 42, 16, 44, 49, 21, 6, 34, 23, 46, 3, 5, 20, 14, 39, 30, 19, 2, 4, 1, 36, 40, 7, 24, 25, 9, 43, 26, 17, 29, 12, 0, 41, 31, 45, 11, 35, 27, 37, 47, 8, 10, 18, 13, 15]"
94,50,50,0.8,0.8,0.1,2273,1164.45,1075,1222,45.78,48.77,0.1566,"[41, 7, 0, 5, 1, 33, 45, 10, 43, 48, 28, 30, 17, 26, 9, 23, 39, 32, 31, 3, 44, 46, 2, 4, 20, 15, 14, 25, 37, 42, 13, 27, 6, 8, 36, 38, 11, 35, 18, 49, 21, 47, 19, 16, 29, 40, 34, 24, 22, 12]","[10, 7, 0, 5, 1, 33, 45, 20, 43, 48, 14, 22, 42, 30, 19, 3, 34, 11, 46, 28, 44, 32, 2, 4, 9, 15, 39, 37, 47, 27, 12, 36, 6, 8, 41, 38, 25, 35, 18, 49, 21, 31, 17, 13, 40, 16, 26, 23, 29, 24]"
95,100,50,0.8,0.2,0.1,2273,1167.35,1105,1221,32.18,48.64,0.3083,"[41, 7, 0, 5, 1, 33, 45, 10, 43, 48, 28, 30, 17, 26, 9, 23, 39, 32, 31, 3, 44, 46, 2, 4, 20, 15, 14, 25, 37, 42, 13, 27, 6, 8, 36, 38, 11, 35, 18, 49, 21, 47, 19, 16, 29, 40, 34, 24, 22, 12]","[40, 7, 0, 5, 1, 33, 45, 8, 20, 10, 21, 46, 39, 30, 31, 36, 11, 24, 19, 26, 6, 4, 42, 35, 3, 44, 38, 32, 48, 47, 13, 27, 37, 9, 43, 12, 34, 17, 18, 49, 23, 16, 15, 2, 25, 28, 41, 14, 29, 22]"
96,100,50,0.5,0.2,0.0,2273,1168.25,1097,1275,49.34,48.6,0.3021,"[41, 7, 0, 5, 1, 33, 45, 10, 43, 48, 28, 30, 17, 26, 9, 23, 39, 32, 31, 3, 44, 46, 2, 4, 20, 15, 14, 25, 37, 42, 13, 27, 6, 8, 36, 38, 11, 35, 18, 49, 21, 47, 19, 16, 29, 40, 34, 24, 22, 12]","[48, 45, 22, 13, 27, 38, 47, 9, 20, 32, 42, 34, 23, 21, 31, 10, 26, 46, 37, 2, 6, 25, 14, 8, 30, 44, 0, 41, 15, 39, 29, 7, 4, 11, 24, 19, 12, 43, 1, 36, 40, 16, 18, 49, 17, 33, 35, 5, 28, 3]"
97,10,200,0.5,0.2,0.0,2273,1170.8,1053,1322,56.95,48.49,0.1225,"[41, 7, 0, 5, 1, 33, 45, 10, 43, 48, 28, 30, 17, 26, 9, 23, 39, 32, 31, 3, 44, 46, 2, 4, 20, 15, 14, 25, 37, 42, 13, 27, 6, 8, 36, 38, 11, 35, 18, 49, 21, 47, 19, 16, 29, 40, 34, 24, 22, 12]","[41, 7, 0, 20, 1, 33, 45, 12, 43, 18, 28, 30, 10, 21, 40, 29, 24, 38, 47, 25, 44, 37, 2, 4, 5, 31, 39, 19, 13, 17, 22, 27, 8, 9, 36, 6, 11, 32, 42, 35, 14, 48, 34, 16, 15, 49, 23, 26, 46, 3]"
98,100,50,0.2,0.2,0.1,2273,1174.65,1064,1264,52.9,48.32,0.2986,"[41, 7, 0, 5, 1, 33, 45, 10, 43, 48, 28, 30, 17, 26, 9, 23, 39, 32, 31, 3, 44, 46, 2, 4, 20, 15, 14, 25, 37, 42, 13, 27, 6, 8, 36, 38, 11, 35, 18, 49, 21, 47, 19, 16, 29, 40, 34, 24, 22, 12]","[41, 7, 4, 5, 1, 33, 45, 20, 43, 48, 14, 23, 42, 30, 19, 2, 34, 11, 46, 13, 37, 31, 16, 15, 36, 38, 18, 6, 32, 8, 40, 12, 0, 26, 10, 25, 35, 3, 47, 27, 9, 39, 29, 24, 17, 28, 44, 49, 21, 22]"
99,100,50,0.2,0.2,0.7,2273,1177.8,1083,1244,43.47,48.18,0.299,"[41, 7, 0, 5, 1, 33, 45, 10, 43, 48, 28, 30, 17, 26, 9, 23, 39, 32, 31, 3, 44, 46, 2, 4, 20, 15, 14, 25, 37, 42, 13, 27, 6, 8, 36, 38, 11, 35, 18, 49, 21, 47, 19, 16, 29, 40, 34, 24, 22, 12]","[41, 43, 0, 5, 1, 2, 26, 10, 25, 40, 20, 46, 37, 21, 13, 15, 36, 11, 45, 33, 6, 34, 42, 31, 30, 44, 38, 28, 32, 8, 29, 7, 4, 3, 17, 12, 48, 47, 39, 27, 9, 14, 23, 24, 19, 16, 18, 49, 35, 22]"
100,10,200,0.2,0.2,0.7,2273,1179.05,1114,1256,43.35,48.13,0.1225,"[41, 7, 0, 5, 1, 33, 45, 10, 43, 48, 28, 30, 17, 26, 9, 23, 39, 32, 31, 3, 44, 46, 2, 4, 20, 15, 14, 25, 37, 42, 13, 27, 6, 8, 36, 38, 11, 35, 18, 49, 21, 47, 19, 16, 29, 40, 34, 24, 22, 12]","[41, 17, 0, 5, 1, 33, 45, 46, 43, 48, 26, 10, 49, 8, 9, 21, 28, 42, 32, 3, 34, 16, 2, 4, 20, 47, 14, 23, 37, 31, 13, 38, 27, 15, 36, 6, 11, 35, 18, 39, 40, 44, 7, 22, 25, 29, 24, 12, 30, 19]"
101,10,200,0.2,0.2,0.0,2273,1180.2,1115,1278,45.74,48.08,0.1198,"[41, 7, 0, 5, 1, 33, 45, 10, 43, 48, 28, 30, 17, 26, 9, 23, 39, 32, 31, 3, 44, 46, 2, 4, 20, 15, 14, 25, 37, 42, 13, 27, 6, 8, 36, 38, 11, 35, 18, 49, 21, 47, 19, 16, 29, 40, 34, 24, 22, 12]","[41, 44, 25, 5, 1, 11, 45, 2, 6, 48, 26, 23, 47, 10, 9, 34, 16, 22, 39, 3, 20, 32, 28, 29, 43, 0, 14, 4, 37, 31, 13, 27, 8, 15, 36, 38, 33, 35, 18, 49, 40, 17, 46, 42, 30, 7, 24, 12, 21, 19]"
102,50,100,0.8,0.8,0.0,2273,1180.55,1051,1319,78.18,48.06,0.3185,"[41, 7, 0, 5, 1, 33, 45, 10, 43, 48, 28, 30, 17, 26, 9, 23, 39, 32, 31, 3, 44, 46, 2, 4, 20, 15, 14, 25, 37, 42, 13, 27, 6, 8, 36, 38, 11, 35, 18, 49, 21, 47, 19, 16, 29, 40, 34, 24, 22, 12]","[16, 18, 1, 33, 46, 28, 44, 4, 37, 41, 6, 9, 14, 30, 7, 23, 43, 26, 10, 15, 36, 20, 42, 35, 29, 8, 11, 24, 31, 39, 22, 25, 5, 49, 21, 45, 2, 32, 48, 0, 40, 19, 3, 27, 38, 47, 13, 17, 12, 34]"
103,10,100,0.5,0.8,0.1,2273,1181.8,1082,1270,48.48,48.01,0.0681,"[41, 7, 0, 5, 1, 33, 45, 10, 43, 48, 28, 30, 17, 26, 9, 23, 39, 32, 31, 3, 44, 46, 2, 4, 20, 15, 14, 25, 37, 42, 13, 27, 6, 8, 36, 38, 11, 35, 18, 49, 21, 47, 19, 16, 29, 40, 34, 24, 22, 12]","[41, 7, 0, 5, 1, 33, 42, 30, 43, 31, 19, 23, 45, 11, 14, 3, 34, 10, 48, 17, 25, 35, 4, 2, 29, 20, 32, 24, 37, 26, 13, 15, 39, 8, 36, 38, 28, 21, 18, 49, 12, 47, 9, 16, 46, 40, 6, 44, 27, 22]"
104,10,200,0.8,0.2,0.1,2273,1185.7,1023,1306,57.86,47.84,0.1235,"[41, 7, 0, 5, 1, 33, 45, 10, 43, 48, 28, 30, 17, 26, 9, 23, 39, 32, 31, 3, 44, 46, 2, 4, 20, 15, 14, 25, 37, 42, 13, 27, 6, 8, 36, 38, 11, 35, 18, 49, 21, 47, 19, 16, 29, 40, 34, 24, 22, 12]","[34, 44, 0, 5, 1, 33, 46, 28, 48, 9, 14, 23, 7, 39, 19, 3, 13, 15, 26, 40, 20, 42, 16, 4, 21, 36, 38, 32, 37, 2, 27, 30, 31, 45, 8, 10, 43, 35, 18, 49, 12, 11, 24, 17, 47, 25, 29, 22, 41, 6]"
105,100,50,0.8,0.2,0.0,2273,1186.15,1115,1268,44.47,47.82,0.3061,"[41, 7, 0, 5, 1, 33, 45, 10, 43, 48, 28, 30, 17, 26, 9, 23, 39, 32, 31, 3, 44, 46, 2, 4, 20, 15, 14, 25, 37, 42, 13, 27, 6, 8, 36, 38, 11, 35, 18, 49, 21, 47, 19, 16, 29, 40, 34, 24, 22, 12]","[25, 14, 11, 35, 5, 12, 21, 41, 42, 6, 26, 40, 19, 16, 43, 31, 13, 23, 38, 47, 17, 46, 28, 44, 7, 39, 15, 32, 2, 4, 3, 33, 0, 8, 9, 18, 34, 30, 36, 10, 48, 22, 27, 37, 29, 49, 45, 20, 1, 24]"
106,10,200,0.5,0.2,0.1,2273,1187.9,1037,1274,52.16,47.74,0.1222,"[41, 7, 0, 5, 1, 33, 45, 10, 43, 48, 28, 30, 17, 26, 9, 23, 39, 32, 31, 3, 44, 46, 2, 4, 20, 15, 14, 25, 37, 42, 13, 27, 6, 8, 36, 38, 11, 35, 18, 49, 21, 47, 19, 16, 29, 40, 34, 24, 22, 12]","[41, 7, 0, 5, 1, 33, 45, 20, 43, 2, 14, 17, 13, 27, 9, 23, 26, 28, 46, 12, 10, 44, 38, 4, 15, 36, 6, 35, 24, 49, 11, 32, 42, 47, 34, 30, 48, 3, 40, 39, 19, 16, 18, 37, 31, 25, 8, 29, 21, 22]"
107,10,200,0.5,0.2,0.7,2273,1193.15,1072,1333,61.16,47.51,0.1222,"[41, 7, 0, 5, 1, 33, 45, 10, 43, 48, 28, 30, 17, 26, 9, 23, 39, 32, 31, 3, 44, 46, 2, 4, 20, 15, 14, 25, 37, 42, 13, 27, 6, 8, 36, 38, 11, 35, 18, 49, 21, 47, 19, 16, 29, 40, 34, 24, 22, 12]","[41, 7, 0, 5, 1, 33, 40, 14, 23, 26, 28, 20, 12, 21, 10, 4, 42, 32, 48, 3, 44, 27, 38, 47, 9, 8, 2, 25, 37, 31, 45, 46, 29, 15, 36, 39, 11, 35, 18, 49, 43, 30, 19, 16, 24, 17, 13, 6, 34, 22]"
108,10,200,0.2,0.2,0.1,2273,1198.5,1123,1257,40.58,47.27,0.119,"[41, 7, 0, 5, 1, 33, 45, 10, 43, 48, 28, 30, 17, 26, 9, 23, 39, 32, 31, 3, 44, 46, 2, 4, 20, 15, 14, 25, 37, 42, 13, 27, 6, 8, 36, 38, 11, 35, 18, 49, 21, 47, 19, 16, 29, 40, 34, 24, 22, 12]","[41, 17, 0, 5, 1, 11, 45, 46, 43, 26, 28, 10, 7, 39, 8, 4, 30, 27, 14, 3, 44, 16, 2, 9, 20, 47, 22, 32, 37, 31, 13, 42, 6, 25, 36, 38, 33, 35, 18, 49, 40, 34, 23, 48, 15, 29, 24, 12, 21, 19]"
109,50,50,0.8,0.2,0.7,2273,1201.7,1117,1308,57.68,47.13,0.1516,"[41, 7, 0, 5, 1, 33, 45, 10, 43, 48, 28, 30, 17, 26, 9, 23, 39, 32, 31, 3, 44, 46, 2, 4, 20, 15, 14, 25, 37, 42, 13, 27, 6, 8, 36, 38, 11, 35, 18, 49, 21, 47, 19, 16, 29, 40, 34, 24, 22, 12]","[40, 7, 0, 5, 1, 33, 45, 42, 43, 48, 28, 25, 10, 21, 19, 3, 34, 11, 46, 39, 16, 44, 32, 27, 30, 36, 41, 6, 24, 38, 23, 29, 8, 20, 49, 26, 35, 14, 17, 12, 31, 37, 2, 47, 9, 15, 18, 4, 13, 22]"
110,100,50,0.2,0.2,0.0,2273,1202.1,1114,1298,53.22,47.11,0.2981,"[41, 7, 0, 5, 1, 33, 45, 10, 43, 48, 28, 30, 17, 26, 9, 23, 39, 32, 31, 3, 44, 46, 2, 4, 20, 15, 14, 25, 37, 42, 13, 27, 6, 8, 36, 38, 11, 35, 18, 49, 21, 47, 19, 16, 29, 40, 34, 24, 22, 12]","[41, 7, 0, 5, 1, 33, 45, 20, 43, 26, 28, 30, 17, 48, 9, 34, 44, 37, 25, 8, 6, 11, 42, 35, 46, 12, 36, 10, 32, 2, 29, 19, 4, 3, 15, 16, 40, 47, 27, 14, 23, 21, 31, 24, 38, 39, 18, 49, 13, 22]"
111,10,200,0.8,0.2,0.7,2273,1203.05,1049,1298,66.49,47.07,0.1235,"[41, 7, 0, 5, 1, 33, 45, 10, 43, 48, 28, 30, 17, 26, 9, 23, 39, 32, 31, 3, 44, 46, 2, 4, 20, 15, 14, 25, 37, 42, 13, 27, 6, 8, 36, 38, 11, 35, 18, 49, 21, 47, 19, 16, 29, 40, 34, 24, 22, 12]","[12, 31, 44, 6, 40, 14, 39, 1, 2, 21, 28, 30, 10, 47, 9, 24, 42, 32, 41, 38, 25, 46, 43, 4, 13, 15, 5, 20, 37, 33, 48, 7, 0, 8, 36, 27, 11, 35, 18, 49, 29, 19, 3, 16, 34, 23, 45, 22, 26, 17]"
112,100,100,0.2,0.8,0.0,2273,1203.35,1103,1285,48.76,47.06,0.9279,"[41, 7, 0, 5, 1, 33, 45, 10, 43, 48, 28, 30, 17, 26, 9, 23, 39, 32, 31, 3, 44, 46, 2, 4, 20, 15, 14, 25, 37, 42, 13, 27, 6, 8, 36, 38, 11, 35, 18, 49, 21, 47, 19, 16, 29, 40, 34, 24, 22, 12]","[33, 25, 29, 19, 8, 13, 23, 46, 15, 32, 26, 28, 6, 37, 42, 14, 48, 45, 2, 9, 31, 18, 39, 22, 10, 7, 4, 21, 40, 0, 30, 44, 27, 24, 16, 43, 35, 20, 47, 17, 49, 5, 3, 41, 36, 38, 12, 1, 34, 11]"
113,10,200,0.8,0.2,0.0,2273,1214.1,1102,1348,65.39,46.59,0.1252,"[41, 7, 0, 5, 1, 33, 45, 10, 43, 48, 28, 30, 17, 26, 9, 23, 39, 32, 31, 3, 44, 46, 2, 4, 20, 15, 14, 25, 37, 42, 13, 27, 6, 8, 36, 38, 11, 35, 18, 49, 21, 47, 19, 16, 29, 40, 34, 24, 22, 12]","[41, 7, 0, 5, 1, 33, 15, 43, 39, 24, 16, 46, 29, 21, 31, 32, 37, 36, 20, 26, 6, 48, 42, 3, 40, 44, 35, 22, 45, 8, 4, 12, 34, 38, 17, 14, 30, 10, 25, 27, 9, 23, 47, 2, 49, 28, 19, 18, 13, 11]"
114,50,100,0.2,0.8,0.0,2273,1221.3,1140,1296,51.9,46.27,0.3047,"[41, 7, 0, 5, 1, 33, 45, 10, 43, 48, 28, 30, 17, 26, 9, 23, 39, 32, 31, 3, 44, 46, 2, 4, 20, 15, 14, 25, 37, 42, 13, 27, 6, 8, 36, 38, 11, 35, 18, 49, 21, 47, 19, 16, 29, 40, 34, 24, 22, 12]","[13, 27, 22, 38, 17, 28, 42, 16, 44, 25, 21, 40, 34, 31, 46, 3, 5, 43, 7, 39, 30, 19, 2, 4, 1, 36, 23, 6, 24, 37, 9, 20, 26, 14, 48, 12, 0, 41, 33, 45, 11, 35, 18, 49, 47, 32, 8, 29, 10, 15]"
115,50,100,0.5,0.8,0.0,2273,1221.35,1083,1288,60.31,46.27,0.3107,"[41, 7, 0, 5, 1, 33, 45, 10, 43, 48, 28, 30, 17, 26, 9, 23, 39, 32, 31, 3, 44, 46, 2, 4, 20, 15, 14, 25, 37, 42, 13, 27, 6, 8, 36, 38, 11, 35, 18, 49, 21, 47, 19, 16, 29, 40, 34, 24, 22, 12]","[41, 43, 0, 5, 1, 33, 16, 44, 7, 4, 48, 3, 46, 8, 9, 20, 39, 29, 31, 24, 6, 32, 15, 21, 26, 23, 45, 42, 30, 49, 40, 14, 17, 2, 37, 19, 11, 35, 18, 36, 10, 47, 27, 12, 34, 22, 38, 25, 13, 28]"
116,50,50,0.5,0.2,0.1,2273,1231.6,1133,1361,62.55,45.82,0.1629,"[41, 7, 0, 5, 1, 33, 45, 10, 43, 48, 28, 30, 17, 26, 9, 23, 39, 32, 31, 3, 44, 46, 2, 4, 20, 15, 14, 25, 37, 42, 13, 27, 6, 8, 36, 38, 11, 35, 18, 49, 21, 47, 19, 16, 29, 40, 34, 24, 22, 12]","[46, 43, 0, 5, 1, 33, 45, 41, 7, 48, 19, 3, 17, 11, 10, 27, 34, 30, 4, 39, 22, 26, 32, 28, 21, 36, 40, 6, 24, 38, 25, 29, 8, 2, 15, 16, 44, 49, 12, 23, 47, 37, 9, 20, 42, 31, 18, 13, 14, 35]"
117,50,50,0.5,0.2,0.7,2273,1232.15,1110,1359,63.33,45.79,0.1649,"[41, 7, 0, 5, 1, 33, 45, 10, 43, 48, 28, 30, 17, 26, 9, 23, 39, 32, 31, 3, 44, 46, 2, 4, 20, 15, 14, 25, 37, 42, 13, 27, 6, 8, 36, 38, 11, 35, 18, 49, 21, 47, 19, 16, 29, 40, 34, 24, 22, 12]","[41, 7, 0, 5, 1, 43, 39, 6, 32, 48, 12, 3, 17, 29, 34, 23, 45, 11, 31, 30, 16, 15, 2, 9, 20, 47, 14, 27, 37, 42, 36, 10, 25, 8, 13, 38, 33, 35, 18, 46, 28, 44, 49, 21, 26, 40, 24, 19, 4, 22]"
118,50,50,0.8,0.2,0.1,2273,1249.35,1082,1368,61.09,45.04,0.1512,"[41, 7, 0, 5, 1, 33, 45, 10, 43, 48, 28, 30, 17, 26, 9, 23, 39, 32, 31, 3, 44, 46, 2, 4, 20, 15, 14, 25, 37, 42, 13, 27, 6, 8, 36, 38, 11, 35, 18, 49, 21, 47, 19, 16, 29, 40, 34, 24, 22, 12]","[41, 7, 0, 5, 1, 33, 45, 42, 43, 39, 28, 40, 17, 21, 38, 23, 32, 20, 22, 9, 30, 31, 24, 27, 8, 29, 4, 3, 35, 13, 6, 11, 46, 15, 36, 34, 16, 26, 18, 19, 12, 48, 44, 37, 47, 14, 10, 2, 49, 25]"
119,50,50,0.8,0.2,0.0,2273,1257.65,1134,1405,71.81,44.67,0.1511,"[41, 7, 0, 5, 1, 33, 45, 10, 43, 48, 28, 30, 17, 26, 9, 23, 39, 32, 31, 3, 44, 46, 2, 4, 20, 15, 14, 25, 37, 42, 13, 27, 6, 8, 36, 38, 11, 35, 18, 49, 21, 47, 19, 16, 29, 40, 34, 24, 22, 12]","[9, 18, 41, 33, 38, 28, 25, 3, 44, 27, 37, 26, 10, 32, 15, 43, 24, 45, 22, 12, 0, 6, 11, 2, 4, 35, 13, 31, 46, 5, 14, 1, 21, 7, 39, 16, 19, 8, 20, 30, 29, 34, 49, 17, 48, 42, 36, 40, 23, 47]"
120,50,50,0.2,0.2,0.7,2273,1258.7,1191,1334,38.45,44.62,0.1618,"[41, 7, 0, 5, 1, 33, 45, 10, 43, 48, 28, 30, 17, 26, 9, 23, 39, 32, 31, 3, 44, 46, 2, 4, 20, 15, 14, 25, 37, 42, 13, 27, 6, 8, 36, 38, 11, 35, 18, 49, 21, 47, 19, 16, 29, 40, 34, 24, 22, 12]","[9, 14, 17, 5, 45, 23, 46, 3, 11, 35, 4, 1, 34, 33, 15, 43, 24, 27, 22, 21, 28, 10, 48, 0, 26, 40, 41, 6, 18, 13, 30, 31, 36, 39, 29, 16, 2, 8, 20, 38, 25, 32, 37, 42, 44, 49, 47, 7, 19, 12]"
121,50,50,0.5,0.2,0.0,2273,1260.75,1130,1379,63.92,44.53,0.1635,"[41, 7, 0, 5, 1, 33, 45, 10, 43, 48, 28, 30, 17, 26, 9, 23, 39, 32, 31, 3, 44, 46, 2, 4, 20, 15, 14, 25, 37, 42, 13, 27, 6, 8, 36, 38, 11, 35, 18, 49, 21, 47, 19, 16, 29, 40, 34, 24, 22, 12]","[34, 7, 0, 5, 1, 33, 45, 20, 43, 35, 26, 40, 2, 19, 12, 31, 24, 17, 22, 25, 28, 6, 32, 41, 14, 29, 4, 30, 18, 36, 10, 48, 11, 13, 15, 16, 46, 8, 9, 21, 44, 49, 47, 39, 3, 27, 38, 23, 37, 42]"
122,50,50,0.2,0.2,0.1,2273,1262.15,1125,1400,71.51,44.47,0.1615,"[41, 7, 0, 5, 1, 33, 45, 10, 43, 48, 28, 30, 17, 26, 9, 23, 39, 32, 31, 3, 44, 46, 2, 4, 20, 15, 14, 25, 37, 42, 13, 27, 6, 8, 36, 38, 11, 35, 18, 49, 21, 47, 19, 16, 29, 40, 34, 24, 22, 12]","[1, 14, 3, 5, 40, 2, 21, 41, 42, 35, 26, 17, 46, 47, 37, 31, 45, 23, 38, 32, 34, 44, 7, 4, 11, 36, 33, 6, 24, 8, 29, 25, 43, 0, 20, 30, 13, 28, 19, 48, 12, 10, 9, 15, 39, 16, 18, 49, 27, 22]"
123,10,50,0.5,0.8,0.7,2273,1266.25,1182,1372,52.75,44.29,0.0308,"[41, 7, 0, 5, 1, 33, 45, 10, 43, 48, 28, 30, 17, 26, 9, 23, 39, 32, 31, 3, 44, 46, 2, 4, 20, 15, 14, 25, 37, 42, 13, 27, 6, 8, 36, 38, 11, 35, 18, 49, 21, 47, 19, 16, 29, 40, 34, 24, 22, 12]","[41, 7, 0, 5, 1, 2, 25, 20, 10, 48, 14, 30, 19, 33, 42, 4, 38, 32, 39, 3, 44, 46, 43, 26, 28, 21, 23, 45, 37, 17, 13, 27, 9, 8, 36, 6, 11, 35, 18, 49, 29, 47, 24, 16, 15, 40, 12, 31, 34, 22]"
124,100,50,0.5,0.8,0.0,2273,1270.55,1174,1419,62.49,44.1,0.3135,"[41, 7, 0, 5, 1, 33, 45, 10, 43, 48, 28, 30, 17, 26, 9, 23, 39, 32, 31, 3, 44, 46, 2, 4, 20, 15, 14, 25, 37, 42, 13, 27, 6, 8, 36, 38, 11, 35, 18, 49, 21, 47, 19, 16, 29, 40, 34, 24, 22, 12]","[41, 7, 45, 23, 1, 2, 29, 15, 32, 11, 35, 43, 0, 28, 44, 4, 3, 48, 33, 26, 20, 47, 25, 46, 40, 24, 38, 39, 18, 37, 10, 27, 30, 19, 12, 13, 42, 21, 9, 14, 8, 36, 6, 34, 16, 17, 49, 5, 31, 22]"
125,50,50,0.2,0.2,0.0,2273,1291.35,1171,1412,57.2,43.19,0.1618,"[41, 7, 0, 5, 1, 33, 45, 10, 43, 48, 28, 30, 17, 26, 9, 23, 39, 32, 31, 3, 44, 46, 2, 4, 20, 15, 14, 25, 37, 42, 13, 27, 6, 8, 36, 38, 11, 35, 18, 49, 21, 47, 19, 16, 29, 40, 34, 24, 22, 12]","[44, 7, 0, 5, 1, 11, 36, 23, 43, 48, 28, 30, 17, 21, 46, 15, 16, 33, 45, 2, 6, 34, 42, 35, 10, 27, 9, 20, 18, 13, 22, 40, 12, 31, 39, 26, 14, 8, 4, 38, 25, 32, 37, 29, 3, 49, 47, 24, 19, 41]"
126,50,50,0.5,0.8,0.0,2273,1292.65,1162,1456,74.03,43.13,0.1646,"[41, 7, 0, 5, 1, 33, 45, 10, 43, 48, 28, 30, 17, 26, 9, 23, 39, 32, 31, 3, 44, 46, 2, 4, 20, 15, 14, 25, 37, 42, 13, 27, 6, 8, 36, 38, 11, 35, 18, 49, 21, 47, 19, 16, 29, 40, 34, 24, 22, 12]","[41, 43, 0, 5, 1, 33, 16, 44, 7, 4, 48, 3, 26, 17, 11, 31, 39, 29, 15, 28, 10, 32, 2, 42, 20, 23, 36, 6, 24, 49, 40, 14, 21, 30, 46, 19, 12, 35, 18, 45, 37, 47, 27, 9, 34, 22, 38, 25, 13, 8]"
127,10,50,0.8,0.8,0.1,2273,1292.7,1153,1495,74.51,43.13,0.0313,"[41, 7, 0, 5, 1, 33, 45, 10, 43, 48, 28, 30, 17, 26, 9, 23, 39, 32, 31, 3, 44, 46, 2, 4, 20, 15, 14, 25, 37, 42, 13, 27, 6, 8, 36, 38, 11, 35, 18, 49, 21, 47, 19, 16, 29, 40, 34, 24, 22, 12]","[41, 7, 0, 5, 1, 33, 45, 42, 32, 48, 35, 13, 17, 27, 9, 24, 16, 34, 25, 3, 44, 37, 2, 4, 12, 30, 14, 29, 43, 31, 39, 28, 6, 8, 36, 38, 49, 26, 18, 11, 21, 40, 19, 22, 20, 47, 10, 23, 46, 15]"
128,100,50,0.8,0.8,0.0,2273,1293.55,1168,1396,62.74,43.09,0.3205,"[41, 7, 0, 5, 1, 33, 45, 10, 43, 48, 28, 30, 17, 26, 9, 23, 39, 32, 31, 3, 44, 46, 2, 4, 20, 15, 14, 25, 37, 42, 13, 27, 6, 8, 36, 38, 11, 35, 18, 49, 21, 47, 19, 16, 29, 40, 34, 24, 22, 12]","[43, 2, 49, 5, 1, 33, 45, 41, 42, 35, 11, 39, 31, 19, 26, 17, 46, 3, 48, 34, 34, 7, 38, 4, 20, 47, 13, 15, 28, 9, 30, 36, 10, 32, 27, 22, 21, 18, 37, 25, 14, 23, 29, 24, 16, 12, 40, 0, 6, 8]"
129,10,50,0.5,0.8,0.1,2273,1294.15,1102,1412,79.94,43.06,0.0309,"[41, 7, 0, 5, 1, 33, 45, 10, 43, 48, 28, 30, 17, 26, 9, 23, 39, 32, 31, 3, 44, 46, 2, 4, 20, 15, 14, 25, 37, 42, 13, 27, 6, 8, 36, 38, 11, 35, 18, 49, 21, 47, 19, 16, 29, 40, 34, 24, 22, 12]","[41, 7, 0, 5, 1, 33, 42, 30, 43, 31, 19, 23, 45, 11, 14, 3, 34, 10, 48, 17, 25, 35, 4, 2, 29, 20, 32, 44, 37, 26, 13, 15, 39, 8, 36, 38, 28, 21, 18, 49, 12, 47, 9, 16, 46, 40, 6, 24, 27, 22]"
130,100,50,0.2,0.8,0.0,2273,1294.15,1214,1396,45.08,43.06,0.3102,"[41, 7, 0, 5, 1, 33, 45, 10, 43, 48, 28, 30, 17, 26, 9, 23, 39, 32, 31, 3, 44, 46, 2, 4, 20, 15, 14, 25, 37, 42, 13, 27, 6, 8, 36, 38, 11, 35, 18, 49, 21, 47, 19, 16, 29, 40, 34, 24, 22, 12]","[0, 8, 17, 6, 25, 14, 43, 1, 33, 11, 46, 28, 42, 35, 16, 44, 37, 45, 2, 27, 9, 18, 39, 22, 38, 7, 4, 21, 40, 12, 30, 13, 31, 24, 19, 23, 32, 20, 47, 34, 15, 5, 3, 41, 36, 10, 49, 26, 29, 48]"
131,10,50,0.2,0.8,0.7,2273,1296.05,1201,1376,46.1,42.98,0.0301,"[41, 7, 0, 5, 1, 33, 45, 10, 43, 48, 28, 30, 17, 26, 9, 23, 39, 32, 31, 3, 44, 46, 2, 4, 20, 15, 14, 25, 37, 42, 13, 27, 6, 8, 36, 38, 11, 35, 18, 49, 21, 47, 19, 16, 29, 40, 34, 24, 22, 12]","[41, 17, 0, 5, 1, 33, 45, 38, 29, 37, 28, 30, 43, 26, 47, 23, 44, 6, 48, 3, 13, 15, 2, 4, 20, 32, 25, 14, 42, 31, 39, 27, 46, 8, 36, 10, 11, 35, 18, 49, 21, 9, 24, 16, 19, 12, 34, 7, 22, 40]"
132,10,50,0.8,0.8,0.7,2273,1299.35,1208,1465,68.8,42.84,0.0315,"[41, 7, 0, 5, 1, 33, 45, 10, 43, 48, 28, 30, 17, 26, 9, 23, 39, 32, 31, 3, 44, 46, 2, 4, 20, 15, 14, 25, 37, 42, 13, 27, 6, 8, 36, 38, 11, 35, 18, 49, 21, 47, 19, 16, 29, 40, 34, 24, 22, 12]","[4, 12, 0, 5, 1, 33, 22, 9, 43, 40, 6, 23, 42, 30, 19, 3, 17, 11, 46, 13, 44, 20, 32, 15, 21, 45, 2, 47, 37, 31, 34, 25, 14, 48, 36, 38, 26, 35, 18, 49, 27, 8, 10, 16, 29, 24, 41, 7, 39, 28]"
133,50,50,0.8,0.8,0.0,2273,1307.6,1135,1410,71.95,42.47,0.1587,"[41, 7, 0, 5, 1, 33, 45, 10, 43, 48, 28, 30, 17, 26, 9, 23, 39, 32, 31, 3, 44, 46, 2, 4, 20, 15, 14, 25, 37, 42, 13, 27, 6, 8, 36, 38, 11, 35, 18, 49, 21, 47, 19, 16, 29, 40, 34, 24, 22, 12]","[16, 18, 1, 33, 46, 28, 44, 4, 37, 2, 6, 9, 14, 30, 7, 23, 43, 11, 10, 15, 36, 20, 42, 35, 29, 8, 32, 45, 31, 39, 17, 25, 5, 49, 47, 24, 27, 21, 41, 0, 40, 19, 3, 48, 12, 26, 13, 22, 38, 34]"
134,10,50,0.2,0.8,0.1,2273,1316.05,1216,1419,56.17,42.1,0.03,"[41, 7, 0, 5, 1, 33, 45, 10, 43, 48, 28, 30, 17, 26, 9, 23, 39, 32, 31, 3, 44, 46, 2, 4, 20, 15, 14, 25, 37, 42, 13, 27, 6, 8, 36, 38, 11, 35, 18, 49, 21, 47, 19, 16, 29, 40, 34, 24, 22, 12]","[41, 7, 0, 5, 1, 33, 45, 38, 17, 48, 4, 30, 21, 26, 6, 23, 39, 29, 42, 3, 44, 49, 25, 28, 20, 47, 14, 18, 37, 31, 13, 15, 32, 8, 36, 10, 11, 35, 2, 9, 43, 12, 34, 16, 46, 40, 24, 27, 22, 19]"
135,10,100,0.2,0.2,0.0,2273,1319.3,1192,1429,55.95,41.96,0.0601,"[41, 7, 0, 5, 1, 33, 45, 10, 43, 48, 28, 30, 17, 26, 9, 23, 39, 32, 31, 3, 44, 46, 2, 4, 20, 15, 14, 25, 37, 42, 13, 27, 6, 8, 36, 38, 11, 35, 18, 49, 21, 47, 19, 16, 29, 40, 34, 24, 22, 12]","[41, 44, 0, 5, 1, 11, 45, 2, 6, 48, 28, 23, 29, 10, 9, 34, 16, 32, 39, 3, 20, 22, 26, 4, 43, 47, 14, 25, 37, 31, 13, 27, 15, 8, 36, 38, 33, 35, 18, 49, 40, 17, 46, 42, 30, 7, 24, 12, 21, 19]"
136,50,50,0.2,0.8,0.0,2273,1321.4,1219,1412,46.33,41.87,0.1666,"[41, 7, 0, 5, 1, 33, 45, 10, 43, 48, 28, 30, 17, 26, 9, 23, 39, 32, 31, 3, 44, 46, 2, 4, 20, 15, 14, 25, 37, 42, 13, 27, 6, 8, 36, 38, 11, 35, 18, 49, 21, 47, 19, 16, 29, 40, 34, 24, 22, 12]","[44, 27, 22, 13, 17, 1, 24, 16, 2, 49, 21, 40, 34, 11, 46, 3, 42, 30, 7, 5, 14, 48, 32, 23, 38, 36, 6, 4, 39, 25, 43, 20, 26, 28, 19, 12, 0, 41, 31, 45, 33, 35, 18, 37, 47, 9, 8, 29, 10, 15]"
137,10,100,0.5,0.2,0.1,2273,1323.9,1188,1442,67.12,41.76,0.0662,"[41, 7, 0, 5, 1, 33, 45, 10, 43, 48, 28, 30, 17, 26, 9, 23, 39, 32, 31, 3, 44, 46, 2, 4, 20, 15, 14, 25, 37, 42, 13, 27, 6, 8, 36, 38, 11, 35, 18, 49, 21, 47, 19, 16, 29, 40, 34, 24, 22, 12]","[41, 7, 0, 5, 1, 33, 45, 20, 43, 2, 48, 17, 13, 27, 9, 23, 26, 28, 46, 12, 8, 44, 38, 4, 21, 36, 6, 16, 24, 49, 11, 32, 42, 31, 34, 30, 14, 3, 40, 39, 19, 35, 18, 37, 47, 25, 29, 10, 15, 22]"
138,10,100,0.5,0.2,0.0,2273,1327.85,1204,1416,61.32,41.58,0.0661,"[41, 7, 0, 5, 1, 33, 45, 10, 43, 48, 28, 30, 17, 26, 9, 23, 39, 32, 31, 3, 44, 46, 2, 4, 20, 15, 14, 25, 37, 42, 13, 27, 6, 8, 36, 38, 11, 35, 18, 49, 21, 47, 19, 16, 29, 40, 34, 24, 22, 12]","[41, 7, 0, 20, 1, 33, 45, 12, 43, 18, 28, 30, 10, 21, 40, 23, 24, 49, 47, 25, 44, 37, 2, 4, 5, 31, 39, 19, 22, 17, 13, 27, 9, 8, 36, 6, 11, 32, 48, 35, 14, 42, 34, 16, 15, 38, 29, 26, 46, 3]"
139,10,100,0.8,0.2,0.1,2273,1331.05,1260,1462,57.24,41.44,0.0665,"[41, 7, 0, 5, 1, 33, 45, 10, 43, 48, 28, 30, 17, 26, 9, 23, 39, 32, 31, 3, 44, 46, 2, 4, 20, 15, 14, 25, 37, 42, 13, 27, 6, 8, 36, 38, 11, 35, 18, 49, 21, 47, 19, 16, 29, 40, 34, 24, 22, 12]","[6, 44, 0, 5, 1, 33, 46, 28, 43, 48, 14, 23, 7, 39, 19, 3, 34, 15, 26, 40, 20, 42, 16, 4, 21, 36, 38, 32, 37, 2, 30, 27, 31, 45, 8, 10, 9, 35, 18, 49, 12, 11, 24, 17, 47, 25, 29, 22, 13, 41]"
140,10,100,0.2,0.2,0.7,2273,1331.9,1206,1458,65.85,41.4,0.0641,"[41, 7, 0, 5, 1, 33, 45, 10, 43, 48, 28, 30, 17, 26, 9, 23, 39, 32, 31, 3, 44, 46, 2, 4, 20, 15, 14, 25, 37, 42, 13, 27, 6, 8, 36, 38, 11, 35, 18, 49, 21, 47, 19, 16, 29, 40, 34, 24, 22, 12]","[41, 17, 0, 5, 1, 33, 45, 46, 43, 48, 26, 10, 7, 8, 9, 21, 40, 42, 32, 3, 34, 16, 2, 4, 20, 47, 14, 23, 37, 31, 13, 27, 38, 25, 36, 6, 11, 35, 18, 39, 28, 44, 49, 22, 15, 29, 24, 12, 30, 19]"
141,10,100,0.8,0.2,0.7,2273,1334.25,1157,1424,65.14,41.3,0.0669,"[41, 7, 0, 5, 1, 33, 45, 10, 43, 48, 28, 30, 17, 26, 9, 23, 39, 32, 31, 3, 44, 46, 2, 4, 20, 15, 14, 25, 37, 42, 13, 27, 6, 8, 36, 38, 11, 35, 18, 49, 21, 47, 19, 16, 29, 40, 34, 24, 22, 12]","[12, 31, 44, 6, 40, 14, 3, 1, 2, 21, 28, 30, 10, 47, 9, 24, 42, 32, 41, 38, 25, 46, 43, 4, 13, 15, 5, 20, 37, 33, 48, 7, 0, 8, 36, 27, 11, 35, 18, 49, 29, 39, 19, 16, 34, 23, 45, 22, 26, 17]"
142,10,100,0.5,0.2,0.7,2273,1339.05,1141,1539,99.07,41.09,0.0664,"[41, 7, 0, 5, 1, 33, 45, 10, 43, 48, 28, 30, 17, 26, 9, 23, 39, 32, 31, 3, 44, 46, 2, 4, 20, 15, 14, 25, 37, 42, 13, 27, 6, 8, 36, 38, 11, 35, 18, 49, 21, 47, 19, 16, 29, 40, 34, 24, 22, 12]","[41, 7, 0, 5, 1, 33, 40, 14, 23, 26, 28, 20, 12, 21, 9, 43, 42, 32, 48, 3, 44, 27, 38, 4, 30, 15, 2, 25, 37, 31, 45, 46, 29, 8, 36, 39, 11, 35, 18, 49, 47, 10, 19, 16, 24, 17, 13, 6, 34, 22]"
143,10,100,0.2,0.2,0.1,2273,1349.0,1248,1517,61.84,40.65,0.0625,"[41, 7, 0, 5, 1, 33, 45, 10, 43, 48, 28, 30, 17, 26, 9, 23, 39, 32, 31, 3, 44, 46, 2, 4, 20, 15, 14, 25, 37, 42, 13, 27, 6, 8, 36, 38, 11, 35, 18, 49, 21, 47, 19, 16, 29, 40, 34, 24, 22, 12]","[41, 17, 0, 5, 1, 11, 45, 46, 43, 26, 28, 10, 7, 39, 9, 22, 30, 13, 8, 3, 44, 16, 2, 4, 20, 47, 14, 6, 37, 31, 27, 42, 32, 25, 36, 38, 33, 35, 18, 49, 40, 34, 23, 48, 15, 29, 24, 12, 21, 19]"
144,10,200,0.8,0.8,0.0,2273,1353.1,1209,1552,80.53,40.47,0.128,"[41, 7, 0, 5, 1, 33, 45, 10, 43, 48, 28, 30, 17, 26, 9, 23, 39, 32, 31, 3, 44, 46, 2, 4, 20, 15, 14, 25, 37, 42, 13, 27, 6, 8, 36, 38, 11, 35, 18, 49, 21, 47, 19, 16, 29, 40, 34, 24, 22, 12]","[3, 11, 0, 5, 1, 28, 45, 20, 22, 19, 8, 29, 7, 39, 40, 34, 30, 12, 31, 10, 47, 16, 44, 21, 26, 14, 4, 9, 33, 48, 25, 24, 37, 36, 38, 23, 41, 42, 43, 35, 27, 17, 46, 15, 2, 32, 18, 49, 13, 6]"
145,10,100,0.8,0.2,0.0,2273,1356.0,1266,1461,57.57,40.34,0.0666,"[41, 7, 0, 5, 1, 33, 45, 10, 43, 48, 28, 30, 17, 26, 9, 23, 39, 32, 31, 3, 44, 46, 2, 4, 20, 15, 14, 25, 37, 42, 13, 27, 6, 8, 36, 38, 11, 35, 18, 49, 21, 47, 19, 16, 29, 40, 34, 24, 22, 12]","[41, 7, 0, 5, 1, 33, 15, 14, 29, 24, 16, 46, 39, 21, 31, 32, 37, 36, 4, 26, 6, 48, 42, 35, 40, 44, 3, 11, 45, 8, 20, 12, 34, 38, 17, 43, 30, 10, 25, 27, 9, 47, 23, 2, 49, 28, 19, 18, 13, 22]"
146,10,100,0.5,0.8,0.0,2273,1372.15,1244,1563,79.54,39.63,0.0687,"[41, 7, 0, 5, 1, 33, 45, 10, 43, 48, 28, 30, 17, 26, 9, 23, 39, 32, 31, 3, 44, 46, 2, 4, 20, 15, 14, 25, 37, 42, 13, 27, 6, 8, 36, 38, 11, 35, 18, 49, 21, 47, 19, 16, 29, 40, 34, 24, 22, 12]","[7, 4, 5, 13, 41, 33, 45, 10, 11, 48, 14, 23, 0, 30, 19, 3, 22, 29, 15, 39, 16, 44, 37, 17, 21, 31, 25, 6, 8, 9, 43, 32, 2, 1, 34, 38, 20, 12, 28, 46, 47, 35, 18, 24, 27, 26, 42, 36, 49, 40]"
147,10,200,0.2,0.8,0.0,2273,1373.35,1245,1481,68.3,39.58,0.124,"[41, 7, 0, 5, 1, 33, 45, 10, 43, 48, 28, 30, 17, 26, 9, 23, 39, 32, 31, 3, 44, 46, 2, 4, 20, 15, 14, 25, 37, 42, 13, 27, 6, 8, 36, 38, 11, 35, 18, 49, 21, 47, 19, 16, 29, 40, 34, 24, 22, 12]","[32, 48, 4, 3, 7, 9, 13, 38, 18, 42, 36, 24, 45, 0, 26, 23, 43, 40, 14, 5, 20, 30, 2, 29, 8, 6, 21, 46, 39, 37, 41, 49, 27, 22, 19, 12, 11, 35, 17, 25, 1, 10, 15, 16, 33, 47, 34, 44, 31, 28]"
148,10,100,0.8,0.8,0.0,2273,1375.6,1206,1595,83.36,39.48,0.0694,"[41, 7, 0, 5, 1, 33, 45, 10, 43, 48, 28, 30, 17, 26, 9, 23, 39, 32, 31, 3, 44, 46, 2, 4, 20, 15, 14, 25, 37, 42, 13, 27, 6, 8, 36, 38, 11, 35, 18, 49, 21, 47, 19, 16, 29, 40, 34, 24, 22, 12]","[41, 7, 0, 5, 1, 33, 45, 20, 49, 26, 23, 29, 35, 22, 40, 34, 30, 12, 31, 13, 37, 16, 44, 6, 21, 10, 48, 9, 24, 46, 27, 14, 42, 36, 8, 19, 47, 43, 11, 2, 4, 18, 38, 25, 28, 32, 15, 39, 17, 3]"
149,10,200,0.5,0.8,0.0,2273,1375.65,1254,1577,82.38,39.48,0.126,"[41, 7, 0, 5, 1, 33, 45, 10, 43, 48, 28, 30, 17, 26, 9, 23, 39, 32, 31, 3, 44, 46, 2, 4, 20, 15, 14, 25, 37, 42, 13, 27, 6, 8, 36, 38, 11, 35, 18, 49, 21, 47, 19, 16, 29, 40, 34, 24, 22, 12]","[7, 4, 3, 29, 41, 38, 28, 24, 27, 13, 23, 1, 37, 21, 19, 17, 5, 14, 39, 15, 16, 44, 2, 47, 10, 32, 45, 0, 8, 9, 43, 11, 36, 6, 34, 31, 25, 48, 12, 26, 42, 35, 22, 46, 33, 20, 30, 18, 49, 40]"
150,10,100,0.2,0.8,0.0,2273,1377.75,1274,1517,68.71,39.39,0.0676,"[41, 7, 0, 5, 1, 33, 45, 10, 43, 48, 28, 30, 17, 26, 9, 23, 39, 32, 31, 3, 44, 46, 2, 4, 20, 15, 14, 25, 37, 42, 13, 27, 6, 8, 36, 38, 11, 35, 18, 49, 21, 47, 19, 16, 29, 40, 34, 24, 22, 12]","[41, 44, 0, 5, 13, 9, 24, 1, 48, 26, 28, 46, 27, 47, 45, 23, 43, 40, 14, 3, 20, 32, 2, 29, 8, 4, 49, 6, 39, 31, 30, 38, 17, 37, 19, 12, 11, 35, 18, 25, 21, 10, 15, 16, 33, 42, 34, 7, 22, 36]"
151,10,50,0.5,0.8,0.0,2273,1456.1,1319,1647,79.65,35.94,0.0311,"[41, 7, 0, 5, 1, 33, 45, 10, 43, 48, 28, 30, 17, 26, 9, 23, 39, 32, 31, 3, 44, 46, 2, 4, 20, 15, 14, 25, 37, 42, 13, 27, 6, 8, 36, 38, 11, 35, 18, 49, 21, 47, 19, 16, 29, 40, 34, 24, 22, 12]","[38, 7, 5, 13, 12, 33, 45, 10, 27, 48, 14, 23, 0, 30, 19, 3, 17, 11, 15, 39, 16, 44, 37, 4, 21, 31, 36, 6, 2, 9, 22, 47, 8, 41, 34, 40, 20, 32, 25, 46, 43, 35, 18, 24, 1, 26, 42, 28, 49, 29]"
152,10,50,0.2,0.8,0.0,2273,1462.3,1365,1544,48.85,35.67,0.0301,"[41, 7, 0, 5, 1, 33, 45, 10, 43, 48, 28, 30, 17, 26, 9, 23, 39, 32, 31, 3, 44, 46, 2, 4, 20, 15, 14, 25, 37, 42, 13, 27, 6, 8, 36, 38, 11, 35, 18, 49, 21, 47, 19, 16, 29, 40, 34, 24, 22, 12]","[41, 44, 0, 25, 38, 33, 45, 1, 43, 48, 28, 46, 17, 13, 6, 23, 39, 15, 42, 3, 47, 32, 2, 8, 20, 26, 5, 14, 37, 31, 30, 27, 9, 24, 36, 4, 11, 35, 18, 49, 21, 10, 40, 16, 29, 12, 34, 7, 22, 19]"
153,10,50,0.8,0.8,0.0,2273,1462.7,1338,1542,59.28,35.65,0.0314,"[41, 7, 0, 5, 1, 33, 45, 10, 43, 48, 28, 30, 17, 26, 9, 23, 39, 32, 31, 3, 44, 46, 2, 4, 20, 15, 14, 25, 37, 42, 13, 27, 6, 8, 36, 38, 11, 35, 18, 49, 21, 47, 19, 16, 29, 40, 34, 24, 22, 12]","[41, 7, 0, 5, 1, 33, 45, 20, 46, 40, 23, 29, 35, 22, 19, 12, 34, 30, 31, 3, 42, 16, 44, 6, 18, 10, 48, 32, 24, 49, 38, 47, 8, 13, 37, 26, 14, 43, 11, 2, 4, 36, 27, 25, 28, 9, 15, 39, 17, 21]"
154,10,50,0.5,0.2,0.0,2273,1496.4,1366,1595,62.61,34.17,0.0299,"[41, 7, 0, 5, 1, 33, 45, 10, 43, 48, 28, 30, 17, 26, 9, 23, 39, 32, 31, 3, 44, 46, 2, 4, 20, 15, 14, 25, 37, 42, 13, 27, 6, 8, 36, 38, 11, 35, 18, 49, 21, 47, 19, 16, 29, 40, 34, 24, 22, 12]","[41, 7, 0, 5, 1, 33, 45, 12, 43, 48, 28, 30, 10, 21, 9, 23, 24, 49, 17, 25, 44, 37, 2, 4, 20, 31, 39, 19, 47, 42, 13, 27, 46, 8, 36, 6, 11, 32, 18, 35, 14, 22, 34, 16, 15, 38, 29, 26, 40, 3]"
155,10,50,0.8,0.2,0.1,2273,1508.15,1418,1636,62.42,33.65,0.0304,"[41, 7, 0, 5, 1, 33, 45, 10, 43, 48, 28, 30, 17, 26, 9, 23, 39, 32, 31, 3, 44, 46, 2, 4, 20, 15, 14, 25, 37, 42, 13, 27, 6, 8, 36, 38, 11, 35, 18, 49, 21, 47, 19, 16, 29, 40, 34, 24, 22, 12]","[6, 44, 0, 5, 1, 33, 8, 17, 43, 48, 14, 23, 7, 39, 19, 3, 34, 15, 46, 13, 20, 42, 32, 4, 21, 36, 38, 28, 37, 2, 30, 27, 31, 45, 26, 10, 9, 35, 18, 49, 12, 11, 24, 16, 47, 25, 29, 22, 40, 41]"
156,10,50,0.8,0.2,0.7,2273,1510.35,1290,1670,74.28,33.55,0.0306,"[41, 7, 0, 5, 1, 33, 45, 10, 43, 48, 28, 30, 17, 26, 9, 23, 39, 32, 31, 3, 44, 46, 2, 4, 20, 15, 14, 25, 37, 42, 13, 27, 6, 8, 36, 38, 11, 35, 18, 49, 21, 47, 19, 16, 29, 40, 34, 24, 22, 12]","[12, 31, 44, 6, 26, 14, 48, 1, 2, 39, 28, 30, 10, 47, 9, 24, 42, 32, 41, 3, 40, 46, 43, 4, 20, 15, 5, 25, 37, 33, 38, 7, 0, 8, 36, 27, 11, 35, 18, 49, 29, 21, 19, 16, 34, 23, 45, 22, 13, 17]"
157,10,50,0.5,0.2,0.7,2273,1510.5,1369,1719,89.51,33.55,0.03,"[41, 7, 0, 5, 1, 33, 45, 10, 43, 48, 28, 30, 17, 26, 9, 23, 39, 32, 31, 3, 44, 46, 2, 4, 20, 15, 14, 25, 37, 42, 13, 27, 6, 8, 36, 38, 11, 35, 18, 49, 21, 47, 19, 16, 29, 40, 34, 24, 22, 12]","[41, 7, 0, 5, 1, 33, 45, 2, 23, 26, 28, 30, 12, 39, 9, 43, 42, 32, 48, 3, 44, 27, 38, 4, 20, 15, 14, 25, 37, 31, 40, 46, 29, 8, 36, 10, 11, 35, 18, 49, 47, 21, 19, 16, 24, 17, 13, 6, 34, 22]"
158,10,50,0.5,0.2,0.1,2273,1520.55,1354,1696,88.06,33.1,0.0299,"[41, 7, 0, 5, 1, 33, 45, 10, 43, 48, 28, 30, 17, 26, 9, 23, 39, 32, 31, 3, 44, 46, 2, 4, 20, 15, 14, 25, 37, 42, 13, 27, 6, 8, 36, 38, 11, 35, 18, 49, 21, 47, 19, 16, 29, 40, 34, 24, 22, 12]","[41, 7, 0, 5, 1, 33, 45, 8, 43, 48, 28, 30, 13, 27, 9, 23, 26, 2, 46, 12, 20, 44, 38, 4, 21, 36, 31, 6, 24, 49, 11, 32, 42, 16, 34, 17, 14, 3, 40, 39, 19, 35, 18, 37, 47, 25, 29, 10, 15, 22]"
159,10,50,0.2,0.2,0.1,2273,1530.2,1377,1739,86.01,32.68,0.029,"[41, 7, 0, 5, 1, 33, 45, 10, 43, 48, 28, 30, 17, 26, 9, 23, 39, 32, 31, 3, 44, 46, 2, 4, 20, 15, 14, 25, 37, 42, 13, 27, 6, 8, 36, 38, 11, 35, 18, 49, 21, 47, 19, 16, 29, 40, 34, 24, 22, 12]","[41, 17, 0, 5, 1, 11, 45, 26, 43, 48, 28, 10, 7, 39, 9, 22, 30, 42, 32, 3, 44, 16, 2, 4, 20, 15, 14, 25, 37, 31, 27, 13, 6, 8, 36, 38, 33, 35, 18, 49, 40, 34, 23, 46, 47, 29, 24, 12, 21, 19]"
160,10,50,0.2,0.2,0.7,2273,1533.3,1341,1730,85.93,32.54,0.029,"[41, 7, 0, 5, 1, 33, 45, 10, 43, 48, 28, 30, 17, 26, 9, 23, 39, 32, 31, 3, 44, 46, 2, 4, 20, 15, 14, 25, 37, 42, 13, 27, 6, 8, 36, 38, 11, 35, 18, 49, 21, 47, 19, 16, 29, 40, 34, 24, 22, 12]","[41, 17, 0, 5, 1, 33, 45, 21, 43, 48, 26, 10, 7, 8, 9, 22, 30, 42, 32, 3, 44, 16, 2, 4, 20, 15, 14, 25, 37, 31, 13, 27, 38, 39, 36, 6, 11, 35, 18, 49, 28, 34, 23, 46, 47, 29, 24, 12, 40, 19]"
161,10,50,0.8,0.2,0.0,2273,1535.85,1362,1759,96.83,32.43,0.0304,"[41, 7, 0, 5, 1, 33, 45, 10, 43, 48, 28, 30, 17, 26, 9, 23, 39, 32, 31, 3, 44, 46, 2, 4, 20, 15, 14, 25, 37, 42, 13, 27, 6, 8, 36, 38, 11, 35, 18, 49, 21, 47, 19, 16, 29, 40, 34, 24, 22, 12]","[41, 7, 0, 5, 1, 33, 15, 6, 29, 24, 16, 46, 39, 21, 31, 32, 37, 36, 4, 2, 14, 48, 42, 35, 30, 44, 38, 11, 45, 8, 20, 12, 34, 3, 47, 43, 40, 10, 25, 27, 9, 17, 23, 26, 49, 28, 19, 18, 13, 22]"
162,10,50,0.2,0.2,0.0,2273,1537.65,1461,1650,54.97,32.35,0.0291,"[41, 7, 0, 5, 1, 33, 45, 10, 43, 48, 28, 30, 17, 26, 9, 23, 39, 32, 31, 3, 44, 46, 2, 4, 20, 15, 14, 25, 37, 42, 13, 27, 6, 8, 36, 38, 11, 35, 18, 49, 21, 47, 19, 16, 29, 40, 34, 24, 22, 12]","[41, 17, 0, 5, 1, 11, 45, 2, 43, 48, 28, 23, 29, 10, 9, 34, 16, 32, 42, 3, 44, 22, 26, 4, 47, 15, 14, 25, 37, 31, 13, 27, 6, 8, 36, 38, 33, 35, 18, 49, 40, 20, 46, 39, 30, 7, 24, 12, 21, 19]"
163,100,50,0.8,0.0,0.0,2273,1655.15,1498,1793,100.02,27.18,0.3028,"[41, 7, 0, 5, 1, 33, 45, 10, 43, 48, 28, 30, 17, 26, 9, 23, 39, 32, 31, 3, 44, 46, 2, 4, 20, 15, 14, 25, 37, 42, 13, 27, 6, 8, 36, 38, 11, 35, 18, 49, 21, 47, 19, 16, 29, 40, 34, 24, 22, 12]","[44, 35, 40, 14, 17, 25, 28, 49, 22, 5, 6, 48, 10, 27, 37, 42, 30, 18, 13, 16, 11, 32, 41, 15, 43, 31, 20, 47, 24, 19, 29, 3, 9, 36, 39, 8, 2, 26, 0, 46, 12, 34, 7, 1, 21, 45, 23, 33, 38, 4]"
164,100,100,0.8,0.0,0.0,2273,1655.15,1498,1793,100.02,27.18,0.8703,"[41, 7, 0, 5, 1, 33, 45, 10, 43, 48, 28, 30, 17, 26, 9, 23, 39, 32, 31, 3, 44, 46, 2, 4, 20, 15, 14, 25, 37, 42, 13, 27, 6, 8, 36, 38, 11, 35, 18, 49, 21, 47, 19, 16, 29, 40, 34, 24, 22, 12]","[44, 35, 40, 14, 17, 25, 28, 49, 22, 5, 6, 48, 10, 27, 37, 42, 30, 18, 13, 16, 11, 32, 41, 15, 43, 31, 20, 47, 24, 19, 29, 3, 9, 36, 39, 8, 2, 26, 0, 46, 12, 34, 7, 1, 21, 45, 23, 33, 38, 4]"
165,100,200,0.8,0.0,0.0,2273,1655.15,1498,1793,100.02,27.18,2.1346,"[41, 7, 0, 5, 1, 33, 45, 10, 43, 48, 28, 30, 17, 26, 9, 23, 39, 32, 31, 3, 44, 46, 2, 4, 20, 15, 14, 25, 37, 42, 13, 27, 6, 8, 36, 38, 11, 35, 18, 49, 21, 47, 19, 16, 29, 40, 34, 24, 22, 12]","[44, 35, 40, 14, 17, 25, 28, 49, 22, 5, 6, 48, 10, 27, 37, 42, 30, 18, 13, 16, 11, 32, 41, 15, 43, 31, 20, 47, 24, 19, 29, 3, 9, 36, 39, 8, 2, 26, 0, 46, 12, 34, 7, 1, 21, 45, 23, 33, 38, 4]"
166,100,50,0.8,0.0,0.7,2273,1660.65,1461,1940,112.86,26.94,0.3012,"[41, 7, 0, 5, 1, 33, 45, 10, 43, 48, 28, 30, 17, 26, 9, 23, 39, 32, 31, 3, 44, 46, 2, 4, 20, 15, 14, 25, 37, 42, 13, 27, 6, 8, 36, 38, 11, 35, 18, 49, 21, 47, 19, 16, 29, 40, 34, 24, 22, 12]","[41, 7, 0, 5, 1, 33, 45, 10, 4, 15, 6, 9, 14, 11, 19, 3, 34, 39, 46, 28, 20, 44, 31, 2, 35, 29, 26, 40, 24, 49, 42, 16, 8, 21, 22, 36, 38, 17, 12, 30, 13, 23, 18, 37, 47, 27, 43, 32, 48, 25]"
167,100,100,0.8,0.0,0.7,2273,1660.65,1461,1940,112.86,26.94,0.8667,"[41, 7, 0, 5, 1, 33, 45, 10, 43, 48, 28, 30, 17, 26, 9, 23, 39, 32, 31, 3, 44, 46, 2, 4, 20, 15, 14, 25, 37, 42, 13, 27, 6, 8, 36, 38, 11, 35, 18, 49, 21, 47, 19, 16, 29, 40, 34, 24, 22, 12]","[41, 7, 0, 5, 1, 33, 45, 10, 4, 15, 6, 9, 14, 11, 19, 3, 34, 39, 46, 28, 20, 44, 31, 2, 35, 29, 26, 40, 24, 49, 42, 16, 8, 21, 22, 36, 38, 17, 12, 30, 13, 23, 18, 37, 47, 27, 43, 32, 48, 25]"
168,100,200,0.8,0.0,0.7,2273,1660.65,1461,1940,112.86,26.94,1.9703,"[41, 7, 0, 5, 1, 33, 45, 10, 43, 48, 28, 30, 17, 26, 9, 23, 39, 32, 31, 3, 44, 46, 2, 4, 20, 15, 14, 25, 37, 42, 13, 27, 6, 8, 36, 38, 11, 35, 18, 49, 21, 47, 19, 16, 29, 40, 34, 24, 22, 12]","[41, 7, 0, 5, 1, 33, 45, 10, 4, 15, 6, 9, 14, 11, 19, 3, 34, 39, 46, 28, 20, 44, 31, 2, 35, 29, 26, 40, 24, 49, 42, 16, 8, 21, 22, 36, 38, 17, 12, 30, 13, 23, 18, 37, 47, 27, 43, 32, 48, 25]"
169,100,10,0.5,0.8,0.7,2273,1671.35,1529,1807,78.37,26.47,0.065,"[41, 7, 0, 5, 1, 33, 45, 10, 43, 48, 28, 30, 17, 26, 9, 23, 39, 32, 31, 3, 44, 46, 2, 4, 20, 15, 14, 25, 37, 42, 13, 27, 6, 8, 36, 38, 11, 35, 18, 49, 21, 47, 19, 16, 29, 40, 34, 24, 22, 12]","[41, 7, 0, 5, 1, 33, 45, 22, 43, 21, 28, 30, 15, 26, 9, 23, 39, 20, 31, 3, 44, 32, 2, 4, 46, 17, 6, 25, 37, 42, 13, 27, 14, 8, 36, 38, 11, 10, 18, 49, 40, 47, 24, 48, 34, 16, 35, 29, 19, 12]"
170,100,10,0.8,0.8,0.7,2273,1683.75,1521,1779,71.94,25.92,0.0667,"[41, 7, 0, 5, 1, 33, 45, 10, 43, 48, 28, 30, 17, 26, 9, 23, 39, 32, 31, 3, 44, 46, 2, 4, 20, 15, 14, 25, 37, 42, 13, 27, 6, 8, 36, 38, 11, 35, 18, 49, 21, 47, 19, 16, 29, 40, 34, 24, 22, 12]","[26, 18, 41, 33, 46, 28, 42, 6, 4, 15, 2, 9, 14, 34, 44, 43, 24, 38, 7, 49, 23, 11, 39, 22, 40, 47, 8, 29, 21, 0, 30, 25, 13, 16, 19, 3, 27, 5, 36, 10, 32, 35, 20, 31, 45, 1, 37, 17, 12, 48]"
171,100,10,0.2,0.8,0.1,2273,1688.0,1480,1779,76.02,25.74,0.0639,"[41, 7, 0, 5, 1, 33, 45, 10, 43, 48, 28, 30, 17, 26, 9, 23, 39, 32, 31, 3, 44, 46, 2, 4, 20, 15, 14, 25, 37, 42, 13, 27, 6, 8, 36, 38, 11, 35, 18, 49, 21, 47, 19, 16, 29, 40, 34, 24, 22, 12]","[41, 7, 0, 5, 1, 33, 45, 23, 43, 48, 28, 30, 17, 14, 23, 32, 37, 9, 29, 4, 3, 18, 46, 26, 40, 24, 38, 11, 47, 13, 2, 19, 49, 42, 27, 22, 12, 31, 44, 16, 15, 35, 6, 34, 8, 36, 20, 10, 21, 25]"
172,100,10,0.8,0.8,0.1,2273,1702.15,1536,1834,81.75,25.11,0.0669,"[41, 7, 0, 5, 1, 33, 45, 10, 43, 48, 28, 30, 17, 26, 9, 23, 39, 32, 31, 3, 44, 46, 2, 4, 20, 15, 14, 25, 37, 42, 13, 27, 6, 8, 36, 38, 11, 35, 18, 49, 21, 47, 19, 16, 29, 40, 34, 24, 22, 12]","[8, 16, 44, 6, 26, 35, 48, 1, 11, 15, 33, 14, 10, 7, 3, 20, 31, 41, 22, 46, 28, 32, 25, 17, 9, 47, 13, 12, 43, 45, 5, 29, 24, 40, 19, 2, 34, 42, 23, 37, 0, 49, 27, 30, 21, 18, 36, 38, 4, 39]"
173,50,10,0.5,0.8,0.7,2273,1705.15,1603,1805,66.61,24.98,0.0325,"[41, 7, 0, 5, 1, 33, 45, 10, 43, 48, 28, 30, 17, 26, 9, 23, 39, 32, 31, 3, 44, 46, 2, 4, 20, 15, 14, 25, 37, 42, 13, 27, 6, 8, 36, 38, 11, 35, 18, 49, 21, 47, 19, 16, 29, 40, 34, 24, 22, 12]","[41, 17, 0, 5, 1, 33, 45, 34, 43, 48, 14, 23, 42, 31, 19, 3, 39, 30, 46, 27, 20, 6, 32, 4, 21, 36, 38, 11, 24, 49, 22, 13, 8, 10, 25, 44, 28, 40, 26, 2, 12, 35, 18, 37, 16, 29, 15, 47, 9, 7]"
174,50,10,0.8,0.8,0.1,2273,1707.8,1505,1851,77.23,24.87,0.0333,"[41, 7, 0, 5, 1, 33, 45, 10, 43, 48, 28, 30, 17, 26, 9, 23, 39, 32, 31, 3, 44, 46, 2, 4, 20, 15, 14, 25, 37, 42, 13, 27, 6, 8, 36, 38, 11, 35, 18, 49, 21, 47, 19, 16, 29, 40, 34, 24, 22, 12]","[41, 7, 0, 5, 1, 33, 45, 10, 43, 48, 14, 23, 42, 30, 19, 3, 34, 11, 44, 25, 20, 46, 32, 27, 21, 31, 36, 6, 24, 49, 39, 28, 8, 17, 37, 2, 29, 4, 47, 22, 12, 16, 18, 13, 40, 9, 15, 35, 38, 26]"
175,100,50,0.5,0.0,0.7,2273,1709.8,1519,1855,100.01,24.78,0.2975,"[41, 7, 0, 5, 1, 33, 45, 10, 43, 48, 28, 30, 17, 26, 9, 23, 39, 32, 31, 3, 44, 46, 2, 4, 20, 15, 14, 25, 37, 42, 13, 27, 6, 8, 36, 38, 11, 35, 18, 49, 21, 47, 19, 16, 29, 40, 34, 24, 22, 12]","[41, 7, 0, 5, 1, 33, 45, 10, 43, 48, 14, 23, 42, 46, 19, 3, 34, 30, 31, 25, 20, 44, 32, 4, 21, 36, 28, 6, 24, 49, 40, 39, 8, 16, 22, 26, 38, 11, 35, 18, 13, 17, 2, 9, 15, 47, 27, 12, 37, 29]"
176,100,100,0.5,0.0,0.7,2273,1709.8,1519,1855,100.01,24.78,0.8748,"[41, 7, 0, 5, 1, 33, 45, 10, 43, 48, 28, 30, 17, 26, 9, 23, 39, 32, 31, 3, 44, 46, 2, 4, 20, 15, 14, 25, 37, 42, 13, 27, 6, 8, 36, 38, 11, 35, 18, 49, 21, 47, 19, 16, 29, 40, 34, 24, 22, 12]","[41, 7, 0, 5, 1, 33, 45, 10, 43, 48, 14, 23, 42, 46, 19, 3, 34, 30, 31, 25, 20, 44, 32, 4, 21, 36, 28, 6, 24, 49, 40, 39, 8, 16, 22, 26, 38, 11, 35, 18, 13, 17, 2, 9, 15, 47, 27, 12, 37, 29]"
177,100,200,0.5,0.0,0.7,2273,1709.8,1519,1855,100.01,24.78,1.7113,"[41, 7, 0, 5, 1, 33, 45, 10, 43, 48, 28, 30, 17, 26, 9, 23, 39, 32, 31, 3, 44, 46, 2, 4, 20, 15, 14, 25, 37, 42, 13, 27, 6, 8, 36, 38, 11, 35, 18, 49, 21, 47, 19, 16, 29, 40, 34, 24, 22, 12]","[41, 7, 0, 5, 1, 33, 45, 10, 43, 48, 14, 23, 42, 46, 19, 3, 34, 30, 31, 25, 20, 44, 32, 4, 21, 36, 28, 6, 24, 49, 40, 39, 8, 16, 22, 26, 38, 11, 35, 18, 13, 17, 2, 9, 15, 47, 27, 12, 37, 29]"
178,100,10,0.5,0.8,0.1,2273,1710.1,1567,1839,68.7,24.76,0.0649,"[41, 7, 0, 5, 1, 33, 45, 10, 43, 48, 28, 30, 17, 26, 9, 23, 39, 32, 31, 3, 44, 46, 2, 4, 20, 15, 14, 25, 37, 42, 13, 27, 6, 8, 36, 38, 11, 35, 18, 49, 21, 47, 19, 16, 29, 40, 34, 24, 22, 12]","[1, 34, 45, 5, 40, 2, 3, 17, 29, 15, 6, 9, 30, 27, 35, 43, 24, 33, 22, 21, 28, 11, 32, 0, 26, 10, 41, 14, 18, 13, 23, 38, 39, 4, 44, 12, 19, 37, 42, 49, 46, 8, 36, 47, 7, 16, 31, 25, 48, 20]"
179,100,10,0.2,0.8,0.7,2273,1710.6,1633,1795,38.0,24.74,0.064,"[41, 7, 0, 5, 1, 33, 45, 10, 43, 48, 28, 30, 17, 26, 9, 23, 39, 32, 31, 3, 44, 46, 2, 4, 20, 15, 14, 25, 37, 42, 13, 27, 6, 8, 36, 38, 11, 35, 18, 49, 21, 47, 19, 16, 29, 40, 34, 24, 22, 12]","[41, 7, 0, 5, 1, 33, 45, 10, 43, 48, 28, 47, 17, 14, 9, 23, 39, 34, 31, 3, 44, 4, 2, 46, 20, 15, 26, 25, 37, 42, 13, 27, 6, 8, 36, 38, 11, 35, 18, 49, 21, 30, 19, 16, 40, 32, 29, 24, 12, 22]"
180,50,10,0.8,0.8,0.7,2273,1711.85,1617,1853,51.55,24.69,0.0335,"[41, 7, 0, 5, 1, 33, 45, 10, 43, 48, 28, 30, 17, 26, 9, 23, 39, 32, 31, 3, 44, 46, 2, 4, 20, 15, 14, 25, 37, 42, 13, 27, 6, 8, 36, 38, 11, 35, 18, 49, 21, 47, 19, 16, 29, 40, 34, 24, 22, 12]","[43, 7, 0, 5, 25, 38, 39, 13, 31, 40, 14, 23, 33, 48, 19, 3, 34, 30, 46, 1, 20, 44, 32, 4, 21, 12, 36, 6, 24, 49, 22, 37, 47, 9, 11, 45, 10, 27, 28, 35, 15, 2, 29, 8, 18, 41, 42, 16, 26, 17]"
181,100,10,0.8,0.2,0.1,2273,1714.95,1556,1846,78.98,24.55,0.0652,"[41, 7, 0, 5, 1, 33, 45, 10, 43, 48, 28, 30, 17, 26, 9, 23, 39, 32, 31, 3, 44, 46, 2, 4, 20, 15, 14, 25, 37, 42, 13, 27, 6, 8, 36, 38, 11, 35, 18, 49, 21, 47, 19, 16, 29, 40, 34, 24, 22, 12]","[41, 7, 0, 5, 1, 33, 47, 24, 20, 10, 3, 46, 39, 21, 31, 15, 26, 9, 36, 4, 6, 11, 42, 35, 30, 44, 38, 48, 32, 45, 13, 27, 37, 8, 43, 12, 34, 17, 18, 49, 23, 16, 19, 2, 22, 40, 28, 25, 14, 29]"
182,50,10,0.2,0.8,0.1,2273,1719.45,1613,1805,51.16,24.35,0.0317,"[41, 7, 0, 5, 1, 33, 45, 10, 43, 48, 28, 30, 17, 26, 9, 23, 39, 32, 31, 3, 44, 46, 2, 4, 20, 15, 14, 25, 37, 42, 13, 27, 6, 8, 36, 38, 11, 35, 18, 49, 21, 47, 19, 16, 29, 40, 34, 24, 22, 12]","[44, 35, 25, 5, 41, 3, 11, 2, 26, 24, 45, 0, 4, 7, 32, 27, 46, 23, 29, 19, 28, 18, 37, 42, 40, 48, 38, 33, 47, 39, 15, 17, 49, 43, 1, 30, 12, 13, 6, 21, 36, 14, 31, 16, 8, 9, 22, 20, 10, 34]"
183,50,10,0.2,0.8,0.7,2273,1720.0,1570,1860,66.1,24.33,0.0317,"[41, 7, 0, 5, 1, 33, 45, 10, 43, 48, 28, 30, 17, 26, 9, 23, 39, 32, 31, 3, 44, 46, 2, 4, 20, 15, 14, 25, 37, 42, 13, 27, 6, 8, 36, 38, 11, 35, 18, 49, 21, 47, 19, 16, 29, 40, 34, 24, 22, 12]","[26, 18, 41, 33, 46, 28, 44, 4, 45, 5, 1, 11, 10, 7, 3, 42, 8, 9, 43, 12, 48, 32, 25, 15, 21, 36, 30, 6, 24, 49, 31, 22, 40, 20, 27, 34, 0, 16, 29, 2, 39, 35, 23, 37, 47, 14, 38, 17, 13, 19]"
184,100,50,0.8,0.0,0.1,2273,1720.7,1512,1909,109.39,24.3,0.3017,"[41, 7, 0, 5, 1, 33, 45, 10, 43, 48, 28, 30, 17, 26, 9, 23, 39, 32, 31, 3, 44, 46, 2, 4, 20, 15, 14, 25, 37, 42, 13, 27, 6, 8, 36, 38, 11, 35, 18, 49, 21, 47, 19, 16, 29, 40, 34, 24, 22, 12]","[26, 18, 0, 5, 1, 33, 40, 17, 4, 15, 6, 9, 14, 34, 35, 43, 24, 45, 22, 21, 28, 11, 48, 3, 2, 29, 7, 30, 12, 13, 10, 27, 46, 39, 49, 8, 23, 38, 25, 32, 41, 31, 36, 42, 20, 47, 16, 19, 44, 37]"
185,100,100,0.8,0.0,0.1,2273,1720.7,1512,1909,109.39,24.3,0.8727,"[41, 7, 0, 5, 1, 33, 45, 10, 43, 48, 28, 30, 17, 26, 9, 23, 39, 32, 31, 3, 44, 46, 2, 4, 20, 15, 14, 25, 37, 42, 13, 27, 6, 8, 36, 38, 11, 35, 18, 49, 21, 47, 19, 16, 29, 40, 34, 24, 22, 12]","[26, 18, 0, 5, 1, 33, 40, 17, 4, 15, 6, 9, 14, 34, 35, 43, 24, 45, 22, 21, 28, 11, 48, 3, 2, 29, 7, 30, 12, 13, 10, 27, 46, 39, 49, 8, 23, 38, 25, 32, 41, 31, 36, 42, 20, 47, 16, 19, 44, 37]"
186,100,200,0.8,0.0,0.1,2273,1720.7,1512,1909,109.39,24.3,2.1011,"[41, 7, 0, 5, 1, 33, 45, 10, 43, 48, 28, 30, 17, 26, 9, 23, 39, 32, 31, 3, 44, 46, 2, 4, 20, 15, 14, 25, 37, 42, 13, 27, 6, 8, 36, 38, 11, 35, 18, 49, 21, 47, 19, 16, 29, 40, 34, 24, 22, 12]","[26, 18, 0, 5, 1, 33, 40, 17, 4, 15, 6, 9, 14, 34, 35, 43, 24, 45, 22, 21, 28, 11, 48, 3, 2, 29, 7, 30, 12, 13, 10, 27, 46, 39, 49, 8, 23, 38, 25, 32, 41, 31, 36, 42, 20, 47, 16, 19, 44, 37]"
187,50,10,0.5,0.8,0.1,2273,1720.8,1620,1796,50.79,24.29,0.0325,"[41, 7, 0, 5, 1, 33, 45, 10, 43, 48, 28, 30, 17, 26, 9, 23, 39, 32, 31, 3, 44, 46, 2, 4, 20, 15, 14, 25, 37, 42, 13, 27, 6, 8, 36, 38, 11, 35, 18, 49, 21, 47, 19, 16, 29, 40, 34, 24, 22, 12]","[48, 4, 22, 13, 41, 38, 33, 40, 31, 25, 14, 23, 42, 30, 19, 3, 34, 17, 46, 1, 20, 32, 44, 27, 21, 36, 39, 6, 24, 49, 5, 28, 11, 10, 7, 26, 0, 47, 45, 2, 12, 15, 18, 37, 29, 43, 8, 9, 35, 16]"
188,50,10,0.8,0.2,0.1,2273,1721.7,1538,1890,84.34,24.25,0.0321,"[41, 7, 0, 5, 1, 33, 45, 10, 43, 48, 28, 30, 17, 26, 9, 23, 39, 32, 31, 3, 44, 46, 2, 4, 20, 15, 14, 25, 37, 42, 13, 27, 6, 8, 36, 38, 11, 35, 18, 49, 21, 47, 19, 16, 29, 40, 34, 24, 22, 12]","[41, 7, 0, 5, 1, 33, 45, 10, 43, 48, 28, 30, 17, 39, 9, 23, 39, 20, 22, 21, 40, 31, 24, 14, 26, 29, 4, 3, 18, 13, 6, 11, 46, 15, 36, 16, 34, 8, 2, 19, 12, 38, 44, 37, 47, 27, 42, 32, 49, 25]"
189,100,10,0.8,0.2,0.7,2273,1733.35,1645,1844,51.14,23.74,0.0652,"[41, 7, 0, 5, 1, 33, 45, 10, 43, 48, 28, 30, 17, 26, 9, 23, 39, 32, 31, 3, 44, 46, 2, 4, 20, 15, 14, 25, 37, 42, 13, 27, 6, 8, 36, 38, 11, 35, 18, 49, 21, 47, 19, 16, 29, 40, 34, 24, 22, 12]","[41, 7, 0, 5, 3, 37, 47, 24, 20, 10, 33, 46, 39, 21, 31, 15, 26, 34, 36, 2, 6, 11, 42, 35, 30, 44, 38, 48, 32, 45, 13, 27, 14, 8, 43, 12, 9, 17, 18, 49, 23, 29, 19, 16, 4, 22, 25, 1, 28, 40]"
190,50,10,0.8,0.2,0.7,2273,1736.1,1573,1911,88.88,23.62,0.0324,"[41, 7, 0, 5, 1, 33, 45, 10, 43, 48, 28, 30, 17, 26, 9, 23, 39, 32, 31, 3, 44, 46, 2, 4, 20, 15, 14, 25, 37, 42, 13, 27, 6, 8, 36, 38, 11, 35, 18, 49, 21, 47, 19, 16, 29, 40, 34, 24, 22, 12]","[41, 7, 0, 5, 1, 33, 45, 10, 43, 48, 28, 23, 42, 11, 19, 3, 34, 30, 46, 40, 20, 44, 32, 4, 21, 36, 39, 6, 24, 49, 25, 29, 8, 16, 38, 26, 14, 47, 27, 12, 31, 37, 2, 17, 9, 15, 18, 35, 13, 22]"
191,100,10,0.5,0.2,0.0,2273,1752.7,1623,1868,63.87,22.89,0.064,"[41, 7, 0, 5, 1, 33, 45, 10, 43, 48, 28, 30, 17, 26, 9, 23, 39, 32, 31, 3, 44, 46, 2, 4, 20, 15, 14, 25, 37, 42, 13, 27, 6, 8, 36, 38, 11, 35, 18, 49, 21, 47, 19, 16, 29, 40, 34, 24, 22, 12]","[48, 45, 22, 13, 27, 38, 47, 24, 20, 10, 42, 46, 39, 21, 31, 15, 26, 34, 37, 2, 6, 11, 33, 35, 30, 44, 0, 41, 32, 8, 29, 7, 4, 25, 36, 16, 12, 43, 1, 23, 40, 19, 18, 49, 17, 5, 9, 14, 3, 28]"
192,100,50,0.5,0.0,0.1,2273,1754.2,1490,1985,112.33,22.82,0.2967,"[41, 7, 0, 5, 1, 33, 45, 10, 43, 48, 28, 30, 17, 26, 9, 23, 39, 32, 31, 3, 44, 46, 2, 4, 20, 15, 14, 25, 37, 42, 13, 27, 6, 8, 36, 38, 11, 35, 18, 49, 21, 47, 19, 16, 29, 40, 34, 24, 22, 12]","[41, 7, 0, 5, 1, 33, 45, 12, 31, 39, 14, 23, 42, 46, 19, 3, 34, 30, 10, 11, 20, 44, 32, 4, 25, 36, 40, 6, 24, 49, 21, 28, 8, 2, 15, 43, 26, 35, 48, 22, 38, 17, 29, 47, 16, 13, 27, 9, 37, 18]"
193,100,100,0.5,0.0,0.1,2273,1754.2,1490,1985,112.33,22.82,0.8722,"[41, 7, 0, 5, 1, 33, 45, 10, 43, 48, 28, 30, 17, 26, 9, 23, 39, 32, 31, 3, 44, 46, 2, 4, 20, 15, 14, 25, 37, 42, 13, 27, 6, 8, 36, 38, 11, 35, 18, 49, 21, 47, 19, 16, 29, 40, 34, 24, 22, 12]","[41, 7, 0, 5, 1, 33, 45, 12, 31, 39, 14, 23, 42, 46, 19, 3, 34, 30, 10, 11, 20, 44, 32, 4, 25, 36, 40, 6, 24, 49, 21, 28, 8, 2, 15, 43, 26, 35, 48, 22, 38, 17, 29, 47, 16, 13, 27, 9, 37, 18]"
194,100,200,0.5,0.0,0.1,2273,1754.2,1490,1985,112.33,22.82,1.7072,"[41, 7, 0, 5, 1, 33, 45, 10, 43, 48, 28, 30, 17, 26, 9, 23, 39, 32, 31, 3, 44, 46, 2, 4, 20, 15, 14, 25, 37, 42, 13, 27, 6, 8, 36, 38, 11, 35, 18, 49, 21, 47, 19, 16, 29, 40, 34, 24, 22, 12]","[41, 7, 0, 5, 1, 33, 45, 12, 31, 39, 14, 23, 42, 46, 19, 3, 34, 30, 10, 11, 20, 44, 32, 4, 25, 36, 40, 6, 24, 49, 21, 28, 8, 2, 15, 43, 26, 35, 48, 22, 38, 17, 29, 47, 16, 13, 27, 9, 37, 18]"
195,100,10,0.5,0.2,0.7,2273,1754.5,1657,1863,55.94,22.81,0.064,"[41, 7, 0, 5, 1, 33, 45, 10, 43, 48, 28, 30, 17, 26, 9, 23, 39, 32, 31, 3, 44, 46, 2, 4, 20, 15, 14, 25, 37, 42, 13, 27, 6, 8, 36, 38, 11, 35, 18, 49, 21, 47, 19, 16, 29, 40, 34, 24, 22, 12]","[41, 7, 0, 5, 1, 33, 45, 10, 43, 48, 28, 23, 11, 42, 19, 3, 34, 30, 46, 32, 44, 26, 2, 4, 20, 15, 14, 25, 37, 17, 13, 27, 6, 8, 36, 38, 39, 35, 18, 49, 21, 47, 9, 16, 29, 22, 40, 12, 31, 24]"
196,100,10,0.5,0.8,0.0,2273,1757.75,1592,1849,63.75,22.67,0.0655,"[41, 7, 0, 5, 1, 33, 45, 10, 43, 48, 28, 30, 17, 26, 9, 23, 39, 32, 31, 3, 44, 46, 2, 4, 20, 15, 14, 25, 37, 42, 13, 27, 6, 8, 36, 38, 11, 35, 18, 49, 21, 47, 19, 16, 29, 40, 34, 24, 22, 12]","[41, 7, 0, 5, 1, 33, 14, 8, 17, 2, 47, 24, 31, 10, 9, 34, 26, 23, 38, 49, 12, 21, 6, 18, 28, 19, 44, 3, 40, 46, 39, 16, 22, 35, 45, 20, 37, 43, 32, 11, 42, 29, 4, 30, 27, 15, 36, 25, 48, 13]"
197,100,10,0.8,0.0,0.7,2273,1758.8,1557,1940,96.6,22.62,0.0643,"[41, 7, 0, 5, 1, 33, 45, 10, 43, 48, 28, 30, 17, 26, 9, 23, 39, 32, 31, 3, 44, 46, 2, 4, 20, 15, 14, 25, 37, 42, 13, 27, 6, 8, 36, 38, 11, 35, 18, 49, 21, 47, 19, 16, 29, 40, 34, 24, 22, 12]","[41, 7, 0, 5, 1, 33, 45, 10, 4, 15, 6, 9, 14, 11, 19, 3, 34, 23, 46, 40, 20, 44, 38, 17, 2, 29, 26, 48, 24, 49, 30, 31, 8, 21, 22, 36, 35, 16, 18, 28, 12, 39, 27, 37, 47, 42, 43, 32, 25, 13]"
198,100,10,0.5,0.2,0.1,2273,1759.2,1644,1903,61.09,22.6,0.0638,"[41, 7, 0, 5, 1, 33, 45, 10, 43, 48, 28, 30, 17, 26, 9, 23, 39, 32, 31, 3, 44, 46, 2, 4, 20, 15, 14, 25, 37, 42, 13, 27, 6, 8, 36, 38, 11, 35, 18, 49, 21, 47, 19, 16, 29, 40, 34, 24, 22, 12]","[41, 7, 0, 5, 1, 33, 45, 10, 43, 26, 28, 30, 17, 48, 9, 23, 39, 14, 31, 3, 44, 46, 27, 4, 20, 15, 32, 25, 37, 42, 13, 2, 6, 8, 36, 38, 11, 35, 18, 49, 21, 47, 19, 16, 29, 24, 40, 12, 34, 22]"
199,10,10,0.8,0.8,0.1,2273,1766.0,1570,1932,96.9,22.31,0.0064,"[41, 7, 0, 5, 1, 33, 45, 10, 43, 48, 28, 30, 17, 26, 9, 23, 39, 32, 31, 3, 44, 46, 2, 4, 20, 15, 14, 25, 37, 42, 13, 27, 6, 8, 36, 38, 11, 35, 18, 49, 21, 47, 19, 16, 29, 40, 34, 24, 22, 12]","[41, 7, 0, 5, 1, 44, 45, 10, 43, 48, 35, 13, 17, 27, 9, 23, 39, 29, 42, 3, 33, 32, 2, 4, 12, 15, 14, 25, 37, 31, 30, 26, 6, 8, 36, 38, 11, 28, 18, 49, 21, 47, 19, 22, 20, 40, 34, 24, 16, 46]"
200,100,10,0.8,0.0,0.1,2273,1766.3,1550,2008,103.6,22.29,0.0645,"[41, 7, 0, 5, 1, 33, 45, 10, 43, 48, 28, 30, 17, 26, 9, 23, 39, 32, 31, 3, 44, 46, 2, 4, 20, 15, 14, 25, 37, 42, 13, 27, 6, 8, 36, 38, 11, 35, 18, 49, 21, 47, 19, 16, 29, 40, 34, 24, 22, 12]","[26, 18, 0, 5, 1, 33, 40, 17, 4, 15, 6, 9, 14, 34, 35, 43, 24, 45, 22, 21, 28, 11, 48, 7, 2, 29, 12, 30, 3, 13, 10, 27, 46, 39, 36, 16, 23, 8, 20, 32, 41, 31, 19, 42, 49, 47, 38, 25, 44, 37]"
201,50,10,0.5,0.8,0.0,2273,1768.1,1669,1875,64.03,22.21,0.0326,"[41, 7, 0, 5, 1, 33, 45, 10, 43, 48, 28, 30, 17, 26, 9, 23, 39, 32, 31, 3, 44, 46, 2, 4, 20, 15, 14, 25, 37, 42, 13, 27, 6, 8, 36, 38, 11, 35, 18, 49, 21, 47, 19, 16, 29, 40, 34, 24, 22, 12]","[41, 43, 0, 5, 1, 33, 45, 10, 7, 48, 28, 30, 17, 16, 8, 23, 39, 46, 40, 3, 44, 32, 31, 4, 21, 26, 42, 6, 24, 49, 29, 19, 9, 36, 22, 20, 11, 35, 18, 2, 37, 47, 14, 12, 34, 27, 38, 25, 13, 15]"
202,50,10,0.5,0.2,0.1,2273,1768.35,1627,1910,74.41,22.2,0.0318,"[41, 7, 0, 5, 1, 33, 45, 10, 43, 48, 28, 30, 17, 26, 9, 23, 39, 32, 31, 3, 44, 46, 2, 4, 20, 15, 14, 25, 37, 42, 13, 27, 6, 8, 36, 38, 11, 35, 18, 49, 21, 47, 19, 16, 29, 40, 34, 24, 22, 12]","[41, 7, 0, 5, 1, 33, 45, 10, 43, 48, 28, 30, 17, 11, 19, 3, 34, 27, 46, 39, 20, 44, 32, 4, 21, 36, 42, 6, 24, 49, 13, 29, 8, 15, 2, 47, 37, 31, 16, 22, 9, 40, 12, 23, 14, 38, 18, 25, 26, 35]"
203,50,10,0.2,0.8,0.0,2273,1769.0,1573,1884,75.18,22.17,0.0315,"[41, 7, 0, 5, 1, 33, 45, 10, 43, 48, 28, 30, 17, 26, 9, 23, 39, 32, 31, 3, 44, 46, 2, 4, 20, 15, 14, 25, 37, 42, 13, 27, 6, 8, 36, 38, 11, 35, 18, 49, 21, 47, 19, 16, 29, 40, 34, 24, 22, 12]","[44, 27, 22, 13, 17, 38, 39, 41, 31, 40, 14, 23, 6, 11, 19, 3, 34, 30, 46, 0, 20, 48, 32, 1, 21, 36, 33, 42, 24, 49, 5, 28, 29, 16, 7, 26, 43, 4, 45, 2, 12, 35, 18, 37, 47, 9, 15, 8, 10, 25]"
204,100,10,0.8,0.8,0.0,2273,1769.55,1569,1906,90.2,22.15,0.0674,"[41, 7, 0, 5, 1, 33, 45, 10, 43, 48, 28, 30, 17, 26, 9, 23, 39, 32, 31, 3, 44, 46, 2, 4, 20, 15, 14, 25, 37, 42, 13, 27, 6, 8, 36, 38, 11, 35, 18, 49, 21, 47, 19, 16, 29, 40, 34, 24, 22, 12]","[25, 19, 11, 40, 46, 37, 21, 41, 42, 35, 26, 2, 31, 19, 43, 17, 5, 1, 4, 6, 28, 20, 34, 0, 14, 29, 22, 30, 13, 33, 39, 12, 24, 48, 15, 36, 38, 47, 27, 32, 44, 49, 23, 8, 10, 18, 16, 3, 9, 7]"
205,100,10,0.8,0.2,0.0,2273,1770.95,1549,1946,105.9,22.09,0.0665,"[41, 7, 0, 5, 1, 33, 45, 10, 43, 48, 28, 30, 17, 26, 9, 23, 39, 32, 31, 3, 44, 46, 2, 4, 20, 15, 14, 25, 37, 42, 13, 27, 6, 8, 36, 38, 11, 35, 18, 49, 21, 47, 19, 16, 29, 40, 34, 24, 22, 12]","[25, 12, 11, 40, 46, 45, 21, 41, 42, 35, 26, 2, 17, 19, 43, 31, 28, 23, 38, 48, 16, 7, 5, 44, 33, 47, 27, 15, 6, 4, 13, 14, 39, 8, 9, 18, 34, 3, 36, 10, 30, 22, 20, 1, 49, 0, 37, 29, 24, 32]"
206,100,10,0.8,0.0,0.0,2273,1771.35,1679,1886,52.57,22.07,0.0653,"[41, 7, 0, 5, 1, 33, 45, 10, 43, 48, 28, 30, 17, 26, 9, 23, 39, 32, 31, 3, 44, 46, 2, 4, 20, 15, 14, 25, 37, 42, 13, 27, 6, 8, 36, 38, 11, 35, 18, 49, 21, 47, 19, 16, 29, 40, 34, 24, 22, 12]","[44, 35, 40, 14, 17, 25, 28, 49, 22, 5, 6, 48, 10, 27, 37, 43, 24, 33, 4, 21, 3, 11, 45, 0, 26, 29, 41, 42, 47, 39, 9, 8, 32, 36, 20, 30, 2, 34, 16, 46, 12, 15, 18, 1, 7, 31, 23, 19, 13, 38]"
207,100,10,0.2,0.8,0.0,2273,1771.6,1683,1872,56.62,22.06,0.0641,"[41, 7, 0, 5, 1, 33, 45, 10, 43, 48, 28, 30, 17, 26, 9, 23, 39, 32, 31, 3, 44, 46, 2, 4, 20, 15, 14, 25, 37, 42, 13, 27, 6, 8, 36, 38, 11, 35, 18, 49, 21, 47, 19, 16, 29, 40, 34, 24, 22, 12]","[33, 25, 29, 47, 8, 13, 23, 1, 12, 3, 44, 28, 42, 35, 16, 46, 37, 45, 2, 49, 9, 11, 39, 22, 41, 7, 4, 21, 40, 0, 30, 14, 6, 17, 19, 43, 34, 20, 31, 24, 18, 5, 38, 27, 36, 10, 15, 26, 32, 48]"
208,100,10,0.2,0.2,0.1,2273,1776.4,1666,1858,50.53,21.85,0.0641,"[41, 7, 0, 5, 1, 33, 45, 10, 43, 48, 28, 30, 17, 26, 9, 23, 39, 32, 31, 3, 44, 46, 2, 4, 20, 15, 14, 25, 37, 42, 13, 27, 6, 8, 36, 38, 11, 35, 18, 49, 21, 47, 19, 16, 29, 40, 34, 24, 22, 12]","[41, 7, 0, 5, 1, 33, 45, 10, 43, 48, 14, 23, 42, 40, 19, 3, 34, 30, 46, 13, 20, 44, 32, 4, 21, 36, 11, 39, 24, 49, 25, 28, 29, 16, 26, 6, 38, 31, 12, 2, 22, 35, 18, 37, 47, 9, 8, 17, 27, 15]"
209,100,10,0.2,0.2,0.7,2273,1778.85,1621,1937,69.83,21.74,0.064,"[41, 7, 0, 5, 1, 33, 45, 10, 43, 48, 28, 30, 17, 26, 9, 23, 39, 32, 31, 3, 44, 46, 2, 4, 20, 15, 14, 25, 37, 42, 13, 27, 6, 8, 36, 38, 11, 35, 18, 49, 21, 47, 19, 16, 29, 40, 34, 24, 22, 12]","[41, 7, 0, 5, 1, 33, 45, 10, 43, 48, 20, 46, 39, 21, 31, 15, 26, 12, 36, 2, 6, 11, 42, 35, 30, 44, 38, 34, 29, 8, 32, 14, 4, 3, 37, 16, 40, 47, 25, 27, 9, 17, 23, 24, 19, 28, 18, 49, 13, 22]"
210,100,50,0.5,0.0,0.0,2273,1779.65,1561,1982,104.58,21.7,0.2977,"[41, 7, 0, 5, 1, 33, 45, 10, 43, 48, 28, 30, 17, 26, 9, 23, 39, 32, 31, 3, 44, 46, 2, 4, 20, 15, 14, 25, 37, 42, 13, 27, 6, 8, 36, 38, 11, 35, 18, 49, 21, 47, 19, 16, 29, 40, 34, 24, 22, 12]","[25, 12, 22, 13, 27, 38, 39, 41, 31, 40, 14, 23, 42, 11, 19, 3, 34, 30, 46, 8, 20, 32, 7, 4, 21, 35, 18, 1, 24, 49, 5, 28, 36, 10, 26, 17, 0, 43, 45, 33, 48, 44, 6, 37, 47, 16, 29, 2, 9, 15]"
211,100,100,0.5,0.0,0.0,2273,1779.65,1561,1982,104.58,21.7,0.8837,"[41, 7, 0, 5, 1, 33, 45, 10, 43, 48, 28, 30, 17, 26, 9, 23, 39, 32, 31, 3, 44, 46, 2, 4, 20, 15, 14, 25, 37, 42, 13, 27, 6, 8, 36, 38, 11, 35, 18, 49, 21, 47, 19, 16, 29, 40, 34, 24, 22, 12]","[25, 12, 22, 13, 27, 38, 39, 41, 31, 40, 14, 23, 42, 11, 19, 3, 34, 30, 46, 8, 20, 32, 7, 4, 21, 35, 18, 1, 24, 49, 5, 28, 36, 10, 26, 17, 0, 43, 45, 33, 48, 44, 6, 37, 47, 16, 29, 2, 9, 15]"
212,100,200,0.5,0.0,0.0,2273,1779.65,1561,1982,104.58,21.7,1.7086,"[41, 7, 0, 5, 1, 33, 45, 10, 43, 48, 28, 30, 17, 26, 9, 23, 39, 32, 31, 3, 44, 46, 2, 4, 20, 15, 14, 25, 37, 42, 13, 27, 6, 8, 36, 38, 11, 35, 18, 49, 21, 47, 19, 16, 29, 40, 34, 24, 22, 12]","[25, 12, 22, 13, 27, 38, 39, 41, 31, 40, 14, 23, 42, 11, 19, 3, 34, 30, 46, 8, 20, 32, 7, 4, 21, 35, 18, 1, 24, 49, 5, 28, 36, 10, 26, 17, 0, 43, 45, 33, 48, 44, 6, 37, 47, 16, 29, 2, 9, 15]"
213,10,10,0.5,0.8,0.1,2273,1781.35,1597,1923,74.69,21.63,0.0062,"[41, 7, 0, 5, 1, 33, 45, 10, 43, 48, 28, 30, 17, 26, 9, 23, 39, 32, 31, 3, 44, 46, 2, 4, 20, 15, 14, 25, 37, 42, 13, 27, 6, 8, 36, 38, 11, 35, 18, 49, 21, 47, 19, 16, 29, 40, 34, 24, 22, 12]","[41, 7, 0, 5, 1, 33, 45, 10, 43, 48, 14, 23, 42, 11, 19, 3, 34, 30, 26, 17, 44, 35, 2, 4, 20, 46, 32, 25, 37, 31, 13, 15, 6, 8, 36, 38, 28, 21, 18, 49, 39, 47, 9, 16, 29, 40, 12, 24, 27, 22]"
214,50,10,0.5,0.2,0.0,2273,1781.45,1618,1941,81.35,21.63,0.0341,"[41, 7, 0, 5, 1, 33, 45, 10, 43, 48, 28, 30, 17, 26, 9, 23, 39, 32, 31, 3, 44, 46, 2, 4, 20, 15, 14, 25, 37, 42, 13, 27, 6, 8, 36, 38, 11, 35, 18, 49, 21, 47, 19, 16, 29, 40, 34, 24, 22, 12]","[41, 7, 0, 5, 1, 33, 45, 38, 43, 35, 26, 2, 17, 19, 12, 31, 24, 40, 22, 25, 28, 6, 48, 11, 14, 29, 4, 30, 18, 13, 10, 9, 34, 39, 20, 36, 46, 8, 32, 21, 44, 49, 47, 16, 3, 27, 15, 37, 23, 42]"
215,50,10,0.8,0.8,0.0,2273,1782.2,1634,1941,72.67,21.59,0.0337,"[41, 7, 0, 5, 1, 33, 45, 10, 43, 48, 28, 30, 17, 26, 9, 23, 39, 32, 31, 3, 44, 46, 2, 4, 20, 15, 14, 25, 37, 42, 13, 27, 6, 8, 36, 38, 11, 35, 18, 49, 21, 47, 19, 16, 29, 40, 34, 24, 22, 12]","[41, 7, 0, 25, 1, 33, 28, 10, 4, 15, 6, 9, 14, 16, 35, 22, 46, 23, 29, 19, 44, 18, 37, 43, 40, 2, 38, 27, 8, 39, 47, 12, 13, 20, 26, 31, 30, 36, 34, 49, 17, 48, 3, 42, 32, 11, 21, 45, 5, 24]"
216,10,10,0.5,0.8,0.7,2273,1783.65,1673,1940,67.87,21.53,0.0063,"[41, 7, 0, 5, 1, 33, 45, 10, 43, 48, 28, 30, 17, 26, 9, 23, 39, 32, 31, 3, 44, 46, 2, 4, 20, 15, 14, 25, 37, 42, 13, 27, 6, 8, 36, 38, 11, 35, 18, 49, 21, 47, 19, 16, 29, 40, 34, 24, 22, 12]","[41, 7, 0, 5, 1, 33, 45, 10, 2, 48, 28, 30, 17, 4, 19, 23, 39, 32, 42, 3, 44, 46, 43, 26, 20, 15, 14, 25, 37, 31, 13, 27, 6, 8, 36, 38, 11, 35, 18, 49, 21, 47, 9, 16, 29, 40, 12, 24, 34, 22]"
217,50,50,0.8,0.0,0.0,2273,1786.4,1608,2020,112.08,21.41,0.1486,"[41, 7, 0, 5, 1, 33, 45, 10, 43, 48, 28, 30, 17, 26, 9, 23, 39, 32, 31, 3, 44, 46, 2, 4, 20, 15, 14, 25, 37, 42, 13, 27, 6, 8, 36, 38, 11, 35, 18, 49, 21, 47, 19, 16, 29, 40, 34, 24, 22, 12]","[41, 7, 0, 5, 1, 33, 45, 48, 6, 25, 26, 39, 46, 40, 19, 23, 2, 42, 22, 3, 44, 37, 28, 4, 20, 15, 14, 17, 43, 31, 13, 27, 9, 8, 36, 38, 11, 10, 18, 49, 21, 12, 34, 16, 29, 35, 24, 30, 47, 32]"
218,50,100,0.8,0.0,0.0,2273,1786.4,1608,2020,112.08,21.41,0.2979,"[41, 7, 0, 5, 1, 33, 45, 10, 43, 48, 28, 30, 17, 26, 9, 23, 39, 32, 31, 3, 44, 46, 2, 4, 20, 15, 14, 25, 37, 42, 13, 27, 6, 8, 36, 38, 11, 35, 18, 49, 21, 47, 19, 16, 29, 40, 34, 24, 22, 12]","[41, 7, 0, 5, 1, 33, 45, 48, 6, 25, 26, 39, 46, 40, 19, 23, 2, 42, 22, 3, 44, 37, 28, 4, 20, 15, 14, 17, 43, 31, 13, 27, 9, 8, 36, 38, 11, 10, 18, 49, 21, 12, 34, 16, 29, 35, 24, 30, 47, 32]"
219,50,200,0.8,0.0,0.0,2273,1786.4,1608,2020,112.08,21.41,0.6006,"[41, 7, 0, 5, 1, 33, 45, 10, 43, 48, 28, 30, 17, 26, 9, 23, 39, 32, 31, 3, 44, 46, 2, 4, 20, 15, 14, 25, 37, 42, 13, 27, 6, 8, 36, 38, 11, 35, 18, 49, 21, 47, 19, 16, 29, 40, 34, 24, 22, 12]","[41, 7, 0, 5, 1, 33, 45, 48, 6, 25, 26, 39, 46, 40, 19, 23, 2, 42, 22, 3, 44, 37, 28, 4, 20, 15, 14, 17, 43, 31, 13, 27, 9, 8, 36, 38, 11, 10, 18, 49, 21, 12, 34, 16, 29, 35, 24, 30, 47, 32]"
220,100,10,0.5,0.0,0.1,2273,1788.65,1638,1985,78.23,21.31,0.0646,"[41, 7, 0, 5, 1, 33, 45, 10, 43, 48, 28, 30, 17, 26, 9, 23, 39, 32, 31, 3, 44, 46, 2, 4, 20, 15, 14, 25, 37, 42, 13, 27, 6, 8, 36, 38, 11, 35, 18, 49, 21, 47, 19, 16, 29, 40, 34, 24, 22, 12]","[41, 7, 0, 5, 1, 33, 45, 10, 31, 40, 14, 23, 42, 11, 19, 3, 34, 30, 46, 39, 20, 44, 32, 4, 38, 36, 25, 6, 24, 49, 21, 28, 8, 2, 15, 43, 26, 35, 27, 22, 13, 17, 29, 47, 16, 12, 48, 9, 37, 18]"
221,100,10,0.5,0.0,0.7,2273,1790.75,1544,1960,104.08,21.22,0.0641,"[41, 7, 0, 5, 1, 33, 45, 10, 43, 48, 28, 30, 17, 26, 9, 23, 39, 32, 31, 3, 44, 46, 2, 4, 20, 15, 14, 25, 37, 42, 13, 27, 6, 8, 36, 38, 11, 35, 18, 49, 21, 47, 19, 16, 29, 40, 34, 24, 22, 12]","[41, 7, 0, 5, 1, 38, 39, 22, 31, 40, 14, 23, 42, 46, 19, 3, 34, 30, 48, 25, 20, 44, 32, 4, 21, 36, 28, 6, 24, 49, 43, 45, 8, 16, 33, 26, 10, 11, 35, 18, 13, 17, 2, 9, 15, 47, 12, 27, 37, 29]"
222,100,10,0.2,0.2,0.0,2273,1796.25,1642,1924,75.65,20.97,0.0624,"[41, 7, 0, 5, 1, 33, 45, 10, 43, 48, 28, 30, 17, 26, 9, 23, 39, 32, 31, 3, 44, 46, 2, 4, 20, 15, 14, 25, 37, 42, 13, 27, 6, 8, 36, 38, 11, 35, 18, 49, 21, 47, 19, 16, 29, 40, 34, 24, 22, 12]","[41, 7, 0, 5, 1, 33, 45, 10, 43, 48, 44, 46, 39, 21, 31, 15, 26, 34, 36, 2, 6, 11, 42, 35, 30, 12, 25, 20, 32, 8, 29, 38, 4, 37, 3, 16, 40, 47, 27, 14, 9, 17, 23, 24, 19, 28, 18, 49, 13, 22]"
223,50,10,0.5,0.2,0.7,2273,1798.4,1632,1921,75.06,20.88,0.0318,"[41, 7, 0, 5, 1, 33, 45, 10, 43, 48, 28, 30, 17, 26, 9, 23, 39, 32, 31, 3, 44, 46, 2, 4, 20, 15, 14, 25, 37, 42, 13, 27, 6, 8, 36, 38, 11, 35, 18, 49, 21, 47, 19, 16, 29, 40, 34, 24, 22, 12]","[41, 7, 0, 5, 1, 33, 45, 10, 32, 48, 28, 3, 17, 29, 9, 23, 39, 43, 31, 30, 16, 46, 2, 4, 20, 15, 14, 6, 37, 42, 36, 27, 25, 8, 13, 38, 11, 35, 18, 19, 12, 44, 49, 21, 24, 40, 26, 47, 34, 22]"
224,50,10,0.8,0.2,0.0,2273,1799.0,1598,1948,84.06,20.85,0.0323,"[41, 7, 0, 5, 1, 33, 45, 10, 43, 48, 28, 30, 17, 26, 9, 23, 39, 32, 31, 3, 44, 46, 2, 4, 20, 15, 14, 25, 37, 42, 13, 27, 6, 8, 36, 38, 11, 35, 18, 49, 21, 47, 19, 16, 29, 40, 34, 24, 22, 12]","[26, 18, 41, 33, 46, 28, 17, 2, 4, 15, 6, 9, 14, 34, 24, 30, 0, 45, 5, 12, 43, 32, 11, 37, 3, 47, 13, 31, 22, 35, 25, 1, 21, 7, 39, 29, 20, 44, 42, 16, 19, 49, 40, 8, 23, 10, 27, 38, 48, 36]"
225,50,50,0.8,0.0,0.7,2273,1801.85,1600,2071,134.69,20.73,0.1493,"[41, 7, 0, 5, 1, 33, 45, 10, 43, 48, 28, 30, 17, 26, 9, 23, 39, 32, 31, 3, 44, 46, 2, 4, 20, 15, 14, 25, 37, 42, 13, 27, 6, 8, 36, 38, 11, 35, 18, 49, 21, 47, 19, 16, 29, 40, 34, 24, 22, 12]","[41, 7, 0, 5, 1, 33, 45, 10, 43, 48, 28, 30, 17, 26, 37, 2, 29, 21, 31, 13, 36, 11, 42, 35, 3, 44, 38, 15, 32, 24, 40, 6, 34, 39, 46, 16, 23, 8, 20, 14, 9, 22, 27, 12, 19, 4, 18, 49, 47, 25]"
226,50,100,0.8,0.0,0.7,2273,1801.85,1600,2071,134.69,20.73,0.3019,"[41, 7, 0, 5, 1, 33, 45, 10, 43, 48, 28, 30, 17, 26, 9, 23, 39, 32, 31, 3, 44, 46, 2, 4, 20, 15, 14, 25, 37, 42, 13, 27, 6, 8, 36, 38, 11, 35, 18, 49, 21, 47, 19, 16, 29, 40, 34, 24, 22, 12]","[41, 7, 0, 5, 1, 33, 45, 10, 43, 48, 28, 30, 17, 26, 37, 2, 29, 21, 31, 13, 36, 11, 42, 35, 3, 44, 38, 15, 32, 24, 40, 6, 34, 39, 46, 16, 23, 8, 20, 14, 9, 22, 27, 12, 19, 4, 18, 49, 47, 25]"
227,50,200,0.8,0.0,0.7,2273,1801.85,1600,2071,134.69,20.73,0.6005,"[41, 7, 0, 5, 1, 33, 45, 10, 43, 48, 28, 30, 17, 26, 9, 23, 39, 32, 31, 3, 44, 46, 2, 4, 20, 15, 14, 25, 37, 42, 13, 27, 6, 8, 36, 38, 11, 35, 18, 49, 21, 47, 19, 16, 29, 40, 34, 24, 22, 12]","[41, 7, 0, 5, 1, 33, 45, 10, 43, 48, 28, 30, 17, 26, 37, 2, 29, 21, 31, 13, 36, 11, 42, 35, 3, 44, 38, 15, 32, 24, 40, 6, 34, 39, 46, 16, 23, 8, 20, 14, 9, 22, 27, 12, 19, 4, 18, 49, 47, 25]"
228,10,10,0.2,0.8,0.1,2273,1804.4,1653,1956,83.45,20.62,0.0063,"[41, 7, 0, 5, 1, 33, 45, 10, 43, 48, 28, 30, 17, 26, 9, 23, 39, 32, 31, 3, 44, 46, 2, 4, 20, 15, 14, 25, 37, 42, 13, 27, 6, 8, 36, 38, 11, 35, 18, 49, 21, 47, 19, 16, 29, 40, 34, 24, 22, 12]","[41, 7, 0, 5, 1, 33, 45, 38, 17, 48, 28, 30, 43, 26, 9, 23, 39, 6, 42, 3, 44, 32, 25, 4, 20, 15, 14, 2, 37, 47, 13, 27, 46, 8, 36, 10, 11, 35, 18, 49, 21, 31, 19, 16, 29, 40, 34, 24, 22, 12]"
229,10,10,0.8,0.8,0.7,2273,1807.9,1647,1960,80.15,20.46,0.0065,"[41, 7, 0, 5, 1, 33, 45, 10, 43, 48, 28, 30, 17, 26, 9, 23, 39, 32, 31, 3, 44, 46, 2, 4, 20, 15, 14, 25, 37, 42, 13, 27, 6, 8, 36, 38, 11, 35, 18, 49, 21, 47, 19, 16, 29, 40, 34, 24, 22, 12]","[41, 7, 0, 5, 1, 33, 45, 10, 43, 40, 14, 23, 42, 30, 19, 3, 34, 11, 4, 13, 20, 44, 32, 19, 21, 22, 2, 25, 37, 31, 17, 27, 6, 8, 36, 38, 26, 35, 18, 49, 15, 47, 46, 16, 29, 24, 12, 9, 39, 28]"
230,50,10,0.2,0.2,0.1,2273,1816.75,1681,1937,61.34,20.07,0.0314,"[41, 7, 0, 5, 1, 33, 45, 10, 43, 48, 28, 30, 17, 26, 9, 23, 39, 32, 31, 3, 44, 46, 2, 4, 20, 15, 14, 25, 37, 42, 13, 27, 6, 8, 36, 38, 11, 35, 18, 49, 21, 47, 19, 16, 29, 40, 34, 24, 22, 12]","[1, 27, 3, 5, 45, 2, 21, 41, 42, 35, 26, 46, 17, 19, 43, 31, 40, 23, 38, 32, 0, 44, 48, 4, 11, 36, 33, 6, 24, 8, 29, 25, 37, 16, 12, 30, 14, 20, 47, 7, 9, 10, 28, 15, 39, 34, 18, 49, 13, 22]"
231,10,10,0.2,0.8,0.7,2273,1816.85,1716,1946,56.14,20.07,0.0063,"[41, 7, 0, 5, 1, 33, 45, 10, 43, 48, 28, 30, 17, 26, 9, 23, 39, 32, 31, 3, 44, 46, 2, 4, 20, 15, 14, 25, 37, 42, 13, 27, 6, 8, 36, 38, 11, 35, 18, 49, 21, 47, 19, 16, 29, 40, 34, 24, 22, 12]","[41, 7, 0, 5, 1, 33, 45, 10, 17, 48, 28, 30, 43, 26, 47, 23, 39, 46, 42, 3, 44, 32, 2, 4, 20, 15, 25, 14, 27, 31, 13, 37, 6, 8, 36, 38, 11, 35, 18, 49, 21, 9, 12, 16, 29, 40, 34, 24, 22, 19]"
232,50,10,0.8,0.0,0.7,2273,1823.2,1600,2071,131.1,19.79,0.0323,"[41, 7, 0, 5, 1, 33, 45, 10, 43, 48, 28, 30, 17, 26, 9, 23, 39, 32, 31, 3, 44, 46, 2, 4, 20, 15, 14, 25, 37, 42, 13, 27, 6, 8, 36, 38, 11, 35, 18, 49, 21, 47, 19, 16, 29, 40, 34, 24, 22, 12]","[41, 7, 0, 5, 1, 33, 45, 10, 43, 48, 28, 30, 17, 26, 37, 2, 29, 21, 31, 13, 36, 11, 42, 35, 3, 44, 38, 15, 32, 24, 40, 6, 34, 39, 46, 16, 23, 8, 20, 14, 9, 22, 27, 12, 19, 4, 18, 49, 47, 25]"
233,50,10,0.8,0.0,0.0,2273,1828.0,1624,2020,116.51,19.58,0.0322,"[41, 7, 0, 5, 1, 33, 45, 10, 43, 48, 28, 30, 17, 26, 9, 23, 39, 32, 31, 3, 44, 46, 2, 4, 20, 15, 14, 25, 37, 42, 13, 27, 6, 8, 36, 38, 11, 35, 18, 49, 21, 47, 19, 16, 29, 40, 34, 24, 22, 12]","[41, 7, 0, 5, 1, 33, 45, 10, 43, 48, 28, 30, 17, 26, 9, 3, 14, 42, 12, 32, 44, 31, 19, 4, 20, 40, 46, 6, 34, 11, 13, 27, 35, 8, 36, 38, 2, 15, 18, 49, 21, 16, 37, 39, 47, 29, 24, 25, 23, 22]"
234,50,10,0.2,0.2,0.7,2273,1829.6,1692,1957,68.41,19.51,0.0312,"[41, 7, 0, 5, 1, 33, 45, 10, 43, 48, 28, 30, 17, 26, 9, 23, 39, 32, 31, 3, 44, 46, 2, 4, 20, 15, 14, 25, 37, 42, 13, 27, 6, 8, 36, 38, 11, 35, 18, 49, 21, 47, 19, 16, 29, 40, 34, 24, 22, 12]","[1, 14, 3, 5, 45, 23, 40, 17, 4, 15, 6, 24, 27, 34, 35, 43, 9, 33, 22, 21, 28, 11, 48, 0, 26, 29, 41, 30, 18, 13, 10, 31, 46, 39, 36, 16, 2, 8, 20, 38, 25, 32, 37, 42, 44, 49, 47, 7, 19, 12]"
235,10,10,0.5,0.8,0.0,2273,1838.5,1643,2007,95.45,19.12,0.0063,"[41, 7, 0, 5, 1, 33, 45, 10, 43, 48, 28, 30, 17, 26, 9, 23, 39, 32, 31, 3, 44, 46, 2, 4, 20, 15, 14, 25, 37, 42, 13, 27, 6, 8, 36, 38, 11, 35, 18, 49, 21, 47, 19, 16, 29, 40, 34, 24, 22, 12]","[41, 7, 0, 5, 1, 33, 45, 10, 43, 48, 14, 23, 42, 11, 19, 3, 34, 30, 46, 13, 25, 44, 32, 4, 21, 9, 36, 6, 24, 49, 22, 12, 8, 16, 28, 39, 20, 38, 31, 2, 27, 35, 18, 37, 47, 29, 26, 17, 15, 40]"
236,50,50,0.8,0.0,0.1,2273,1839.8,1672,2085,110.99,19.06,0.1482,"[41, 7, 0, 5, 1, 33, 45, 10, 43, 48, 28, 30, 17, 26, 9, 23, 39, 32, 31, 3, 44, 46, 2, 4, 20, 15, 14, 25, 37, 42, 13, 27, 6, 8, 36, 38, 11, 35, 18, 49, 21, 47, 19, 16, 29, 40, 34, 24, 22, 12]","[48, 7, 0, 5, 41, 33, 45, 10, 43, 1, 28, 30, 17, 26, 19, 3, 34, 20, 22, 36, 29, 21, 42, 46, 12, 2, 47, 9, 39, 24, 44, 23, 8, 16, 11, 13, 27, 14, 35, 49, 37, 15, 18, 38, 40, 6, 25, 4, 31, 32]"
237,50,100,0.8,0.0,0.1,2273,1839.8,1672,2085,110.99,19.06,0.2981,"[41, 7, 0, 5, 1, 33, 45, 10, 43, 48, 28, 30, 17, 26, 9, 23, 39, 32, 31, 3, 44, 46, 2, 4, 20, 15, 14, 25, 37, 42, 13, 27, 6, 8, 36, 38, 11, 35, 18, 49, 21, 47, 19, 16, 29, 40, 34, 24, 22, 12]","[48, 7, 0, 5, 41, 33, 45, 10, 43, 1, 28, 30, 17, 26, 19, 3, 34, 20, 22, 36, 29, 21, 42, 46, 12, 2, 47, 9, 39, 24, 44, 23, 8, 16, 11, 13, 27, 14, 35, 49, 37, 15, 18, 38, 40, 6, 25, 4, 31, 32]"
238,50,200,0.8,0.0,0.1,2273,1839.8,1672,2085,110.99,19.06,0.5966,"[41, 7, 0, 5, 1, 33, 45, 10, 43, 48, 28, 30, 17, 26, 9, 23, 39, 32, 31, 3, 44, 46, 2, 4, 20, 15, 14, 25, 37, 42, 13, 27, 6, 8, 36, 38, 11, 35, 18, 49, 21, 47, 19, 16, 29, 40, 34, 24, 22, 12]","[48, 7, 0, 5, 41, 33, 45, 10, 43, 1, 28, 30, 17, 26, 19, 3, 34, 20, 22, 36, 29, 21, 42, 46, 12, 2, 47, 9, 39, 24, 44, 23, 8, 16, 11, 13, 27, 14, 35, 49, 37, 15, 18, 38, 40, 6, 25, 4, 31, 32]"
239,100,10,0.5,0.0,0.0,2273,1842.35,1620,1982,94.03,18.95,0.0631,"[41, 7, 0, 5, 1, 33, 45, 10, 43, 48, 28, 30, 17, 26, 9, 23, 39, 32, 31, 3, 44, 46, 2, 4, 20, 15, 14, 25, 37, 42, 13, 27, 6, 8, 36, 38, 11, 35, 18, 49, 21, 47, 19, 16, 29, 40, 34, 24, 22, 12]","[33, 25, 22, 13, 27, 38, 39, 41, 31, 40, 14, 23, 42, 11, 19, 3, 34, 30, 46, 1, 20, 44, 32, 4, 21, 35, 6, 2, 24, 49, 5, 28, 18, 10, 26, 17, 0, 43, 45, 12, 9, 36, 15, 37, 47, 16, 29, 8, 48, 7]"
240,50,50,0.5,0.0,0.1,2273,1849.5,1561,2080,129.62,18.63,0.1605,"[41, 7, 0, 5, 1, 33, 45, 10, 43, 48, 28, 30, 17, 26, 9, 23, 39, 32, 31, 3, 44, 46, 2, 4, 20, 15, 14, 25, 37, 42, 13, 27, 6, 8, 36, 38, 11, 35, 18, 49, 21, 47, 19, 16, 29, 40, 34, 24, 22, 12]","[44, 35, 25, 19, 41, 28, 11, 15, 26, 40, 14, 23, 42, 31, 22, 3, 34, 30, 46, 1, 20, 48, 32, 4, 21, 36, 33, 6, 24, 49, 5, 13, 8, 16, 43, 0, 38, 7, 10, 12, 9, 17, 2, 47, 27, 37, 18, 39, 29, 45]"
241,50,100,0.5,0.0,0.1,2273,1849.5,1561,2080,129.62,18.63,0.2937,"[41, 7, 0, 5, 1, 33, 45, 10, 43, 48, 28, 30, 17, 26, 9, 23, 39, 32, 31, 3, 44, 46, 2, 4, 20, 15, 14, 25, 37, 42, 13, 27, 6, 8, 36, 38, 11, 35, 18, 49, 21, 47, 19, 16, 29, 40, 34, 24, 22, 12]","[44, 35, 25, 19, 41, 28, 11, 15, 26, 40, 14, 23, 42, 31, 22, 3, 34, 30, 46, 1, 20, 48, 32, 4, 21, 36, 33, 6, 24, 49, 5, 13, 8, 16, 43, 0, 38, 7, 10, 12, 9, 17, 2, 47, 27, 37, 18, 39, 29, 45]"
242,50,200,0.5,0.0,0.1,2273,1849.5,1561,2080,129.62,18.63,0.5955,"[41, 7, 0, 5, 1, 33, 45, 10, 43, 48, 28, 30, 17, 26, 9, 23, 39, 32, 31, 3, 44, 46, 2, 4, 20, 15, 14, 25, 37, 42, 13, 27, 6, 8, 36, 38, 11, 35, 18, 49, 21, 47, 19, 16, 29, 40, 34, 24, 22, 12]","[44, 35, 25, 19, 41, 28, 11, 15, 26, 40, 14, 23, 42, 31, 22, 3, 34, 30, 46, 1, 20, 48, 32, 4, 21, 36, 33, 6, 24, 49, 5, 13, 8, 16, 43, 0, 38, 7, 10, 12, 9, 17, 2, 47, 27, 37, 18, 39, 29, 45]"
243,50,10,0.2,0.2,0.0,2273,1851.7,1728,1989,66.52,18.53,0.0312,"[41, 7, 0, 5, 1, 33, 45, 10, 43, 48, 28, 30, 17, 26, 9, 23, 39, 32, 31, 3, 44, 46, 2, 4, 20, 15, 14, 25, 37, 42, 13, 27, 6, 8, 36, 38, 11, 35, 18, 49, 21, 47, 19, 16, 29, 40, 34, 24, 22, 12]","[41, 7, 0, 5, 1, 33, 45, 10, 43, 48, 28, 30, 37, 21, 31, 15, 26, 34, 36, 2, 6, 11, 42, 35, 14, 44, 9, 4, 18, 13, 22, 40, 46, 39, 27, 16, 23, 8, 20, 38, 25, 32, 49, 29, 3, 17, 47, 24, 19, 12]"
244,10,10,0.8,0.8,0.0,2273,1863.15,1662,2043,99.31,18.03,0.0064,"[41, 7, 0, 5, 1, 33, 45, 10, 43, 48, 28, 30, 17, 26, 9, 23, 39, 32, 31, 3, 44, 46, 2, 4, 20, 15, 14, 25, 37, 42, 13, 27, 6, 8, 36, 38, 11, 35, 18, 49, 21, 47, 19, 16, 29, 40, 34, 24, 22, 12]","[41, 7, 0, 5, 1, 33, 45, 10, 31, 40, 14, 23, 42, 22, 19, 3, 34, 30, 46, 13, 20, 44, 6, 4, 38, 36, 48, 32, 24, 49, 25, 47, 8, 16, 21, 35, 27, 43, 11, 2, 12, 26, 18, 37, 28, 9, 15, 39, 17, 29]"
245,10,10,0.2,0.8,0.0,2273,1866.0,1717,1977,63.25,17.91,0.0063,"[41, 7, 0, 5, 1, 33, 45, 10, 43, 48, 28, 30, 17, 26, 9, 23, 39, 32, 31, 3, 44, 46, 2, 4, 20, 15, 14, 25, 37, 42, 13, 27, 6, 8, 36, 38, 11, 35, 18, 49, 21, 47, 19, 16, 29, 40, 34, 24, 22, 12]","[41, 7, 0, 5, 1, 33, 45, 10, 43, 48, 28, 46, 17, 13, 9, 23, 39, 26, 42, 3, 44, 32, 2, 4, 20, 15, 37, 25, 14, 31, 30, 21, 6, 8, 36, 38, 11, 35, 18, 49, 27, 47, 19, 16, 29, 40, 34, 24, 22, 12]"
246,50,10,0.5,0.0,0.1,2273,1866.4,1637,2080,103.73,17.89,0.0313,"[41, 7, 0, 5, 1, 33, 45, 10, 43, 48, 28, 30, 17, 26, 9, 23, 39, 32, 31, 3, 44, 46, 2, 4, 20, 15, 14, 25, 37, 42, 13, 27, 6, 8, 36, 38, 11, 35, 18, 49, 21, 47, 19, 16, 29, 40, 34, 24, 22, 12]","[44, 35, 25, 19, 41, 28, 11, 15, 26, 40, 14, 23, 42, 31, 22, 3, 34, 30, 46, 1, 20, 48, 32, 4, 21, 36, 33, 6, 24, 49, 5, 13, 8, 16, 43, 0, 38, 7, 10, 12, 9, 17, 2, 47, 27, 37, 18, 39, 29, 45]"
247,100,50,0.2,0.0,0.7,2273,1868.0,1676,2122,124.67,17.82,0.2945,"[41, 7, 0, 5, 1, 33, 45, 10, 43, 48, 28, 30, 17, 26, 9, 23, 39, 32, 31, 3, 44, 46, 2, 4, 20, 15, 14, 25, 37, 42, 13, 27, 6, 8, 36, 38, 11, 35, 18, 49, 21, 47, 19, 16, 29, 40, 34, 24, 22, 12]","[40, 47, 2, 4, 35, 22, 33, 39, 20, 6, 5, 41, 14, 34, 9, 43, 24, 45, 17, 21, 28, 11, 48, 0, 26, 29, 3, 30, 18, 13, 31, 27, 46, 8, 36, 38, 23, 32, 37, 49, 25, 1, 16, 42, 44, 19, 12, 7, 10, 15]"
248,100,100,0.2,0.0,0.7,2273,1868.0,1676,2122,124.67,17.82,0.8733,"[41, 7, 0, 5, 1, 33, 45, 10, 43, 48, 28, 30, 17, 26, 9, 23, 39, 32, 31, 3, 44, 46, 2, 4, 20, 15, 14, 25, 37, 42, 13, 27, 6, 8, 36, 38, 11, 35, 18, 49, 21, 47, 19, 16, 29, 40, 34, 24, 22, 12]","[40, 47, 2, 4, 35, 22, 33, 39, 20, 6, 5, 41, 14, 34, 9, 43, 24, 45, 17, 21, 28, 11, 48, 0, 26, 29, 3, 30, 18, 13, 31, 27, 46, 8, 36, 38, 23, 32, 37, 49, 25, 1, 16, 42, 44, 19, 12, 7, 10, 15]"
249,100,200,0.2,0.0,0.7,2273,1868.0,1676,2122,124.67,17.82,1.6982,"[41, 7, 0, 5, 1, 33, 45, 10, 43, 48, 28, 30, 17, 26, 9, 23, 39, 32, 31, 3, 44, 46, 2, 4, 20, 15, 14, 25, 37, 42, 13, 27, 6, 8, 36, 38, 11, 35, 18, 49, 21, 47, 19, 16, 29, 40, 34, 24, 22, 12]","[40, 47, 2, 4, 35, 22, 33, 39, 20, 6, 5, 41, 14, 34, 9, 43, 24, 45, 17, 21, 28, 11, 48, 0, 26, 29, 3, 30, 18, 13, 31, 27, 46, 8, 36, 38, 23, 32, 37, 49, 25, 1, 16, 42, 44, 19, 12, 7, 10, 15]"
250,50,10,0.8,0.0,0.1,2273,1872.25,1688,2085,98.84,17.63,0.0321,"[41, 7, 0, 5, 1, 33, 45, 10, 43, 48, 28, 30, 17, 26, 9, 23, 39, 32, 31, 3, 44, 46, 2, 4, 20, 15, 14, 25, 37, 42, 13, 27, 6, 8, 36, 38, 11, 35, 18, 49, 21, 47, 19, 16, 29, 40, 34, 24, 22, 12]","[48, 7, 0, 5, 41, 33, 45, 10, 43, 1, 28, 30, 17, 26, 19, 3, 34, 20, 22, 36, 29, 21, 42, 46, 12, 2, 47, 9, 39, 24, 44, 23, 8, 16, 11, 13, 27, 14, 35, 49, 37, 15, 18, 38, 40, 6, 25, 4, 31, 32]"
251,100,50,0.2,0.0,0.1,2273,1891.6,1566,2104,125.15,16.78,0.2946,"[41, 7, 0, 5, 1, 33, 45, 10, 43, 48, 28, 30, 17, 26, 9, 23, 39, 32, 31, 3, 44, 46, 2, 4, 20, 15, 14, 25, 37, 42, 13, 27, 6, 8, 36, 38, 11, 35, 18, 49, 21, 47, 19, 16, 29, 40, 34, 24, 22, 12]","[27, 22, 40, 14, 17, 25, 47, 24, 20, 10, 33, 46, 3, 26, 9, 23, 39, 32, 31, 5, 44, 43, 2, 4, 28, 15, 45, 0, 41, 42, 13, 37, 6, 8, 36, 38, 11, 35, 18, 49, 21, 30, 19, 16, 29, 48, 34, 7, 12, 1]"
252,100,100,0.2,0.0,0.1,2273,1891.6,1566,2104,125.15,16.78,0.8763,"[41, 7, 0, 5, 1, 33, 45, 10, 43, 48, 28, 30, 17, 26, 9, 23, 39, 32, 31, 3, 44, 46, 2, 4, 20, 15, 14, 25, 37, 42, 13, 27, 6, 8, 36, 38, 11, 35, 18, 49, 21, 47, 19, 16, 29, 40, 34, 24, 22, 12]","[27, 22, 40, 14, 17, 25, 47, 24, 20, 10, 33, 46, 3, 26, 9, 23, 39, 32, 31, 5, 44, 43, 2, 4, 28, 15, 45, 0, 41, 42, 13, 37, 6, 8, 36, 38, 11, 35, 18, 49, 21, 30, 19, 16, 29, 48, 34, 7, 12, 1]"
253,100,200,0.2,0.0,0.1,2273,1891.6,1566,2104,125.15,16.78,1.6953,"[41, 7, 0, 5, 1, 33, 45, 10, 43, 48, 28, 30, 17, 26, 9, 23, 39, 32, 31, 3, 44, 46, 2, 4, 20, 15, 14, 25, 37, 42, 13, 27, 6, 8, 36, 38, 11, 35, 18, 49, 21, 47, 19, 16, 29, 40, 34, 24, 22, 12]","[27, 22, 40, 14, 17, 25, 47, 24, 20, 10, 33, 46, 3, 26, 9, 23, 39, 32, 31, 5, 44, 43, 2, 4, 28, 15, 45, 0, 41, 42, 13, 37, 6, 8, 36, 38, 11, 35, 18, 49, 21, 30, 19, 16, 29, 48, 34, 7, 12, 1]"
254,10,10,0.8,0.2,0.7,2273,1894.9,1622,2031,103.26,16.63,0.0063,"[41, 7, 0, 5, 1, 33, 45, 10, 43, 48, 28, 30, 17, 26, 9, 23, 39, 32, 31, 3, 44, 46, 2, 4, 20, 15, 14, 25, 37, 42, 13, 27, 6, 8, 36, 38, 11, 35, 18, 49, 21, 47, 19, 16, 29, 40, 34, 24, 22, 12]","[12, 31, 40, 6, 26, 5, 48, 1, 2, 33, 28, 30, 10, 7, 9, 23, 39, 32, 41, 3, 44, 46, 43, 4, 20, 15, 14, 25, 37, 42, 13, 29, 0, 8, 36, 38, 11, 35, 18, 49, 21, 47, 19, 16, 34, 24, 45, 22, 27, 17]"
255,50,50,0.5,0.0,0.0,2273,1899.0,1663,2168,136.13,16.45,0.1608,"[41, 7, 0, 5, 1, 33, 45, 10, 43, 48, 28, 30, 17, 26, 9, 23, 39, 32, 31, 3, 44, 46, 2, 4, 20, 15, 14, 25, 37, 42, 13, 27, 6, 8, 36, 38, 11, 35, 18, 49, 21, 47, 19, 16, 29, 40, 34, 24, 22, 12]","[41, 7, 0, 5, 1, 33, 45, 10, 43, 48, 28, 30, 36, 27, 19, 3, 34, 22, 46, 23, 20, 11, 42, 35, 6, 44, 38, 2, 32, 8, 29, 26, 4, 21, 39, 16, 40, 14, 25, 47, 9, 24, 31, 12, 15, 37, 18, 49, 17, 13]"
256,50,100,0.5,0.0,0.0,2273,1899.0,1663,2168,136.13,16.45,0.2947,"[41, 7, 0, 5, 1, 33, 45, 10, 43, 48, 28, 30, 17, 26, 9, 23, 39, 32, 31, 3, 44, 46, 2, 4, 20, 15, 14, 25, 37, 42, 13, 27, 6, 8, 36, 38, 11, 35, 18, 49, 21, 47, 19, 16, 29, 40, 34, 24, 22, 12]","[41, 7, 0, 5, 1, 33, 45, 10, 43, 48, 28, 30, 36, 27, 19, 3, 34, 22, 46, 23, 20, 11, 42, 35, 6, 44, 38, 2, 32, 8, 29, 26, 4, 21, 39, 16, 40, 14, 25, 47, 9, 24, 31, 12, 15, 37, 18, 49, 17, 13]"
257,50,200,0.5,0.0,0.0,2273,1899.0,1663,2168,136.13,16.45,0.5939,"[41, 7, 0, 5, 1, 33, 45, 10, 43, 48, 28, 30, 17, 26, 9, 23, 39, 32, 31, 3, 44, 46, 2, 4, 20, 15, 14, 25, 37, 42, 13, 27, 6, 8, 36, 38, 11, 35, 18, 49, 21, 47, 19, 16, 29, 40, 34, 24, 22, 12]","[41, 7, 0, 5, 1, 33, 45, 10, 43, 48, 28, 30, 36, 27, 19, 3, 34, 22, 46, 23, 20, 11, 42, 35, 6, 44, 38, 2, 32, 8, 29, 26, 4, 21, 39, 16, 40, 14, 25, 47, 9, 24, 31, 12, 15, 37, 18, 49, 17, 13]"
258,10,10,0.8,0.2,0.1,2273,1908.45,1716,2075,100.42,16.04,0.0062,"[41, 7, 0, 5, 1, 33, 45, 10, 43, 48, 28, 30, 17, 26, 9, 23, 39, 32, 31, 3, 44, 46, 2, 4, 20, 15, 14, 25, 37, 42, 13, 27, 6, 8, 36, 38, 11, 35, 18, 49, 21, 47, 19, 16, 29, 40, 34, 24, 22, 12]","[41, 7, 0, 5, 1, 33, 45, 17, 43, 48, 14, 23, 42, 11, 19, 3, 34, 15, 46, 13, 20, 44, 32, 4, 21, 36, 38, 6, 37, 2, 30, 27, 31, 8, 26, 10, 9, 35, 18, 49, 40, 47, 25, 16, 39, 24, 29, 22, 12, 28]"
259,100,10,0.2,0.0,0.7,2273,1911.85,1757,2122,104.78,15.89,0.0621,"[41, 7, 0, 5, 1, 33, 45, 10, 43, 48, 28, 30, 17, 26, 9, 23, 39, 32, 31, 3, 44, 46, 2, 4, 20, 15, 14, 25, 37, 42, 13, 27, 6, 8, 36, 38, 11, 35, 18, 49, 21, 47, 19, 16, 29, 40, 34, 24, 22, 12]","[40, 47, 2, 4, 35, 22, 33, 39, 20, 6, 5, 41, 14, 34, 9, 43, 24, 45, 17, 21, 28, 11, 48, 0, 26, 29, 3, 30, 18, 13, 31, 27, 46, 8, 36, 38, 23, 32, 37, 49, 25, 1, 16, 42, 44, 19, 12, 7, 10, 15]"
260,50,50,0.5,0.0,0.7,2273,1912.7,1725,2097,88.05,15.85,0.16,"[41, 7, 0, 5, 1, 33, 45, 10, 43, 48, 28, 30, 17, 26, 9, 23, 39, 32, 31, 3, 44, 46, 2, 4, 20, 15, 14, 25, 37, 42, 13, 27, 6, 8, 36, 38, 11, 35, 18, 49, 21, 47, 19, 16, 29, 40, 34, 24, 22, 12]","[41, 7, 0, 5, 1, 33, 45, 10, 43, 48, 28, 30, 31, 24, 19, 3, 34, 39, 46, 14, 20, 23, 2, 4, 32, 15, 17, 25, 37, 42, 13, 27, 6, 8, 36, 38, 11, 35, 18, 49, 21, 40, 12, 47, 29, 9, 44, 16, 26, 22]"
261,50,100,0.5,0.0,0.7,2273,1912.7,1725,2097,88.05,15.85,0.2964,"[41, 7, 0, 5, 1, 33, 45, 10, 43, 48, 28, 30, 17, 26, 9, 23, 39, 32, 31, 3, 44, 46, 2, 4, 20, 15, 14, 25, 37, 42, 13, 27, 6, 8, 36, 38, 11, 35, 18, 49, 21, 47, 19, 16, 29, 40, 34, 24, 22, 12]","[41, 7, 0, 5, 1, 33, 45, 10, 43, 48, 28, 30, 31, 24, 19, 3, 34, 39, 46, 14, 20, 23, 2, 4, 32, 15, 17, 25, 37, 42, 13, 27, 6, 8, 36, 38, 11, 35, 18, 49, 21, 40, 12, 47, 29, 9, 44, 16, 26, 22]"
262,50,200,0.5,0.0,0.7,2273,1912.7,1725,2097,88.05,15.85,0.5919,"[41, 7, 0, 5, 1, 33, 45, 10, 43, 48, 28, 30, 17, 26, 9, 23, 39, 32, 31, 3, 44, 46, 2, 4, 20, 15, 14, 25, 37, 42, 13, 27, 6, 8, 36, 38, 11, 35, 18, 49, 21, 47, 19, 16, 29, 40, 34, 24, 22, 12]","[41, 7, 0, 5, 1, 33, 45, 10, 43, 48, 28, 30, 31, 24, 19, 3, 34, 39, 46, 14, 20, 23, 2, 4, 32, 15, 17, 25, 37, 42, 13, 27, 6, 8, 36, 38, 11, 35, 18, 49, 21, 40, 12, 47, 29, 9, 44, 16, 26, 22]"
263,50,10,0.5,0.0,0.0,2273,1915.4,1749,2168,126.96,15.73,0.0315,"[41, 7, 0, 5, 1, 33, 45, 10, 43, 48, 28, 30, 17, 26, 9, 23, 39, 32, 31, 3, 44, 46, 2, 4, 20, 15, 14, 25, 37, 42, 13, 27, 6, 8, 36, 38, 11, 35, 18, 49, 21, 47, 19, 16, 29, 40, 34, 24, 22, 12]","[41, 7, 0, 5, 1, 33, 45, 10, 43, 48, 28, 30, 36, 27, 19, 3, 34, 22, 46, 23, 20, 11, 42, 35, 6, 44, 38, 2, 32, 8, 29, 26, 4, 21, 39, 16, 40, 14, 25, 47, 9, 24, 31, 12, 15, 37, 18, 49, 17, 13]"
264,100,10,0.2,0.0,0.1,2273,1916.0,1656,2104,112.35,15.71,0.0617,"[41, 7, 0, 5, 1, 33, 45, 10, 43, 48, 28, 30, 17, 26, 9, 23, 39, 32, 31, 3, 44, 46, 2, 4, 20, 15, 14, 25, 37, 42, 13, 27, 6, 8, 36, 38, 11, 35, 18, 49, 21, 47, 19, 16, 29, 40, 34, 24, 22, 12]","[27, 22, 40, 14, 17, 25, 47, 24, 20, 10, 33, 46, 3, 26, 9, 23, 39, 32, 31, 5, 44, 43, 2, 4, 28, 15, 45, 0, 41, 42, 13, 37, 6, 8, 36, 38, 11, 35, 18, 49, 21, 30, 19, 16, 29, 48, 34, 7, 12, 1]"
265,50,10,0.5,0.0,0.7,2273,1932.55,1768,2097,69.62,14.98,0.0313,"[41, 7, 0, 5, 1, 33, 45, 10, 43, 48, 28, 30, 17, 26, 9, 23, 39, 32, 31, 3, 44, 46, 2, 4, 20, 15, 14, 25, 37, 42, 13, 27, 6, 8, 36, 38, 11, 35, 18, 49, 21, 47, 19, 16, 29, 40, 34, 24, 22, 12]","[41, 7, 0, 5, 1, 33, 45, 10, 43, 48, 28, 30, 31, 24, 19, 3, 34, 39, 46, 14, 20, 23, 2, 4, 32, 15, 17, 25, 37, 42, 13, 27, 11, 21, 35, 16, 40, 6, 44, 12, 9, 38, 36, 47, 29, 8, 18, 49, 26, 22]"
266,10,10,0.8,0.2,0.0,2273,1933.05,1677,2105,117.48,14.96,0.0062,"[41, 7, 0, 5, 1, 33, 45, 10, 43, 48, 28, 30, 17, 26, 9, 23, 39, 32, 31, 3, 44, 46, 2, 4, 20, 15, 14, 25, 37, 42, 13, 27, 6, 8, 36, 38, 11, 35, 18, 49, 21, 47, 19, 16, 29, 40, 34, 24, 22, 12]","[41, 7, 0, 5, 1, 33, 45, 16, 20, 24, 14, 46, 39, 21, 31, 15, 26, 34, 36, 2, 6, 11, 42, 35, 30, 44, 38, 48, 32, 8, 29, 12, 4, 3, 47, 10, 40, 43, 25, 27, 9, 17, 23, 37, 49, 28, 19, 18, 13, 22]"
267,10,10,0.5,0.2,0.0,2273,1937.3,1749,2092,103.46,14.77,0.0062,"[41, 7, 0, 5, 1, 33, 45, 10, 43, 48, 28, 30, 17, 26, 9, 23, 39, 32, 31, 3, 44, 46, 2, 4, 20, 15, 14, 25, 37, 42, 13, 27, 6, 8, 36, 38, 11, 35, 18, 49, 21, 47, 19, 16, 29, 40, 34, 24, 22, 12]","[41, 7, 0, 5, 1, 33, 45, 38, 43, 48, 28, 30, 10, 26, 9, 23, 39, 13, 46, 25, 44, 37, 2, 4, 20, 31, 24, 34, 47, 42, 32, 27, 6, 8, 36, 17, 11, 35, 18, 49, 14, 3, 19, 16, 12, 15, 29, 21, 40, 22]"
268,10,10,0.5,0.2,0.7,2273,1937.8,1715,2151,117.72,14.75,0.0062,"[41, 7, 0, 5, 1, 33, 45, 10, 43, 48, 28, 30, 17, 26, 9, 23, 39, 32, 31, 3, 44, 46, 2, 4, 20, 15, 14, 25, 37, 42, 13, 27, 6, 8, 36, 38, 11, 35, 18, 49, 21, 47, 19, 16, 29, 40, 34, 24, 22, 12]","[41, 7, 0, 5, 1, 33, 45, 38, 43, 31, 28, 30, 17, 26, 9, 23, 39, 32, 48, 3, 44, 46, 2, 4, 20, 15, 14, 25, 37, 42, 13, 27, 6, 8, 36, 10, 11, 35, 18, 49, 21, 47, 19, 16, 24, 12, 40, 29, 34, 22]"
269,100,50,0.2,0.0,0.0,2273,1944.25,1744,2099,123.05,14.46,0.2963,"[41, 7, 0, 5, 1, 33, 45, 10, 43, 48, 28, 30, 17, 26, 9, 23, 39, 32, 31, 3, 44, 46, 2, 4, 20, 15, 14, 25, 37, 42, 13, 27, 6, 8, 36, 38, 11, 35, 18, 49, 21, 47, 19, 16, 29, 40, 34, 24, 22, 12]","[12, 31, 40, 6, 26, 45, 21, 41, 42, 35, 25, 2, 17, 19, 29, 11, 47, 34, 9, 24, 33, 22, 1, 28, 13, 20, 36, 14, 38, 44, 16, 48, 32, 15, 8, 4, 5, 43, 23, 37, 0, 49, 27, 30, 10, 7, 39, 3, 18, 46]"
270,100,100,0.2,0.0,0.0,2273,1944.25,1744,2099,123.05,14.46,0.7699,"[41, 7, 0, 5, 1, 33, 45, 10, 43, 48, 28, 30, 17, 26, 9, 23, 39, 32, 31, 3, 44, 46, 2, 4, 20, 15, 14, 25, 37, 42, 13, 27, 6, 8, 36, 38, 11, 35, 18, 49, 21, 47, 19, 16, 29, 40, 34, 24, 22, 12]","[12, 31, 40, 6, 26, 45, 21, 41, 42, 35, 25, 2, 17, 19, 29, 11, 47, 34, 9, 24, 33, 22, 1, 28, 13, 20, 36, 14, 38, 44, 16, 48, 32, 15, 8, 4, 5, 43, 23, 37, 0, 49, 27, 30, 10, 7, 39, 3, 18, 46]"
271,100,200,0.2,0.0,0.0,2273,1944.25,1744,2099,123.05,14.46,1.7064,"[41, 7, 0, 5, 1, 33, 45, 10, 43, 48, 28, 30, 17, 26, 9, 23, 39, 32, 31, 3, 44, 46, 2, 4, 20, 15, 14, 25, 37, 42, 13, 27, 6, 8, 36, 38, 11, 35, 18, 49, 21, 47, 19, 16, 29, 40, 34, 24, 22, 12]","[12, 31, 40, 6, 26, 45, 21, 41, 42, 35, 25, 2, 17, 19, 29, 11, 47, 34, 9, 24, 33, 22, 1, 28, 13, 20, 36, 14, 38, 44, 16, 48, 32, 15, 8, 4, 5, 43, 23, 37, 0, 49, 27, 30, 10, 7, 39, 3, 18, 46]"
272,10,10,0.2,0.2,0.0,2273,1960.4,1851,2119,68.53,13.75,0.0061,"[41, 7, 0, 5, 1, 33, 45, 10, 43, 48, 28, 30, 17, 26, 9, 23, 39, 32, 31, 3, 44, 46, 2, 4, 20, 15, 14, 25, 37, 42, 13, 27, 6, 8, 36, 38, 11, 35, 18, 49, 21, 47, 19, 16, 29, 40, 34, 24, 22, 12]","[41, 7, 0, 5, 1, 33, 45, 26, 43, 48, 28, 30, 17, 10, 9, 23, 39, 32, 42, 3, 44, 46, 2, 4, 20, 15, 14, 25, 37, 31, 13, 27, 6, 8, 36, 38, 11, 35, 18, 49, 21, 47, 22, 16, 34, 29, 24, 12, 40, 19]"
273,10,10,0.2,0.2,0.1,2273,1964.65,1841,2097,71.88,13.57,0.0062,"[41, 7, 0, 5, 1, 33, 45, 10, 43, 48, 28, 30, 17, 26, 9, 23, 39, 32, 31, 3, 44, 46, 2, 4, 20, 15, 14, 25, 37, 42, 13, 27, 6, 8, 36, 38, 11, 35, 18, 49, 21, 47, 19, 16, 29, 40, 34, 24, 22, 12]","[41, 7, 0, 5, 1, 33, 45, 26, 43, 48, 28, 30, 17, 10, 9, 23, 39, 32, 42, 3, 44, 46, 2, 4, 20, 15, 14, 25, 37, 31, 13, 27, 6, 8, 36, 38, 11, 35, 18, 49, 21, 47, 22, 16, 34, 29, 24, 12, 40, 19]"
274,10,10,0.5,0.2,0.1,2273,1965.05,1754,2066,74.68,13.55,0.0061,"[41, 7, 0, 5, 1, 33, 45, 10, 43, 48, 28, 30, 17, 26, 9, 23, 39, 32, 31, 3, 44, 46, 2, 4, 20, 15, 14, 25, 37, 42, 13, 27, 6, 8, 36, 38, 11, 35, 18, 49, 21, 47, 19, 16, 29, 40, 34, 24, 22, 12]","[41, 7, 0, 5, 1, 33, 45, 42, 43, 48, 28, 30, 17, 26, 9, 23, 39, 32, 46, 19, 20, 44, 38, 4, 21, 36, 31, 29, 24, 49, 11, 27, 8, 16, 34, 13, 14, 3, 40, 2, 12, 35, 18, 37, 47, 25, 6, 10, 15, 22]"
275,100,10,0.2,0.0,0.0,2273,1967.75,1803,2099,95.89,13.43,0.0625,"[41, 7, 0, 5, 1, 33, 45, 10, 43, 48, 28, 30, 17, 26, 9, 23, 39, 32, 31, 3, 44, 46, 2, 4, 20, 15, 14, 25, 37, 42, 13, 27, 6, 8, 36, 38, 11, 35, 18, 49, 21, 47, 19, 16, 29, 40, 34, 24, 22, 12]","[12, 31, 40, 6, 26, 45, 21, 41, 42, 35, 25, 2, 17, 19, 29, 11, 47, 34, 9, 24, 33, 22, 1, 28, 13, 20, 36, 14, 38, 44, 16, 48, 32, 15, 8, 4, 5, 43, 23, 37, 0, 49, 27, 30, 10, 7, 39, 3, 18, 46]"
276,50,50,0.2,0.0,0.0,2273,1975.1,1662,2180,136.97,13.11,0.1631,"[41, 7, 0, 5, 1, 33, 45, 10, 43, 48, 28, 30, 17, 26, 9, 23, 39, 32, 31, 3, 44, 46, 2, 4, 20, 15, 14, 25, 37, 42, 13, 27, 6, 8, 36, 38, 11, 35, 18, 49, 21, 47, 19, 16, 29, 40, 34, 24, 22, 12]","[41, 7, 0, 5, 1, 37, 47, 24, 20, 10, 33, 46, 39, 21, 9, 23, 17, 32, 31, 3, 44, 43, 2, 4, 45, 15, 14, 25, 26, 42, 13, 27, 6, 8, 36, 38, 11, 35, 18, 49, 28, 48, 19, 16, 29, 40, 34, 30, 22, 12]"
277,50,100,0.2,0.0,0.0,2273,1975.1,1662,2180,136.97,13.11,0.2921,"[41, 7, 0, 5, 1, 33, 45, 10, 43, 48, 28, 30, 17, 26, 9, 23, 39, 32, 31, 3, 44, 46, 2, 4, 20, 15, 14, 25, 37, 42, 13, 27, 6, 8, 36, 38, 11, 35, 18, 49, 21, 47, 19, 16, 29, 40, 34, 24, 22, 12]","[41, 7, 0, 5, 1, 37, 47, 24, 20, 10, 33, 46, 39, 21, 9, 23, 17, 32, 31, 3, 44, 43, 2, 4, 45, 15, 14, 25, 26, 42, 13, 27, 6, 8, 36, 38, 11, 35, 18, 49, 28, 48, 19, 16, 29, 40, 34, 30, 22, 12]"
278,50,200,0.2,0.0,0.0,2273,1975.1,1662,2180,136.97,13.11,0.5888,"[41, 7, 0, 5, 1, 33, 45, 10, 43, 48, 28, 30, 17, 26, 9, 23, 39, 32, 31, 3, 44, 46, 2, 4, 20, 15, 14, 25, 37, 42, 13, 27, 6, 8, 36, 38, 11, 35, 18, 49, 21, 47, 19, 16, 29, 40, 34, 24, 22, 12]","[41, 7, 0, 5, 1, 37, 47, 24, 20, 10, 33, 46, 39, 21, 9, 23, 17, 32, 31, 3, 44, 43, 2, 4, 45, 15, 14, 25, 26, 42, 13, 27, 6, 8, 36, 38, 11, 35, 18, 49, 28, 48, 19, 16, 29, 40, 34, 30, 22, 12]"
279,50,50,0.2,0.0,0.7,2273,1980.75,1551,2151,143.92,12.86,0.1627,"[41, 7, 0, 5, 1, 33, 45, 10, 43, 48, 28, 30, 17, 26, 9, 23, 39, 32, 31, 3, 44, 46, 2, 4, 20, 15, 14, 25, 37, 42, 13, 27, 6, 8, 36, 38, 11, 35, 18, 49, 21, 47, 19, 16, 29, 40, 34, 24, 22, 12]","[41, 7, 0, 5, 1, 37, 47, 24, 20, 10, 33, 46, 39, 21, 31, 15, 26, 34, 36, 2, 6, 11, 42, 35, 30, 44, 38, 12, 32, 8, 29, 27, 4, 3, 48, 16, 40, 43, 25, 14, 9, 17, 23, 45, 19, 28, 18, 49, 13, 22]"
280,50,100,0.2,0.0,0.7,2273,1980.75,1551,2151,143.92,12.86,0.2911,"[41, 7, 0, 5, 1, 33, 45, 10, 43, 48, 28, 30, 17, 26, 9, 23, 39, 32, 31, 3, 44, 46, 2, 4, 20, 15, 14, 25, 37, 42, 13, 27, 6, 8, 36, 38, 11, 35, 18, 49, 21, 47, 19, 16, 29, 40, 34, 24, 22, 12]","[41, 7, 0, 5, 1, 37, 47, 24, 20, 10, 33, 46, 39, 21, 31, 15, 26, 34, 36, 2, 6, 11, 42, 35, 30, 44, 38, 12, 32, 8, 29, 27, 4, 3, 48, 16, 40, 43, 25, 14, 9, 17, 23, 45, 19, 28, 18, 49, 13, 22]"
281,50,200,0.2,0.0,0.7,2273,1980.75,1551,2151,143.92,12.86,0.5872,"[41, 7, 0, 5, 1, 33, 45, 10, 43, 48, 28, 30, 17, 26, 9, 23, 39, 32, 31, 3, 44, 46, 2, 4, 20, 15, 14, 25, 37, 42, 13, 27, 6, 8, 36, 38, 11, 35, 18, 49, 21, 47, 19, 16, 29, 40, 34, 24, 22, 12]","[41, 7, 0, 5, 1, 37, 47, 24, 20, 10, 33, 46, 39, 21, 31, 15, 26, 34, 36, 2, 6, 11, 42, 35, 30, 44, 38, 12, 32, 8, 29, 27, 4, 3, 48, 16, 40, 43, 25, 14, 9, 17, 23, 45, 19, 28, 18, 49, 13, 22]"
282,10,10,0.2,0.2,0.7,2273,1992.35,1800,2158,76.89,12.35,0.0061,"[41, 7, 0, 5, 1, 33, 45, 10, 43, 48, 28, 30, 17, 26, 9, 23, 39, 32, 31, 3, 44, 46, 2, 4, 20, 15, 14, 25, 37, 42, 13, 27, 6, 8, 36, 38, 11, 35, 18, 49, 21, 47, 19, 16, 29, 40, 34, 24, 22, 12]","[41, 7, 0, 5, 1, 33, 45, 26, 43, 48, 28, 30, 17, 10, 9, 23, 39, 32, 42, 3, 44, 46, 2, 4, 20, 15, 14, 25, 37, 31, 13, 27, 6, 8, 36, 38, 11, 35, 18, 49, 21, 47, 22, 16, 34, 29, 24, 12, 40, 19]"
283,50,10,0.2,0.0,0.0,2273,1995.7,1772,2180,112.71,12.2,0.0306,"[41, 7, 0, 5, 1, 33, 45, 10, 43, 48, 28, 30, 17, 26, 9, 23, 39, 32, 31, 3, 44, 46, 2, 4, 20, 15, 14, 25, 37, 42, 13, 27, 6, 8, 36, 38, 11, 35, 18, 49, 21, 47, 19, 16, 29, 40, 34, 24, 22, 12]","[41, 7, 0, 5, 1, 37, 47, 24, 20, 10, 33, 46, 39, 21, 9, 23, 17, 32, 31, 3, 44, 43, 2, 4, 45, 15, 14, 25, 26, 42, 13, 27, 6, 8, 36, 38, 11, 35, 18, 49, 28, 48, 19, 16, 29, 40, 34, 30, 22, 12]"
284,50,10,0.2,0.0,0.7,2273,1999.85,1551,2151,130.56,12.02,0.0308,"[41, 7, 0, 5, 1, 33, 45, 10, 43, 48, 28, 30, 17, 26, 9, 23, 39, 32, 31, 3, 44, 46, 2, 4, 20, 15, 14, 25, 37, 42, 13, 27, 6, 8, 36, 38, 11, 35, 18, 49, 21, 47, 19, 16, 29, 40, 34, 24, 22, 12]","[41, 7, 0, 5, 1, 37, 47, 24, 20, 10, 33, 46, 39, 21, 31, 15, 26, 34, 36, 2, 6, 11, 42, 35, 30, 44, 38, 12, 32, 8, 29, 27, 4, 3, 48, 16, 40, 43, 25, 14, 9, 17, 23, 45, 19, 28, 18, 49, 13, 22]"
285,50,50,0.2,0.0,0.1,2273,2011.1,1703,2273,124.95,11.52,0.1624,"[41, 7, 0, 5, 1, 33, 45, 10, 43, 48, 28, 30, 17, 26, 9, 23, 39, 32, 31, 3, 44, 46, 2, 4, 20, 15, 14, 25, 37, 42, 13, 27, 6, 8, 36, 38, 11, 35, 18, 49, 21, 47, 19, 16, 29, 40, 34, 24, 22, 12]","[41, 7, 0, 5, 1, 33, 45, 10, 43, 48, 14, 23, 42, 11, 19, 3, 34, 30, 46, 38, 20, 44, 32, 4, 21, 36, 39, 6, 24, 49, 31, 28, 8, 16, 22, 26, 40, 25, 13, 2, 12, 35, 18, 37, 29, 9, 15, 17, 47, 27]"
286,50,100,0.2,0.0,0.1,2273,2011.1,1703,2273,124.95,11.52,0.2909,"[41, 7, 0, 5, 1, 33, 45, 10, 43, 48, 28, 30, 17, 26, 9, 23, 39, 32, 31, 3, 44, 46, 2, 4, 20, 15, 14, 25, 37, 42, 13, 27, 6, 8, 36, 38, 11, 35, 18, 49, 21, 47, 19, 16, 29, 40, 34, 24, 22, 12]","[41, 7, 0, 5, 1, 33, 45, 10, 43, 48, 14, 23, 42, 11, 19, 3, 34, 30, 46, 38, 20, 44, 32, 4, 21, 36, 39, 6, 24, 49, 31, 28, 8, 16, 22, 26, 40, 25, 13, 2, 12, 35, 18, 37, 29, 9, 15, 17, 47, 27]"
287,50,200,0.2,0.0,0.1,2273,2011.1,1703,2273,124.95,11.52,0.5912,"[41, 7, 0, 5, 1, 33, 45, 10, 43, 48, 28, 30, 17, 26, 9, 23, 39, 32, 31, 3, 44, 46, 2, 4, 20, 15, 14, 25, 37, 42, 13, 27, 6, 8, 36, 38, 11, 35, 18, 49, 21, 47, 19, 16, 29, 40, 34, 24, 22, 12]","[41, 7, 0, 5, 1, 33, 45, 10, 43, 48, 14, 23, 42, 11, 19, 3, 34, 30, 46, 38, 20, 44, 32, 4, 21, 36, 39, 6, 24, 49, 31, 28, 8, 16, 22, 26, 40, 25, 13, 2, 12, 35, 18, 37, 29, 9, 15, 17, 47, 27]"
288,50,10,0.2,0.0,0.1,2273,2012.05,1703,2273,124.88,11.48,0.0333,"[41, 7, 0, 5, 1, 33, 45, 10, 43, 48, 28, 30, 17, 26, 9, 23, 39, 32, 31, 3, 44, 46, 2, 4, 20, 15, 14, 25, 37, 42, 13, 27, 6, 8, 36, 38, 11, 35, 18, 49, 21, 47, 19, 16, 29, 40, 34, 24, 22, 12]","[41, 7, 0, 5, 1, 33, 45, 10, 43, 48, 14, 23, 42, 11, 19, 3, 34, 30, 46, 38, 20, 44, 32, 4, 21, 36, 39, 6, 24, 49, 31, 28, 8, 16, 22, 26, 40, 25, 13, 2, 12, 35, 18, 37, 29, 9, 15, 17, 47, 27]"
289,10,10,0.8,0.0,0.7,2273,2056.1,1903,2181,80.74,9.54,0.0061,"[41, 7, 0, 5, 1, 33, 45, 10, 43, 48, 28, 30, 17, 26, 9, 23, 39, 32, 31, 3, 44, 46, 2, 4, 20, 15, 14, 25, 37, 42, 13, 27, 6, 8, 36, 38, 11, 35, 18, 49, 21, 47, 19, 16, 29, 40, 34, 24, 22, 12]","[41, 7, 0, 5, 1, 33, 45, 10, 43, 48, 28, 30, 17, 26, 9, 23, 39, 32, 31, 3, 44, 46, 2, 4, 20, 15, 14, 25, 37, 42, 13, 27, 6, 8, 36, 38, 11, 35, 18, 49, 21, 47, 19, 16, 34, 40, 29, 24, 12, 22]"
290,10,50,0.8,0.0,0.7,2273,2056.1,1903,2181,80.74,9.54,0.0299,"[41, 7, 0, 5, 1, 33, 45, 10, 43, 48, 28, 30, 17, 26, 9, 23, 39, 32, 31, 3, 44, 46, 2, 4, 20, 15, 14, 25, 37, 42, 13, 27, 6, 8, 36, 38, 11, 35, 18, 49, 21, 47, 19, 16, 29, 40, 34, 24, 22, 12]","[41, 7, 0, 5, 1, 33, 45, 10, 43, 48, 28, 30, 17, 26, 9, 23, 39, 32, 31, 3, 44, 46, 2, 4, 20, 15, 14, 25, 37, 42, 13, 27, 6, 8, 36, 38, 11, 35, 18, 49, 21, 47, 19, 16, 34, 40, 29, 24, 12, 22]"
291,10,100,0.8,0.0,0.7,2273,2056.1,1903,2181,80.74,9.54,0.066,"[41, 7, 0, 5, 1, 33, 45, 10, 43, 48, 28, 30, 17, 26, 9, 23, 39, 32, 31, 3, 44, 46, 2, 4, 20, 15, 14, 25, 37, 42, 13, 27, 6, 8, 36, 38, 11, 35, 18, 49, 21, 47, 19, 16, 29, 40, 34, 24, 22, 12]","[41, 7, 0, 5, 1, 33, 45, 10, 43, 48, 28, 30, 17, 26, 9, 23, 39, 32, 31, 3, 44, 46, 2, 4, 20, 15, 14, 25, 37, 42, 13, 27, 6, 8, 36, 38, 11, 35, 18, 49, 21, 47, 19, 16, 34, 40, 29, 24, 12, 22]"
292,10,200,0.8,0.0,0.7,2273,2056.1,1903,2181,80.74,9.54,0.1259,"[41, 7, 0, 5, 1, 33, 45, 10, 43, 48, 28, 30, 17, 26, 9, 23, 39, 32, 31, 3, 44, 46, 2, 4, 20, 15, 14, 25, 37, 42, 13, 27, 6, 8, 36, 38, 11, 35, 18, 49, 21, 47, 19, 16, 29, 40, 34, 24, 22, 12]","[41, 7, 0, 5, 1, 33, 45, 10, 43, 48, 28, 30, 17, 26, 9, 23, 39, 32, 31, 3, 44, 46, 2, 4, 20, 15, 14, 25, 37, 42, 13, 27, 6, 8, 36, 38, 11, 35, 18, 49, 21, 47, 19, 16, 34, 40, 29, 24, 12, 22]"
293,10,10,0.8,0.0,0.1,2273,2056.7,1829,2209,117.15,9.52,0.0061,"[41, 7, 0, 5, 1, 33, 45, 10, 43, 48, 28, 30, 17, 26, 9, 23, 39, 32, 31, 3, 44, 46, 2, 4, 20, 15, 14, 25, 37, 42, 13, 27, 6, 8, 36, 38, 11, 35, 18, 49, 21, 47, 19, 16, 29, 40, 34, 24, 22, 12]","[41, 7, 0, 5, 1, 33, 45, 10, 43, 48, 28, 30, 17, 26, 9, 23, 39, 32, 31, 3, 44, 46, 2, 4, 20, 15, 14, 25, 37, 42, 13, 27, 6, 8, 36, 38, 11, 35, 18, 49, 21, 47, 34, 29, 16, 22, 19, 12, 40, 24]"
294,10,50,0.8,0.0,0.1,2273,2056.7,1829,2209,117.15,9.52,0.03,"[41, 7, 0, 5, 1, 33, 45, 10, 43, 48, 28, 30, 17, 26, 9, 23, 39, 32, 31, 3, 44, 46, 2, 4, 20, 15, 14, 25, 37, 42, 13, 27, 6, 8, 36, 38, 11, 35, 18, 49, 21, 47, 19, 16, 29, 40, 34, 24, 22, 12]","[41, 7, 0, 5, 1, 33, 45, 10, 43, 48, 28, 30, 17, 26, 9, 23, 39, 32, 31, 3, 44, 46, 2, 4, 20, 15, 14, 25, 37, 42, 13, 27, 6, 8, 36, 38, 11, 35, 18, 49, 21, 47, 34, 29, 16, 22, 19, 12, 40, 24]"
295,10,100,0.8,0.0,0.1,2273,2056.7,1829,2209,117.15,9.52,0.0661,"[41, 7, 0, 5, 1, 33, 45, 10, 43, 48, 28, 30, 17, 26, 9, 23, 39, 32, 31, 3, 44, 46, 2, 4, 20, 15, 14, 25, 37, 42, 13, 27, 6, 8, 36, 38, 11, 35, 18, 49, 21, 47, 19, 16, 29, 40, 34, 24, 22, 12]","[41, 7, 0, 5, 1, 33, 45, 10, 43, 48, 28, 30, 17, 26, 9, 23, 39, 32, 31, 3, 44, 46, 2, 4, 20, 15, 14, 25, 37, 42, 13, 27, 6, 8, 36, 38, 11, 35, 18, 49, 21, 47, 34, 29, 16, 22, 19, 12, 40, 24]"
296,10,200,0.8,0.0,0.1,2273,2056.7,1829,2209,117.15,9.52,0.128,"[41, 7, 0, 5, 1, 33, 45, 10, 43, 48, 28, 30, 17, 26, 9, 23, 39, 32, 31, 3, 44, 46, 2, 4, 20, 15, 14, 25, 37, 42, 13, 27, 6, 8, 36, 38, 11, 35, 18, 49, 21, 47, 19, 16, 29, 40, 34, 24, 22, 12]","[41, 7, 0, 5, 1, 33, 45, 10, 43, 48, 28, 30, 17, 26, 9, 23, 39, 32, 31, 3, 44, 46, 2, 4, 20, 15, 14, 25, 37, 42, 13, 27, 6, 8, 36, 38, 11, 35, 18, 49, 21, 47, 34, 29, 16, 22, 19, 12, 40, 24]"
297,10,10,0.8,0.0,0.0,2273,2069.35,1768,2315,122.88,8.96,0.0061,"[41, 7, 0, 5, 1, 33, 45, 10, 43, 48, 28, 30, 17, 26, 9, 23, 39, 32, 31, 3, 44, 46, 2, 4, 20, 15, 14, 25, 37, 42, 13, 27, 6, 8, 36, 38, 11, 35, 18, 49, 21, 47, 19, 16, 29, 40, 34, 24, 22, 12]","[41, 7, 0, 5, 1, 33, 45, 10, 43, 48, 28, 30, 42, 11, 19, 3, 34, 40, 46, 39, 20, 44, 32, 4, 21, 36, 31, 6, 24, 49, 22, 25, 14, 8, 15, 38, 9, 35, 18, 26, 17, 47, 23, 29, 16, 2, 27, 12, 13, 37]"
298,10,50,0.8,0.0,0.0,2273,2069.35,1768,2315,122.88,8.96,0.0301,"[41, 7, 0, 5, 1, 33, 45, 10, 43, 48, 28, 30, 17, 26, 9, 23, 39, 32, 31, 3, 44, 46, 2, 4, 20, 15, 14, 25, 37, 42, 13, 27, 6, 8, 36, 38, 11, 35, 18, 49, 21, 47, 19, 16, 29, 40, 34, 24, 22, 12]","[41, 7, 0, 5, 1, 33, 45, 10, 43, 48, 28, 30, 42, 11, 19, 3, 34, 40, 46, 39, 20, 44, 32, 4, 21, 36, 31, 6, 24, 49, 22, 25, 14, 8, 15, 38, 9, 35, 18, 26, 17, 47, 23, 29, 16, 2, 27, 12, 13, 37]"
299,10,100,0.8,0.0,0.0,2273,2069.35,1768,2315,122.88,8.96,0.0659,"[41, 7, 0, 5, 1, 33, 45, 10, 43, 48, 28, 30, 17, 26, 9, 23, 39, 32, 31, 3, 44, 46, 2, 4, 20, 15, 14, 25, 37, 42, 13, 27, 6, 8, 36, 38, 11, 35, 18, 49, 21, 47, 19, 16, 29, 40, 34, 24, 22, 12]","[41, 7, 0, 5, 1, 33, 45, 10, 43, 48, 28, 30, 42, 11, 19, 3, 34, 40, 46, 39, 20, 44, 32, 4, 21, 36, 31, 6, 24, 49, 22, 25, 14, 8, 15, 38, 9, 35, 18, 26, 17, 47, 23, 29, 16, 2, 27, 12, 13, 37]"
300,10,200,0.8,0.0,0.0,2273,2069.35,1768,2315,122.88,8.96,0.1222,"[41, 7, 0, 5, 1, 33, 45, 10, 43, 48, 28, 30, 17, 26, 9, 23, 39, 32, 31, 3, 44, 46, 2, 4, 20, 15, 14, 25, 37, 42, 13, 27, 6, 8, 36, 38, 11, 35, 18, 49, 21, 47, 19, 16, 29, 40, 34, 24, 22, 12]","[41, 7, 0, 5, 1, 33, 45, 10, 43, 48, 28, 30, 42, 11, 19, 3, 34, 40, 46, 39, 20, 44, 32, 4, 21, 36, 31, 6, 24, 49, 22, 25, 14, 8, 15, 38, 9, 35, 18, 26, 17, 47, 23, 29, 16, 2, 27, 12, 13, 37]"
301,10,10,0.5,0.0,0.7,2273,2093.25,1852,2273,115.23,7.91,0.0061,"[41, 7, 0, 5, 1, 33, 45, 10, 43, 48, 28, 30, 17, 26, 9, 23, 39, 32, 31, 3, 44, 46, 2, 4, 20, 15, 14, 25, 37, 42, 13, 27, 6, 8, 36, 38, 11, 35, 18, 49, 21, 47, 19, 16, 29, 40, 34, 24, 22, 12]","[41, 7, 0, 5, 1, 33, 45, 10, 43, 48, 14, 23, 42, 11, 19, 3, 34, 30, 46, 40, 20, 44, 32, 4, 21, 36, 13, 6, 24, 49, 31, 28, 8, 16, 15, 39, 27, 38, 26, 22, 25, 35, 18, 37, 9, 12, 47, 17, 29, 2]"
302,10,50,0.5,0.0,0.7,2273,2093.25,1852,2273,115.23,7.91,0.0295,"[41, 7, 0, 5, 1, 33, 45, 10, 43, 48, 28, 30, 17, 26, 9, 23, 39, 32, 31, 3, 44, 46, 2, 4, 20, 15, 14, 25, 37, 42, 13, 27, 6, 8, 36, 38, 11, 35, 18, 49, 21, 47, 19, 16, 29, 40, 34, 24, 22, 12]","[41, 7, 0, 5, 1, 33, 45, 10, 43, 48, 14, 23, 42, 11, 19, 3, 34, 30, 46, 40, 20, 44, 32, 4, 21, 36, 13, 6, 24, 49, 31, 28, 8, 16, 15, 39, 27, 38, 26, 22, 25, 35, 18, 37, 9, 12, 47, 17, 29, 2]"
303,10,100,0.5,0.0,0.7,2273,2093.25,1852,2273,115.23,7.91,0.0654,"[41, 7, 0, 5, 1, 33, 45, 10, 43, 48, 28, 30, 17, 26, 9, 23, 39, 32, 31, 3, 44, 46, 2, 4, 20, 15, 14, 25, 37, 42, 13, 27, 6, 8, 36, 38, 11, 35, 18, 49, 21, 47, 19, 16, 29, 40, 34, 24, 22, 12]","[41, 7, 0, 5, 1, 33, 45, 10, 43, 48, 14, 23, 42, 11, 19, 3, 34, 30, 46, 40, 20, 44, 32, 4, 21, 36, 13, 6, 24, 49, 31, 28, 8, 16, 15, 39, 27, 38, 26, 22, 25, 35, 18, 37, 9, 12, 47, 17, 29, 2]"
304,10,200,0.5,0.0,0.7,2273,2093.25,1852,2273,115.23,7.91,0.1208,"[41, 7, 0, 5, 1, 33, 45, 10, 43, 48, 28, 30, 17, 26, 9, 23, 39, 32, 31, 3, 44, 46, 2, 4, 20, 15, 14, 25, 37, 42, 13, 27, 6, 8, 36, 38, 11, 35, 18, 49, 21, 47, 19, 16, 29, 40, 34, 24, 22, 12]","[41, 7, 0, 5, 1, 33, 45, 10, 43, 48, 14, 23, 42, 11, 19, 3, 34, 30, 46, 40, 20, 44, 32, 4, 21, 36, 13, 6, 24, 49, 31, 28, 8, 16, 15, 39, 27, 38, 26, 22, 25, 35, 18, 37, 9, 12, 47, 17, 29, 2]"
305,10,10,0.5,0.0,0.0,2273,2102.25,1857,2273,110.29,7.51,0.0062,"[41, 7, 0, 5, 1, 33, 45, 10, 43, 48, 28, 30, 17, 26, 9, 23, 39, 32, 31, 3, 44, 46, 2, 4, 20, 15, 14, 25, 37, 42, 13, 27, 6, 8, 36, 38, 11, 35, 18, 49, 21, 47, 19, 16, 29, 40, 34, 24, 22, 12]","[41, 7, 0, 5, 1, 38, 39, 48, 31, 40, 14, 23, 42, 11, 19, 3, 34, 30, 46, 13, 20, 44, 32, 4, 21, 36, 33, 6, 24, 49, 25, 28, 8, 16, 22, 26, 27, 43, 45, 2, 12, 35, 18, 37, 9, 17, 47, 29, 10, 15]"
306,10,50,0.5,0.0,0.0,2273,2102.25,1857,2273,110.29,7.51,0.0294,"[41, 7, 0, 5, 1, 33, 45, 10, 43, 48, 28, 30, 17, 26, 9, 23, 39, 32, 31, 3, 44, 46, 2, 4, 20, 15, 14, 25, 37, 42, 13, 27, 6, 8, 36, 38, 11, 35, 18, 49, 21, 47, 19, 16, 29, 40, 34, 24, 22, 12]","[41, 7, 0, 5, 1, 38, 39, 48, 31, 40, 14, 23, 42, 11, 19, 3, 34, 30, 46, 13, 20, 44, 32, 4, 21, 36, 33, 6, 24, 49, 25, 28, 8, 16, 22, 26, 27, 43, 45, 2, 12, 35, 18, 37, 9, 17, 47, 29, 10, 15]"
307,10,100,0.5,0.0,0.0,2273,2102.25,1857,2273,110.29,7.51,0.0658,"[41, 7, 0, 5, 1, 33, 45, 10, 43, 48, 28, 30, 17, 26, 9, 23, 39, 32, 31, 3, 44, 46, 2, 4, 20, 15, 14, 25, 37, 42, 13, 27, 6, 8, 36, 38, 11, 35, 18, 49, 21, 47, 19, 16, 29, 40, 34, 24, 22, 12]","[41, 7, 0, 5, 1, 38, 39, 48, 31, 40, 14, 23, 42, 11, 19, 3, 34, 30, 46, 13, 20, 44, 32, 4, 21, 36, 33, 6, 24, 49, 25, 28, 8, 16, 22, 26, 27, 43, 45, 2, 12, 35, 18, 37, 9, 17, 47, 29, 10, 15]"
308,10,200,0.5,0.0,0.0,2273,2102.25,1857,2273,110.29,7.51,0.1206,"[41, 7, 0, 5, 1, 33, 45, 10, 43, 48, 28, 30, 17, 26, 9, 23, 39, 32, 31, 3, 44, 46, 2, 4, 20, 15, 14, 25, 37, 42, 13, 27, 6, 8, 36, 38, 11, 35, 18, 49, 21, 47, 19, 16, 29, 40, 34, 24, 22, 12]","[41, 7, 0, 5, 1, 38, 39, 48, 31, 40, 14, 23, 42, 11, 19, 3, 34, 30, 46, 13, 20, 44, 32, 4, 21, 36, 33, 6, 24, 49, 25, 28, 8, 16, 22, 26, 27, 43, 45, 2, 12, 35, 18, 37, 9, 17, 47, 29, 10, 15]"
309,10,10,0.5,0.0,0.1,2273,2117.15,1830,2273,120.49,6.86,0.0061,"[41, 7, 0, 5, 1, 33, 45, 10, 43, 48, 28, 30, 17, 26, 9, 23, 39, 32, 31, 3, 44, 46, 2, 4, 20, 15, 14, 25, 37, 42, 13, 27, 6, 8, 36, 38, 11, 35, 18, 49, 21, 47, 19, 16, 29, 40, 34, 24, 22, 12]","[41, 7, 0, 5, 1, 33, 45, 10, 43, 48, 28, 23, 42, 11, 19, 3, 34, 30, 46, 27, 20, 44, 32, 4, 21, 36, 25, 6, 24, 49, 40, 39, 8, 16, 22, 26, 13, 38, 31, 2, 12, 35, 18, 37, 9, 14, 47, 17, 29, 15]"
310,10,50,0.5,0.0,0.1,2273,2117.15,1830,2273,120.49,6.86,0.0304,"[41, 7, 0, 5, 1, 33, 45, 10, 43, 48, 28, 30, 17, 26, 9, 23, 39, 32, 31, 3, 44, 46, 2, 4, 20, 15, 14, 25, 37, 42, 13, 27, 6, 8, 36, 38, 11, 35, 18, 49, 21, 47, 19, 16, 29, 40, 34, 24, 22, 12]","[41, 7, 0, 5, 1, 33, 45, 10, 43, 48, 28, 23, 42, 11, 19, 3, 34, 30, 46, 27, 20, 44, 32, 4, 21, 36, 25, 6, 24, 49, 40, 39, 8, 16, 22, 26, 13, 38, 31, 2, 12, 35, 18, 37, 9, 14, 47, 17, 29, 15]"
311,10,100,0.5,0.0,0.1,2273,2117.15,1830,2273,120.49,6.86,0.0653,"[41, 7, 0, 5, 1, 33, 45, 10, 43, 48, 28, 30, 17, 26, 9, 23, 39, 32, 31, 3, 44, 46, 2, 4, 20, 15, 14, 25, 37, 42, 13, 27, 6, 8, 36, 38, 11, 35, 18, 49, 21, 47, 19, 16, 29, 40, 34, 24, 22, 12]","[41, 7, 0, 5, 1, 33, 45, 10, 43, 48, 28, 23, 42, 11, 19, 3, 34, 30, 46, 27, 20, 44, 32, 4, 21, 36, 25, 6, 24, 49, 40, 39, 8, 16, 22, 26, 13, 38, 31, 2, 12, 35, 18, 37, 9, 14, 47, 17, 29, 15]"
312,10,200,0.5,0.0,0.1,2273,2117.15,1830,2273,120.49,6.86,0.1206,"[41, 7, 0, 5, 1, 33, 45, 10, 43, 48, 28, 30, 17, 26, 9, 23, 39, 32, 31, 3, 44, 46, 2, 4, 20, 15, 14, 25, 37, 42, 13, 27, 6, 8, 36, 38, 11, 35, 18, 49, 21, 47, 19, 16, 29, 40, 34, 24, 22, 12]","[41, 7, 0, 5, 1, 33, 45, 10, 43, 48, 28, 23, 42, 11, 19, 3, 34, 30, 46, 27, 20, 44, 32, 4, 21, 36, 25, 6, 24, 49, 40, 39, 8, 16, 22, 26, 13, 38, 31, 2, 12, 35, 18, 37, 9, 14, 47, 17, 29, 15]"
313,10,10,0.2,0.0,0.7,2273,2206.15,1936,2273,92.59,2.94,0.0062,"[41, 7, 0, 5, 1, 33, 45, 10, 43, 48, 28, 30, 17, 26, 9, 23, 39, 32, 31, 3, 44, 46, 2, 4, 20, 15, 14, 25, 37, 42, 13, 27, 6, 8, 36, 38, 11, 35, 18, 49, 21, 47, 19, 16, 29, 40, 34, 24, 22, 12]","[48, 27, 22, 13, 25, 38, 39, 41, 31, 40, 14, 23, 42, 11, 19, 3, 34, 30, 46, 1, 20, 44, 32, 4, 21, 36, 33, 6, 24, 49, 5, 28, 8, 16, 7, 26, 0, 43, 45, 2, 12, 35, 18, 37, 29, 17, 47, 10, 9, 15]"
314,10,50,0.2,0.0,0.7,2273,2206.15,1936,2273,92.59,2.94,0.0286,"[41, 7, 0, 5, 1, 33, 45, 10, 43, 48, 28, 30, 17, 26, 9, 23, 39, 32, 31, 3, 44, 46, 2, 4, 20, 15, 14, 25, 37, 42, 13, 27, 6, 8, 36, 38, 11, 35, 18, 49, 21, 47, 19, 16, 29, 40, 34, 24, 22, 12]","[48, 27, 22, 13, 25, 38, 39, 41, 31, 40, 14, 23, 42, 11, 19, 3, 34, 30, 46, 1, 20, 44, 32, 4, 21, 36, 33, 6, 24, 49, 5, 28, 8, 16, 7, 26, 0, 43, 45, 2, 12, 35, 18, 37, 29, 17, 47, 10, 9, 15]"
315,10,100,0.2,0.0,0.7,2273,2206.15,1936,2273,92.59,2.94,0.0587,"[41, 7, 0, 5, 1, 33, 45, 10, 43, 48, 28, 30, 17, 26, 9, 23, 39, 32, 31, 3, 44, 46, 2, 4, 20, 15, 14, 25, 37, 42, 13, 27, 6, 8, 36, 38, 11, 35, 18, 49, 21, 47, 19, 16, 29, 40, 34, 24, 22, 12]","[48, 27, 22, 13, 25, 38, 39, 41, 31, 40, 14, 23, 42, 11, 19, 3, 34, 30, 46, 1, 20, 44, 32, 4, 21, 36, 33, 6, 24, 49, 5, 28, 8, 16, 7, 26, 0, 43, 45, 2, 12, 35, 18, 37, 29, 17, 47, 10, 9, 15]"
316,10,200,0.2,0.0,0.7,2273,2206.15,1936,2273,92.59,2.94,0.1179,"[41, 7, 0, 5, 1, 33, 45, 10, 43, 48, 28, 30, 17, 26, 9, 23, 39, 32, 31, 3, 44, 46, 2, 4, 20, 15, 14, 25, 37, 42, 13, 27, 6, 8, 36, 38, 11, 35, 18, 49, 21, 47, 19, 16, 29, 40, 34, 24, 22, 12]","[48, 27, 22, 13, 25, 38, 39, 41, 31, 40, 14, 23, 42, 11, 19, 3, 34, 30, 46, 1, 20, 44, 32, 4, 21, 36, 33, 6, 24, 49, 5, 28, 8, 16, 7, 26, 0, 43, 45, 2, 12, 35, 18, 37, 29, 17, 47, 10, 9, 15]"
317,10,10,0.2,0.0,0.1,2273,2208.65,1993,2273,86.03,2.83,0.006,"[41, 7, 0, 5, 1, 33, 45, 10, 43, 48, 28, 30, 17, 26, 9, 23, 39, 32, 31, 3, 44, 46, 2, 4, 20, 15, 14, 25, 37, 42, 13, 27, 6, 8, 36, 38, 11, 35, 18, 49, 21, 47, 19, 16, 29, 40, 34, 24, 22, 12]","[48, 27, 22, 13, 25, 38, 39, 41, 31, 40, 14, 23, 42, 11, 19, 3, 34, 30, 46, 1, 20, 44, 2, 4, 32, 15, 26, 0, 37, 9, 10, 28, 6, 8, 36, 5, 33, 35, 18, 49, 21, 47, 45, 16, 24, 17, 29, 43, 7, 12]"
318,10,50,0.2,0.0,0.1,2273,2208.65,1993,2273,86.03,2.83,0.0292,"[41, 7, 0, 5, 1, 33, 45, 10, 43, 48, 28, 30, 17, 26, 9, 23, 39, 32, 31, 3, 44, 46, 2, 4, 20, 15, 14, 25, 37, 42, 13, 27, 6, 8, 36, 38, 11, 35, 18, 49, 21, 47, 19, 16, 29, 40, 34, 24, 22, 12]","[48, 27, 22, 13, 25, 38, 39, 41, 31, 40, 14, 23, 42, 11, 19, 3, 34, 30, 46, 1, 20, 44, 2, 4, 32, 15, 26, 0, 37, 9, 10, 28, 6, 8, 36, 5, 33, 35, 18, 49, 21, 47, 45, 16, 24, 17, 29, 43, 7, 12]"
319,10,100,0.2,0.0,0.1,2273,2208.65,1993,2273,86.03,2.83,0.0587,"[41, 7, 0, 5, 1, 33, 45, 10, 43, 48, 28, 30, 17, 26, 9, 23, 39, 32, 31, 3, 44, 46, 2, 4, 20, 15, 14, 25, 37, 42, 13, 27, 6, 8, 36, 38, 11, 35, 18, 49, 21, 47, 19, 16, 29, 40, 34, 24, 22, 12]","[48, 27, 22, 13, 25, 38, 39, 41, 31, 40, 14, 23, 42, 11, 19, 3, 34, 30, 46, 1, 20, 44, 2, 4, 32, 15, 26, 0, 37, 9, 10, 28, 6, 8, 36, 5, 33, 35, 18, 49, 21, 47, 45, 16, 24, 17, 29, 43, 7, 12]"
320,10,200,0.2,0.0,0.1,2273,2208.65,1993,2273,86.03,2.83,0.1172,"[41, 7, 0, 5, 1, 33, 45, 10, 43, 48, 28, 30, 17, 26, 9, 23, 39, 32, 31, 3, 44, 46, 2, 4, 20, 15, 14, 25, 37, 42, 13, 27, 6, 8, 36, 38, 11, 35, 18, 49, 21, 47, 19, 16, 29, 40, 34, 24, 22, 12]","[48, 27, 22, 13, 25, 38, 39, 41, 31, 40, 14, 23, 42, 11, 19, 3, 34, 30, 46, 1, 20, 44, 2, 4, 32, 15, 26, 0, 37, 9, 10, 28, 6, 8, 36, 5, 33, 35, 18, 49, 21, 47, 45, 16, 24, 17, 29, 43, 7, 12]"
321,10,10,0.2,0.0,0.0,2273,2213.5,1962,2273,81.13,2.62,0.0062,"[41, 7, 0, 5, 1, 33, 45, 10, 43, 48, 28, 30, 17, 26, 9, 23, 39, 32, 31, 3, 44, 46, 2, 4, 20, 15, 14, 25, 37, 42, 13, 27, 6, 8, 36, 38, 11, 35, 18, 49, 21, 47, 19, 16, 29, 40, 34, 24, 22, 12]","[48, 27, 22, 13, 25, 38, 39, 41, 31, 40, 14, 23, 42, 11, 19, 3, 34, 30, 46, 1, 20, 44, 2, 4, 32, 15, 26, 0, 37, 9, 10, 28, 6, 8, 36, 5, 33, 35, 18, 49, 21, 47, 45, 16, 24, 17, 29, 43, 7, 12]"
322,10,50,0.2,0.0,0.0,2273,2213.5,1962,2273,81.13,2.62,0.0321,"[41, 7, 0, 5, 1, 33, 45, 10, 43, 48, 28, 30, 17, 26, 9, 23, 39, 32, 31, 3, 44, 46, 2, 4, 20, 15, 14, 25, 37, 42, 13, 27, 6, 8, 36, 38, 11, 35, 18, 49, 21, 47, 19, 16, 29, 40, 34, 24, 22, 12]","[48, 27, 22, 13, 25, 38, 39, 41, 31, 40, 14, 23, 42, 11, 19, 3, 34, 30, 46, 1, 20, 44, 2, 4, 32, 15, 26, 0, 37, 9, 10, 28, 6, 8, 36, 5, 33, 35, 18, 49, 21, 47, 45, 16, 24, 17, 29, 43, 7, 12]"
323,10,100,0.2,0.0,0.0,2273,2213.5,1962,2273,81.13,2.62,0.0588,"[41, 7, 0, 5, 1, 33, 45, 10, 43, 48, 28, 30, 17, 26, 9, 23, 39, 32, 31, 3, 44, 46, 2, 4, 20, 15, 14, 25, 37, 42, 13, 27, 6, 8, 36, 38, 11, 35, 18, 49, 21, 47, 19, 16, 29, 40, 34, 24, 22, 12]","[48, 27, 22, 13, 25, 38, 39, 41, 31, 40, 14, 23, 42, 11, 19, 3, 34, 30, 46, 1, 20, 44, 2, 4, 32, 15, 26, 0, 37, 9, 10, 28, 6, 8, 36, 5, 33, 35, 18, 49, 21, 47, 45, 16, 24, 17, 29, 43, 7, 12]"
324,10,200,0.2,0.0,0.0,2273,2213.5,1962,2273,81.13,2.62,0.1315,"[41, 7, 0, 5, 1, 33, 45, 10, 43, 48, 28, 30, 17, 26, 9, 23, 39, 32, 31, 3, 44, 46, 2, 4, 20, 15, 14, 25, 37, 42, 13, 27, 6, 8, 36, 38, 11, 35, 18, 49, 21, 47, 19, 16, 29, 40, 34, 24, 22, 12]","[48, 27, 22, 13, 25, 38, 39, 41, 31, 40, 14, 23, 42, 11, 19, 3, 34, 30, 46, 1, 20, 44, 2, 4, 32, 15, 26, 0, 37, 9, 10, 28, 6, 8, 36, 5, 33, 35, 18, 49, 21, 47, 45, 16, 24, 17, 29, 43, 7, 12]"
